batch,draft,history,layers,seed,standard_us,replay_us,flush_us
16,16,0,1,0,399.3600010871887,484.3519926071167,583.6799740791321
16,16,1,1,0,399.3600010871887,487.42398619651794,585.7279896736145
16,16,2,1,0,399.3600010871887,489.47200179100037,585.7279896736145
16,16,3,1,0,399.3600010871887,488.44799399375916,586.7519974708557
16,16,4,1,0,398.3359932899475,487.42398619651794,585.7279896736145
16,16,5,1,0,400.38400888442993,489.47200179100037,587.7760052680969
16,16,6,1,0,399.3600010871887,489.47200179100037,586.7519974708557
16,16,7,1,0,399.3600010871887,488.44799399375916,585.7279896736145
16,16,8,1,0,399.3600010871887,488.44799399375916,586.7519974708557
16,16,9,1,0,399.3600010871887,491.5199875831604,585.7279896736145
16,16,10,1,0,398.3359932899475,489.47200179100037,586.7519974708557
16,16,11,1,0,399.3600010871887,489.47200179100037,586.7519974708557
16,16,12,1,0,399.3600010871887,490.4960095882416,587.7760052680969
16,16,13,1,0,399.3600010871887,490.4960095882416,585.7279896736145
16,16,14,1,0,399.3600010871887,492.5439953804016,586.7519974708557
16,16,15,1,0,399.3600010871887,490.4960095882416,586.7519974708557
16,16,16,1,0,398.3359932899475,495.61598896980286,585.7279896736145
16,16,17,1,0,400.38400888442993,492.5439953804016,587.7760052680969
16,16,18,1,0,398.3359932899475,490.4960095882416,588.8000130653381
16,16,19,1,0,399.3600010871887,491.5199875831604,589.8240208625793
16,16,20,1,0,399.3600010871887,493.5680031776428,588.8000130653381
16,16,21,1,0,399.3600010871887,492.5439953804016,586.7519974708557
16,16,22,1,0,399.3600010871887,493.5680031776428,588.8000130653381
16,16,23,1,0,399.3600010871887,494.59201097488403,587.7760052680969
16,16,24,1,0,399.3600010871887,493.5680031776428,589.8240208625793
16,16,25,1,0,400.38400888442993,493.5680031776428,588.8000130653381
16,16,26,1,0,400.38400888442993,495.61598896980286,589.8240208625793
16,16,27,1,0,399.3600010871887,494.59201097488403,590.8480286598206
16,16,28,1,0,399.3600010871887,495.61598896980286,590.8480286598206
16,16,29,1,0,399.3600010871887,494.59201097488403,588.8000130653381
16,16,30,1,0,400.38400888442993,498.6880123615265,589.8240208625793
16,16,31,1,0,400.38400888442993,494.59201097488403,590.8480286598206
16,16,32,1,0,399.3600010871887,496.63999676704407,591.871976852417
16,16,33,1,0,399.3600010871887,496.63999676704407,589.8240208625793
16,16,34,1,0,400.38400888442993,498.6880123615265,590.8480286598206
16,16,35,1,0,399.3600010871887,496.63999676704407,589.8240208625793
16,16,36,1,0,399.3600010871887,496.63999676704407,590.8480286598206
16,16,37,1,0,399.3600010871887,495.61598896980286,590.8480286598206
16,16,38,1,0,399.3600010871887,498.6880123615265,589.8240208625793
16,16,39,1,0,400.38400888442993,498.6880123615265,590.8480286598206
16,16,40,1,0,399.3600010871887,499.7119903564453,591.871976852417
16,16,41,1,0,399.3600010871887,500.7359981536865,591.871976852417
16,16,42,1,0,399.3600010871887,501.76000595092773,593.9199924468994
16,16,43,1,0,399.3600010871887,501.76000595092773,592.8959846496582
16,16,44,1,0,399.3600010871887,501.76000595092773,592.8959846496582
16,16,45,1,0,399.3600010871887,499.7119903564453,592.8959846496582
16,16,46,1,0,399.3600010871887,502.78401374816895,593.9199924468994
16,16,47,1,0,399.3600010871887,501.76000595092773,593.9199924468994
16,16,48,1,0,400.38400888442993,503.80802154541016,594.9440002441406
16,16,49,1,0,399.3600010871887,501.76000595092773,595.9680080413818
16,16,50,1,0,399.3600010871887,502.78401374816895,594.9440002441406
16,16,51,1,0,399.3600010871887,500.7359981536865,594.9440002441406
16,16,52,1,0,399.3600010871887,501.76000595092773,595.9680080413818
16,16,53,1,0,398.3359932899475,504.83202934265137,593.9199924468994
16,16,54,1,0,398.3359932899475,504.83202934265137,594.9440002441406
16,16,55,1,0,399.3600010871887,502.78401374816895,595.9680080413818
16,16,56,1,0,399.3600010871887,504.83202934265137,594.9440002441406
16,16,57,1,0,399.3600010871887,503.80802154541016,595.9680080413818
16,16,58,1,0,399.3600010871887,505.8559775352478,596.992015838623
16,16,59,1,0,399.3600010871887,504.83202934265137,595.9680080413818
16,16,60,1,0,398.3359932899475,505.8559775352478,599.0399718284607
16,16,61,1,0,399.3600010871887,504.83202934265137,596.992015838623
16,16,62,1,0,399.3600010871887,503.80802154541016,596.992015838623
16,16,63,1,0,399.3600010871887,506.879985332489,599.0399718284607
16,16,64,1,0,399.3600010871887,505.8559775352478,596.992015838623
16,16,0,30,0,415.57334264119464,488.27733993530273,585.4207992553711
16,16,1,30,0,415.2661323547363,489.47200775146484,585.5914433797201
16,16,2,30,0,415.74398676554364,489.1306559244792,587.1615727742513
16,16,3,30,0,415.57334264119464,489.9157206217448,586.3765080769857
16,16,4,30,0,415.50505956013996,489.7450764973958,586.7520014444987
16,16,5,30,0,416.2218729654948,491.7930603027344,588.151486714681
16,16,6,30,0,415.70987701416016,491.07627868652344,586.9226455688477
16,16,7,30,0,415.70987701416016,491.65652592976886,587.1957143147787
16,16,8,30,0,415.50505956013996,491.7930603027344,587.8101348876953
16,16,9,30,0,415.4368082682292,492.30505625406903,588.151486714681
16,16,10,30,0,415.64159393310547,492.7829424540202,588.2538477579752
16,16,11,30,0,415.50505956013996,493.2949384053548,588.6293411254883
16,16,12,30,0,415.57334264119464,492.91947682698566,589.5509084065756
16,16,13,30,0,415.09545644124347,493.0560111999512,588.6634826660156
16,16,14,30,0,415.57334264119464,493.124262491862,589.2096201578776
16,16,15,30,0,415.57334264119464,491.7930603027344,585.6597264607748
16,16,16,30,0,415.4709180196126,493.9776102701823,589.9605433146158
16,16,17,30,0,415.70987701416016,493.8410758972168,589.7216161092123
16,16,18,30,0,415.5392011006673,494.3872133890788,590.6090418497721
16,16,19,30,0,415.50505956013996,494.79678471883136,590.3701146443685
16,16,20,30,0,415.57334264119464,494.8309262593587,590.6431833902994
16,16,21,30,0,415.6757354736328,494.79678471883136,589.7557576497396
16,16,22,30,0,415.74398676554364,495.854918162028,591.7013168334961
16,16,23,30,0,415.84641138712567,495.61599095662433,591.3258870442709
16,16,24,30,0,415.3685251871745,495.0357437133789,591.3600285847982
16,16,25,30,0,415.50505956013996,494.8992093404134,588.0149205525717
16,16,26,30,0,415.4368082682292,497.6298650105794,592.2133127848307
16,16,27,30,0,415.6757354736328,497.7322578430176,592.5205230712891
16,16,28,30,0,415.5392011006673,496.674124399821,591.8378829956055
16,16,29,30,0,415.6074523925781,498.0394681294759,592.4863815307617
16,16,30,30,0,415.4368082682292,498.34667841593426,593.1008021036783
16,16,31,30,0,415.5392011006673,498.07360967000324,592.5546646118164
16,16,32,30,0,415.74398676554364,499.0634600321452,593.2373046875
16,16,33,30,0,415.50505956013996,499.19999440511066,592.7935918172201
16,16,34,30,0,415.334415435791,499.74613189697266,593.8175837198893
16,16,35,30,0,415.6757354736328,500.1215934753418,594.1930770874023
16,16,36,30,0,415.84641138712567,500.87254842122394,595.0464248657227
16,16,37,30,0,415.5392011006673,500.8384068806966,594.329579671224
16,16,38,30,0,415.4368082682292,500.9749412536621,595.2170689900717
16,16,39,30,0,415.4709180196126,502.0671844482422,595.3877131144205
16,16,40,30,0,415.74398676554364,502.5792121887207,595.1829274495443
16,16,41,30,0,415.57334264119464,502.64746348063153,596.8213399251302
16,16,42,30,0,415.6757354736328,502.2720019022624,596.5824127197266
16,16,43,30,0,415.6074523925781,503.1253178914388,595.8997090657552
16,16,44,30,0,415.6074523925781,503.02292505900067,597.1626917521158
16,16,45,30,0,415.57334264119464,504.08105850219727,597.9818979899088
16,16,46,30,0,415.4709180196126,504.2175928751628,597.6746877034506
16,16,47,30,0,415.6757354736328,504.4565200805664,598.1184005737305
16,16,48,30,0,415.778128306071,505.20747502644855,597.9477564493815
16,16,49,30,0,415.4709180196126,505.0709406534831,598.2549031575521
16,16,50,30,0,415.74398676554364,505.10508219401044,600.4735946655273
16,16,51,30,0,415.64159393310547,505.7194709777832,600.8149464925131
16,16,52,30,0,415.70987701416016,505.9242566426595,601.1221567789713
16,16,53,30,0,415.8805211385091,507.1189244588216,601.361083984375
16,16,54,30,0,415.64159393310547,506.81174596150714,601.2928009033203
16,16,55,30,0,415.6074523925781,506.43625259399414,599.9615987141927
16,16,56,30,0,415.6757354736328,507.0165316263835,601.3952255249023
16,16,57,30,0,415.8122698465983,508.1088066101074,603.0335744222006
16,16,58,30,0,416.11948013305664,507.5285275777181,603.1701405843099
16,16,59,30,0,415.6757354736328,508.1088066101074,601.9413630167643
16,16,60,30,0,415.778128306071,509.2693328857422,602.6240030924479
16,16,61,30,0,416.11948013305664,508.8597297668457,604.9791971842448
16,16,62,30,0,415.70987701416016,509.20108159383136,602.9653549194336
16,16,63,30,0,415.4709180196126,508.8597297668457,603.3066431681315
16,16,64,30,0,415.57334264119464,509.6789360046387,602.2826512654623
16,32,0,1,0,756.7359805107117,7798.783779144287,3510.2720260620117
16,32,1,1,0,758.7839961051941,7796.735763549805,3512.320041656494
16,32,2,1,0,757.7599883079529,7799.808025360107,3510.2720260620117
16,32,3,1,0,758.7839961051941,7796.735763549805,3512.320041656494
16,32,4,1,0,756.7359805107117,7792.640209197998,3512.320041656494
16,32,5,1,0,758.7839961051941,7803.904056549072,3513.3440494537354
16,32,6,1,0,756.7359805107117,7797.760009765625,3503.1039714813232
16,32,7,1,0,758.7839961051941,7798.783779144287,3515.392065048218
16,32,8,1,0,758.7839961051941,7799.808025360107,3507.200002670288
16,32,9,1,0,756.7359805107117,7805.952072143555,3517.4400806427
16,32,10,1,0,756.7359805107117,7801.85604095459,3511.296033859253
16,32,11,1,0,758.7839961051941,7798.783779144287,3511.296033859253
16,32,12,1,0,757.7599883079529,7793.66397857666,3515.392065048218
16,32,13,1,0,757.7599883079529,7796.735763549805,3513.3440494537354
16,32,14,1,0,758.7839961051941,7813.119888305664,3508.2240104675293
16,32,15,1,0,756.7359805107117,7800.8317947387695,3519.4880962371826
16,32,16,1,0,757.7599883079529,7801.85604095459,3514.3680572509766
16,32,17,1,0,757.7599883079529,7788.544178009033,3518.4640884399414
16,32,18,1,0,757.7599883079529,7802.879810333252,3513.3440494537354
16,32,19,1,0,756.7359805107117,7803.904056549072,3517.4400806427
16,32,20,1,0,756.7359805107117,7805.952072143555,3514.3680572509766
16,32,21,1,0,757.7599883079529,7797.760009765625,3514.3680572509766
16,32,22,1,0,756.7359805107117,7793.66397857666,3510.2720260620117
16,32,23,1,0,758.7839961051941,7794.6882247924805,3512.320041656494
16,32,24,1,0,758.7839961051941,7795.711994171143,3516.416072845459
16,32,25,1,0,757.7599883079529,7805.952072143555,3516.416072845459
16,32,26,1,0,756.7359805107117,7804.927825927734,3513.3440494537354
16,32,27,1,0,756.7359805107117,7806.975841522217,3513.3440494537354
16,32,28,1,0,757.7599883079529,7804.927825927734,3513.3440494537354
16,32,29,1,0,758.7839961051941,7805.952072143555,3516.416072845459
16,32,30,1,0,755.7119727134705,7808.000087738037,3512.320041656494
16,32,31,1,0,758.7839961051941,7801.85604095459,3512.320041656494
16,32,32,1,0,756.7359805107117,7804.927825927734,3514.3680572509766
16,32,33,1,0,757.7599883079529,7799.808025360107,3516.416072845459
16,32,34,1,0,757.7599883079529,7811.071872711182,3516.416072845459
16,32,35,1,0,756.7359805107117,7796.735763549805,3518.4640884399414
16,32,36,1,0,757.7599883079529,7797.760009765625,3514.3680572509766
16,32,37,1,0,758.7839961051941,7799.808025360107,3518.4640884399414
16,32,38,1,0,758.7839961051941,7806.975841522217,3520.512104034424
16,32,39,1,0,757.7599883079529,7790.592193603516,3516.416072845459
16,32,40,1,0,757.7599883079529,7805.952072143555,3520.512104034424
16,32,41,1,0,758.7839961051941,7806.975841522217,3517.4400806427
16,32,42,1,0,757.7599883079529,7803.904056549072,3515.392065048218
16,32,43,1,0,756.7359805107117,7794.6882247924805,3526.655912399292
16,32,44,1,0,757.7599883079529,7798.783779144287,3518.4640884399414
16,32,45,1,0,757.7599883079529,7803.904056549072,3517.4400806427
16,32,46,1,0,756.7359805107117,7805.952072143555,3519.4880962371826
16,32,47,1,0,758.7839961051941,7811.071872711182,3518.4640884399414
16,32,48,1,0,757.7599883079529,7802.879810333252,3522.559881210327
16,32,49,1,0,757.7599883079529,7796.735763549805,3515.392065048218
16,32,50,1,0,755.7119727134705,7809.023857116699,3516.416072845459
16,32,51,1,0,756.7359805107117,7813.119888305664,3521.536111831665
16,32,52,1,0,756.7359805107117,7794.6882247924805,3518.4640884399414
16,32,53,1,0,756.7359805107117,7806.975841522217,3525.631904602051
16,32,54,1,0,757.7599883079529,7804.927825927734,3520.512104034424
16,32,55,1,0,757.7599883079529,7805.952072143555,3518.4640884399414
16,32,56,1,0,758.7839961051941,7805.952072143555,3525.631904602051
16,32,57,1,0,756.7359805107117,7808.000087738037,3517.4400806427
16,32,58,1,0,756.7359805107117,7794.6882247924805,3520.512104034424
16,32,59,1,0,756.7359805107117,7806.975841522217,3525.631904602051
16,32,60,1,0,757.7599883079529,7809.023857116699,3522.559881210327
16,32,61,1,0,757.7599883079529,7803.904056549072,3522.559881210327
16,32,62,1,0,758.7839961051941,7808.000087738037,3519.4880962371826
16,32,63,1,0,758.7839961051941,7798.783779144287,3519.4880962371826
16,32,64,1,0,756.7359805107117,7803.904056549072,3519.4880962371826
16,32,0,30,0,783.1210454305013,7798.238118489583,3551.3343811035156
16,32,1,30,0,783.5989634195963,7801.8218994140625,3516.0746256510415
16,32,2,30,0,783.086903889974,7806.020100911458,3549.149831136068
16,32,3,30,0,783.086903889974,7802.5726318359375,3517.8838094075522
16,32,4,30,0,783.4282557169596,7799.3642171223955,3546.5215047200522
16,32,5,30,0,783.3258946736654,7805.439758300781,3515.699259440104
16,32,6,30,0,783.1551869710287,7801.890055338542,3558.3658854166665
16,32,7,30,0,783.4965387980143,7847.08251953125,3516.893768310547
16,32,8,30,0,783.4965387980143,7800.661214192708,3522.7307637532554
16,32,9,30,0,783.4623972574869,7804.5867919921875,3557.6489766438804
16,32,10,30,0,783.6671829223633,7813.0177815755205,3517.5081888834634
16,32,11,30,0,783.4623972574869,7805.0303141276045,3519.9999491373696
16,32,12,30,0,783.4965387980143,7832.405090332031,3516.7574564615884
16,32,13,30,0,784.2133204142252,7809.194437662761,3517.9178873697915
16,32,14,30,0,784.0426762898763,7811.6180419921875,3519.0442403157554
16,32,15,30,0,783.3599726359049,7847.3215738932295,3519.0442403157554
16,32,16,30,0,783.6671829223633,7805.371602376302,3518.395741780599
16,32,17,30,0,783.3941141764323,7818.5129801432295,3522.9695638020835
16,32,18,30,0,783.3258946736654,7812.2324625651045,3523.106129964193
16,32,19,30,0,783.6671829223633,7812.2324625651045,3522.491709391276
16,32,20,30,0,783.6330413818359,7820.629374186198,3568.5376485188804
16,32,21,30,0,784.3157450358073,7823.496500651042,3520.4096476236978
16,32,22,30,0,783.5989634195963,7815.645853678386,3520.5118815104165
16,32,23,30,0,783.564821879069,7814.143880208333,3521.467844645182
16,32,24,30,0,783.7013244628906,7816.9769287109375,3566.8309529622397
16,32,25,30,0,783.018684387207,7809.911600748698,3571.0294087727866
16,32,26,30,0,783.3941141764323,7847.219340006511,3526.4854431152344
16,32,27,30,0,783.086903889974,7851.519775390625,3522.7648417154946
16,32,28,30,0,783.018684387207,7844.2494710286455,3524.061838785807
16,32,29,30,0,783.6671829223633,7810.628255208333,3524.5396931966147
16,32,30,30,0,783.6671829223633,7827.8656005859375,3522.5601196289062
16,32,31,30,0,783.3599726359049,7817.625427246094,3523.2767740885415
16,32,32,30,0,783.5989634195963,7809.706624348958,3526.6560872395835
16,32,33,30,0,783.2917531331381,7811.549886067708,3562.427775065104
16,32,34,30,0,783.3258946736654,7854.3874104817705,3525.017547607422
16,32,35,30,0,783.837890625,7813.5976155598955,3523.5499064127603
16,32,36,30,0,783.4623972574869,7817.215983072917,3524.5396931966147
16,32,37,30,0,783.4623972574869,7812.0961507161455,3555.9766133626304
16,32,38,30,0,783.7696075439453,7813.6322021484375,3570.1759338378906
16,32,39,30,0,783.4282557169596,7818.3766682942705,3524.676259358724
16,32,40,30,0,783.564821879069,7852.339172363281,3525.0859578450522
16,32,41,30,0,783.4965387980143,7818.478902180989,3529.8304239908853
16,32,42,30,0,783.5989634195963,7823.769632975261,3530.2057902018228
16,32,43,30,0,783.189328511556,7870.395914713542,3530.8202107747397
16,32,44,30,0,783.2917531331381,7876.4373779296875,3522.9695638020835
16,32,45,30,0,783.3258946736654,7816.635640462239,3524.983469645182
16,32,46,30,0,784.4863891601562,7814.621988932292,3527.4068196614585
16,32,47,30,0,784.0768178304037,7814.2466227213545,3529.0112813313804
16,32,48,30,0,783.7013244628906,7832.063802083333,3527.3045857747397
16,32,49,30,0,783.564821879069,7817.5913492838545,3531.3321431477866
16,32,50,30,0,783.4282557169596,7861.623636881511,3523.754628499349
16,32,51,30,0,783.906110127767,7815.7480875651045,3563.963826497396
16,32,52,30,0,783.5989634195963,7815.509541829427,3528.9087931315103
16,32,53,30,0,783.3941141764323,7816.5334065755205,3565.704600016276
16,32,54,30,0,783.4623972574869,7814.8264567057295,3530.7520548502603
16,32,55,30,0,783.4965387980143,7838.481140136719,3530.956776936849
16,32,56,30,0,783.7013244628906,7840.767923990886,3525.256601969401
16,32,57,30,0,783.564821879069,7855.4453531901045,3529.0794372558594
16,32,58,30,0,783.4282557169596,7817.386881510417,3530.342356363932
16,32,59,30,0,783.8037490844727,7814.895121256511,3530.342356363932
16,32,60,30,0,783.6671829223633,7815.645853678386,3567.4453735351562
16,32,61,30,0,783.2917531331381,7813.802591959636,3569.117991129557
16,32,62,30,0,783.837890625,7814.9973551432295,3558.4683736165366
16,32,63,30,0,783.3941141764323,7816.260274251302,3577.685292561849
16,32,64,30,0,783.6671829223633,7856.298828125,3529.796346028646
16,4,0,1,0,139.26400244235992,122.8799968957901,139.26400244235992
16,4,1,1,0,138.2399946451187,123.90399724245071,140.28799533843994
16,4,2,1,0,138.2399946451187,123.90399724245071,141.31200313568115
16,4,3,1,0,138.2399946451187,123.90399724245071,141.31200313568115
16,4,4,1,0,138.2399946451187,123.90399724245071,141.31200313568115
16,4,5,1,0,138.2399946451187,124.92799758911133,141.31200313568115
16,4,6,1,0,139.26400244235992,124.92799758911133,142.33599603176117
16,4,7,1,0,138.2399946451187,124.92799758911133,142.33599603176117
16,4,8,1,0,138.2399946451187,124.92799758911133,141.31200313568115
16,4,9,1,0,138.2399946451187,124.92799758911133,142.33599603176117
16,4,10,1,0,138.2399946451187,125.95200538635254,142.33599603176117
16,4,11,1,0,138.2399946451187,125.95200538635254,142.33599603176117
16,4,12,1,0,139.26400244235992,124.92799758911133,142.33599603176117
16,4,13,1,0,139.26400244235992,125.95200538635254,142.33599603176117
16,4,14,1,0,138.2399946451187,125.95200538635254,142.33599603176117
16,4,15,1,0,138.2399946451187,124.92799758911133,142.33599603176117
16,4,16,1,0,138.2399946451187,125.95200538635254,143.36000382900238
16,4,17,1,0,138.2399946451187,125.95200538635254,143.36000382900238
16,4,18,1,0,139.26400244235992,125.95200538635254,143.36000382900238
16,4,19,1,0,139.26400244235992,126.97599828243256,143.36000382900238
16,4,20,1,0,139.26400244235992,126.97599828243256,143.36000382900238
16,4,21,1,0,138.2399946451187,126.97599828243256,143.36000382900238
16,4,22,1,0,139.26400244235992,126.97599828243256,143.36000382900238
16,4,23,1,0,138.2399946451187,126.97599828243256,143.36000382900238
16,4,24,1,0,138.2399946451187,126.97599828243256,144.3839967250824
16,4,25,1,0,138.2399946451187,126.97599828243256,143.36000382900238
16,4,26,1,0,139.26400244235992,126.97599828243256,144.3839967250824
16,4,27,1,0,138.2399946451187,126.97599828243256,143.36000382900238
16,4,28,1,0,139.26400244235992,126.97599828243256,143.36000382900238
16,4,29,1,0,138.2399946451187,128.00000607967377,144.3839967250824
16,4,30,1,0,139.26400244235992,128.00000607967377,144.3839967250824
16,4,31,1,0,139.26400244235992,126.97599828243256,144.3839967250824
16,4,32,1,0,138.2399946451187,128.00000607967377,144.3839967250824
16,4,33,1,0,139.26400244235992,128.00000607967377,144.3839967250824
16,4,34,1,0,138.2399946451187,128.00000607967377,145.4080045223236
16,4,35,1,0,138.2399946451187,128.00000607967377,145.4080045223236
16,4,36,1,0,139.26400244235992,128.00000607967377,145.4080045223236
16,4,37,1,0,139.26400244235992,128.00000607967377,145.4080045223236
16,4,38,1,0,138.2399946451187,129.02399897575378,145.4080045223236
16,4,39,1,0,138.2399946451187,128.00000607967377,145.4080045223236
16,4,40,1,0,138.2399946451187,129.02399897575378,145.4080045223236
16,4,41,1,0,138.2399946451187,129.02399897575378,145.4080045223236
16,4,42,1,0,139.26400244235992,129.02399897575378,146.43199741840363
16,4,43,1,0,139.26400244235992,129.02399897575378,145.4080045223236
16,4,44,1,0,138.2399946451187,130.048006772995,146.43199741840363
16,4,45,1,0,138.2399946451187,130.048006772995,146.43199741840363
16,4,46,1,0,138.2399946451187,129.02399897575378,146.43199741840363
16,4,47,1,0,138.2399946451187,129.02399897575378,146.43199741840363
16,4,48,1,0,138.2399946451187,129.02399897575378,146.43199741840363
16,4,49,1,0,138.2399946451187,129.02399897575378,146.43199741840363
16,4,50,1,0,138.2399946451187,130.048006772995,146.43199741840363
16,4,51,1,0,138.2399946451187,130.048006772995,146.43199741840363
16,4,52,1,0,138.2399946451187,130.048006772995,146.43199741840363
16,4,53,1,0,138.2399946451187,130.048006772995,146.43199741840363
16,4,54,1,0,138.2399946451187,130.048006772995,146.43199741840363
16,4,55,1,0,139.26400244235992,130.048006772995,147.45600521564484
16,4,56,1,0,138.2399946451187,130.048006772995,147.45600521564484
16,4,57,1,0,138.2399946451187,130.048006772995,147.45600521564484
16,4,58,1,0,138.2399946451187,130.048006772995,147.45600521564484
16,4,59,1,0,138.2399946451187,131.071999669075,147.45600521564484
16,4,60,1,0,138.2399946451187,131.071999669075,147.45600521564484
16,4,61,1,0,138.2399946451187,132.09599256515503,148.47999811172485
16,4,62,1,0,138.2399946451187,132.09599256515503,148.47999811172485
16,4,63,1,0,138.2399946451187,132.09599256515503,148.47999811172485
16,4,64,1,0,138.2399946451187,132.09599256515503,148.47999811172485
16,4,0,30,0,143.35999488830566,116.53119723002116,135.37279764811197
16,4,1,30,0,143.46240361531576,117.14560190836589,136.84053421020508
16,4,2,30,0,143.25760205586752,117.21386909484863,136.80639266967773
16,4,3,30,0,143.25760205586752,117.35040346781413,136.84053421020508
16,4,4,30,0,143.2917277018229,117.35040346781413,136.94292704264322
16,4,5,30,0,143.2917277018229,118.30613613128662,137.7621332804362
16,4,6,30,0,143.32586924235025,118.13546816507976,137.65974044799805
16,4,7,30,0,143.42826207478842,118.2037353515625,137.7621332804362
16,4,8,30,0,143.35999488830566,118.27200253804524,137.83040046691895
16,4,9,30,0,143.25760205586752,118.44267050425212,137.96693483988443
16,4,10,30,0,143.46240361531576,119.26186879475911,138.9568010965983
16,4,11,30,0,143.25760205586752,118.81813208262126,138.17173639933267
16,4,12,30,0,143.22346051534018,118.78399848937988,138.34239641825357
16,4,13,30,0,143.5647964477539,119.67146396636963,139.29813702901205
16,4,14,30,0,143.32586924235025,119.73973115285237,139.43467140197754
16,4,15,30,0,143.5306708017985,119.91039911905925,139.46879704793295
16,4,16,30,0,143.394136428833,119.91039911905925,139.60533142089844
16,4,17,30,0,143.46240361531576,120.21760145823161,139.98079299926758
16,4,18,30,0,143.35999488830566,119.80799833933513,139.33226267496744
16,4,19,30,0,143.5647964477539,120.42240301767985,140.35627047220865
16,4,20,30,0,143.5647964477539,120.21760145823161,139.70774014790854
16,4,21,30,0,143.394136428833,120.18346786499023,139.74186579386392
16,4,22,30,0,143.394136428833,120.83199818929036,140.4245376586914
16,4,23,30,0,143.42826207478842,120.90026537577312,140.49280484517416
16,4,24,30,0,143.35999488830566,120.21760145823161,139.70774014790854
16,4,25,30,0,143.49652926127115,121.07093334197998,140.8341407775879
16,4,26,30,0,143.42826207478842,121.1733341217041,141.0048007965088
16,4,27,30,0,143.46240361531576,121.3098684946696,141.10719362894693
16,4,28,30,0,143.35999488830566,121.41226927439372,141.34613672892252
16,4,29,30,0,143.5647964477539,121.44640286763509,141.31199518839517
16,4,30,30,0,143.49652926127115,121.75359725952148,141.38026237487793
16,4,31,30,0,143.49652926127115,121.75359725952148,141.41440391540527
16,4,32,30,0,143.42826207478842,121.61706288655598,141.4485295613607
16,4,33,30,0,143.5647964477539,121.95839881896973,141.65333112080893
16,4,34,30,0,143.32586924235025,121.34400208791097,140.93653361002603
16,4,35,30,0,143.35999488830566,121.92426522572835,141.82400703430176
16,4,36,30,0,143.32586924235025,122.23146756490071,142.2335942586263
16,4,37,30,0,143.394136428833,122.36800193786621,142.1994686126709
16,4,38,30,0,143.5306708017985,122.02666600545247,141.51679674784342
16,4,39,30,0,143.42826207478842,122.67519632975261,142.54080454508463
16,4,40,30,0,143.46240361531576,122.74346351623535,142.54080454508463
16,4,41,30,0,143.42826207478842,122.91413148244222,142.71146456400552
16,4,42,30,0,143.32586924235025,122.33386834462483,141.9605255126953
16,4,43,30,0,143.42826207478842,123.0847994486491,142.88214047749838
16,4,44,30,0,143.46240361531576,123.28960100809734,143.121067682902
16,4,45,30,0,143.5647964477539,123.52853616078694,143.42826207478842
16,4,46,30,0,143.5306708017985,123.42613538106282,143.59893798828125
16,4,47,30,0,143.46240361531576,123.4602689743042,143.5647964477539
16,4,48,30,0,143.42826207478842,123.52853616078694,143.76959800720215
16,4,49,30,0,143.46240361531576,123.4602689743042,143.73547236124674
16,4,50,30,0,143.5306708017985,123.69919617970784,144.04266675313315
16,4,51,30,0,143.42826207478842,123.97226492563884,144.21332677205405
16,4,52,30,0,143.32586924235025,123.39200178782146,144.1450595855713
16,4,53,30,0,143.32586924235025,124.2794672648112,144.48639551798502
16,4,54,30,0,143.394136428833,124.34773445129395,144.52053705851236
16,4,55,30,0,143.59893798828125,124.2794672648112,144.4181283315023
16,4,56,30,0,143.35999488830566,124.51840241750081,144.62292989095053
16,4,57,30,0,143.394136428833,124.65493679046631,144.69119707743326
16,4,58,30,0,143.49652926127115,124.8255968093872,144.75946426391602
16,4,59,30,0,143.49652926127115,124.85973040262859,144.93014017740884
16,4,60,30,0,143.22346051534018,124.21120007832845,144.00854110717773
16,4,61,30,0,143.394136428833,126.19093259175618,145.9200064341227
16,4,62,30,0,143.5647964477539,126.46400133768718,146.15893363952637
16,4,63,30,0,143.35999488830566,126.25919977823894,146.05654080708823
16,4,64,30,0,143.42826207478842,125.84959665934245,145.30560175577799
16,8,0,1,0,224.2559939622879,158.720001578331,157.69599378108978
16,8,1,1,0,224.2559939622879,159.743994474411,158.720001578331
16,8,2,1,0,223.23200106620789,159.743994474411,158.720001578331
16,8,3,1,0,224.2559939622879,158.720001578331,158.720001578331
16,8,4,1,0,224.2559939622879,159.743994474411,158.720001578331
16,8,5,1,0,224.2559939622879,159.743994474411,158.720001578331
16,8,6,1,0,223.23200106620789,159.743994474411,159.743994474411
16,8,7,1,0,224.2559939622879,159.743994474411,159.743994474411
16,8,8,1,0,224.2559939622879,160.76800227165222,159.743994474411
16,8,9,1,0,223.23200106620789,161.79199516773224,159.743994474411
16,8,10,1,0,224.2559939622879,161.79199516773224,159.743994474411
16,8,11,1,0,224.2559939622879,160.76800227165222,159.743994474411
16,8,12,1,0,224.2559939622879,161.79199516773224,159.743994474411
16,8,13,1,0,223.23200106620789,160.76800227165222,160.76800227165222
16,8,14,1,0,223.23200106620789,161.79199516773224,160.76800227165222
16,8,15,1,0,223.23200106620789,161.79199516773224,160.76800227165222
16,8,16,1,0,224.2559939622879,161.79199516773224,160.76800227165222
16,8,17,1,0,223.23200106620789,161.79199516773224,160.76800227165222
16,8,18,1,0,224.2559939622879,161.79199516773224,160.76800227165222
16,8,19,1,0,223.23200106620789,161.79199516773224,161.79199516773224
16,8,20,1,0,224.2559939622879,161.79199516773224,160.76800227165222
16,8,21,1,0,224.2559939622879,162.81600296497345,161.79199516773224
16,8,22,1,0,224.2559939622879,162.81600296497345,161.79199516773224
16,8,23,1,0,224.2559939622879,163.83999586105347,161.79199516773224
16,8,24,1,0,224.2559939622879,163.83999586105347,161.79199516773224
16,8,25,1,0,224.2559939622879,163.83999586105347,161.79199516773224
16,8,26,1,0,223.23200106620789,162.81600296497345,161.79199516773224
16,8,27,1,0,224.2559939622879,164.86400365829468,161.79199516773224
16,8,28,1,0,223.23200106620789,164.86400365829468,161.79199516773224
16,8,29,1,0,224.2559939622879,163.83999586105347,162.81600296497345
16,8,30,1,0,223.23200106620789,164.86400365829468,161.79199516773224
16,8,31,1,0,224.2559939622879,164.86400365829468,161.79199516773224
16,8,32,1,0,223.23200106620789,164.86400365829468,161.79199516773224
16,8,33,1,0,224.2559939622879,164.86400365829468,162.81600296497345
16,8,34,1,0,223.23200106620789,164.86400365829468,162.81600296497345
16,8,35,1,0,223.23200106620789,165.8879965543747,162.81600296497345
16,8,36,1,0,223.23200106620789,164.86400365829468,162.81600296497345
16,8,37,1,0,223.23200106620789,164.86400365829468,162.81600296497345
16,8,38,1,0,223.23200106620789,164.86400365829468,163.83999586105347
16,8,39,1,0,223.23200106620789,165.8879965543747,163.83999586105347
16,8,40,1,0,223.23200106620789,165.8879965543747,162.81600296497345
16,8,41,1,0,224.2559939622879,165.8879965543747,163.83999586105347
16,8,42,1,0,223.23200106620789,165.8879965543747,163.83999586105347
16,8,43,1,0,224.2559939622879,165.8879965543747,163.83999586105347
16,8,44,1,0,223.23200106620789,166.9120043516159,163.83999586105347
16,8,45,1,0,224.2559939622879,165.8879965543747,163.83999586105347
16,8,46,1,0,223.23200106620789,166.9120043516159,164.86400365829468
16,8,47,1,0,224.2559939622879,166.9120043516159,164.86400365829468
16,8,48,1,0,223.23200106620789,167.93599724769592,163.83999586105347
16,8,49,1,0,223.23200106620789,167.93599724769592,164.86400365829468
16,8,50,1,0,223.23200106620789,167.93599724769592,165.8879965543747
16,8,51,1,0,224.2559939622879,167.93599724769592,164.86400365829468
16,8,52,1,0,223.23200106620789,167.93599724769592,164.86400365829468
16,8,53,1,0,224.2559939622879,167.93599724769592,165.8879965543747
16,8,54,1,0,224.2559939622879,168.96000504493713,165.8879965543747
16,8,55,1,0,223.23200106620789,168.96000504493713,165.8879965543747
16,8,56,1,0,223.23200106620789,168.96000504493713,165.8879965543747
16,8,57,1,0,224.2559939622879,167.93599724769592,166.9120043516159
16,8,58,1,0,223.23200106620789,168.96000504493713,166.9120043516159
16,8,59,1,0,223.23200106620789,168.96000504493713,166.9120043516159
16,8,60,1,0,223.23200106620789,169.98399794101715,166.9120043516159
16,8,61,1,0,222.20799326896667,169.98399794101715,166.9120043516159
16,8,62,1,0,223.23200106620789,171.00800573825836,167.93599724769592
16,8,63,1,0,223.23200106620789,168.96000504493713,166.9120043516159
16,8,64,1,0,223.23200106620789,169.98399794101715,166.9120043516159
16,8,0,30,0,233.4378719329834,153.9072036743164,155.75040181477866
16,8,1,30,0,233.67679913838705,154.4874668121338,157.79840151468912
16,8,2,30,0,233.67679913838705,154.38507397969565,157.42293993631998
16,8,3,30,0,233.4719975789388,154.28266525268555,157.4570655822754
16,8,4,30,0,233.74506632486978,154.6581268310547,157.38879839579263
16,8,5,30,0,233.57440630594888,154.99946276346842,158.41280619303384
16,8,6,30,0,233.4719975789388,155.03360430399576,158.54934056599936
16,8,7,30,0,233.81333351135254,155.37494023640951,158.4810733795166
16,8,8,30,0,233.7109406789144,155.30667304992676,158.6176077524821
16,8,9,30,0,233.74506632486978,155.98932902018228,158.78826777140299
16,8,10,30,0,233.64267349243164,156.39893213907877,159.12960370381674
16,8,11,30,0,233.36960474650064,156.1258633931478,158.9248021443685
16,8,12,30,0,233.50613911946616,156.22827212015787,158.99306933085123
16,8,13,30,0,233.67679913838705,156.74026807149252,159.26613807678223
16,8,14,30,0,233.67679913838705,156.74026807149252,159.26613807678223
16,8,15,30,0,233.4719975789388,156.876802444458,159.47093963623047
16,8,16,30,0,233.57440630594888,156.91092809041342,159.50506528218588
16,8,17,30,0,233.6085319519043,157.38879839579263,160.18773714701334
16,8,18,30,0,233.54026476542154,157.11572964986166,160.05120277404785
16,8,19,30,0,233.81333351135254,157.52533276875815,160.46080589294434
16,8,20,30,0,233.64267349243164,157.83252716064453,160.426664352417
16,8,21,30,0,233.64267349243164,157.86666870117188,160.56319872538248
16,8,22,30,0,233.50613911946616,158.00320307413736,160.66560745239258
16,8,23,30,0,233.77920786539713,158.2080046335856,160.66560745239258
16,8,24,30,0,233.77920786539713,158.07147026062012,160.83626747131348
16,8,25,30,0,233.50613911946616,158.78826777140299,160.90453465779623
16,8,26,30,0,233.64267349243164,158.8223934173584,161.04106903076172
16,8,27,30,0,233.74506632486978,159.02719497680664,161.24587059020996
16,8,28,30,0,233.40373039245605,159.36853090922037,161.51893933614096
16,8,29,30,0,233.3354632059733,159.23199653625488,161.27999623616537
16,8,30,30,0,233.40373039245605,159.4026724497477,161.5872065226237
16,8,31,30,0,233.7109406789144,159.77813402811685,161.86025937398276
16,8,32,30,0,233.7109406789144,159.7439924875895,161.51893933614096
16,8,33,30,0,233.74506632486978,160.35839716593424,161.96266810099283
16,8,34,30,0,233.6085319519043,160.63146591186523,162.30400403340658
16,8,35,30,0,233.54026476542154,160.8703931172689,162.26986249287924
16,8,36,30,0,233.7109406789144,160.93866030375162,162.30400403340658
16,8,37,30,0,233.50613911946616,161.07519467671713,162.61119842529297
16,8,38,30,0,233.7109406789144,161.38240496317545,162.71360715230307
16,8,39,30,0,233.4378719329834,161.5872065226237,162.7818743387858
16,8,40,30,0,233.7109406789144,161.51893933614096,163.02080154418945
16,8,41,30,0,233.6085319519043,161.7578665415446,163.2597287495931
16,8,42,30,0,233.64267349243164,161.1776034037272,163.2597287495931
16,8,43,30,0,233.54026476542154,161.86025937398276,163.46453030904135
16,8,44,30,0,233.8816006978353,162.26986249287924,163.56693903605142
16,8,45,30,0,233.84745915730795,162.47466405232748,163.84000778198242
16,8,46,30,0,233.6085319519043,162.50880559285483,163.84000778198242
16,8,47,30,0,233.57440630594888,162.74773279825845,164.01066780090332
16,8,48,30,0,233.81333351135254,162.67946561177573,163.90825907389322
16,8,49,30,0,233.81333351135254,163.05492719014487,164.76160685221353
16,8,50,30,0,233.7109406789144,163.29387029012045,164.5909309387207
16,8,51,30,0,233.74506632486978,163.2597287495931,164.6933396657308
16,8,52,30,0,233.57440630594888,163.29387029012045,164.8298740386963
16,8,53,30,0,233.64267349243164,163.3962631225586,164.96639251708984
16,8,54,30,0,233.7109406789144,163.90825907389322,165.5125300089518
16,8,55,30,0,233.64267349243164,163.2597287495931,164.28373654683432
16,8,56,30,0,233.54026476542154,163.97652626037598,165.54667154947916
16,8,57,30,0,233.57440630594888,164.35200373331705,166.43412907918295
16,8,58,30,0,233.67679913838705,164.5909309387207,166.4682706197103
16,8,59,30,0,233.64267349243164,164.5909309387207,166.53653780619302
16,8,60,30,0,233.67679913838705,164.62507247924805,166.29759470621744
16,8,61,30,0,233.40373039245605,165.41013717651367,166.84373219807944
16,8,62,30,0,233.74506632486978,164.8639996846517,166.74133936564127
16,8,63,30,0,233.3354632059733,165.30772844950357,166.87787373860678
16,8,64,30,0,233.3013375600179,165.34186999003092,167.08265940348306
1,16,0,1,0,57.34400078654289,181.2479943037033,173.0560064315796
1,16,1,1,0,57.34400078654289,182.27200210094452,173.0560064315796
1,16,2,1,0,56.32000043988228,182.27200210094452,173.0560064315796
1,16,3,1,0,57.34400078654289,181.2479943037033,173.0560064315796
1,16,4,1,0,57.34400078654289,181.2479943037033,173.0560064315796
1,16,5,1,0,56.32000043988228,181.2479943037033,173.0560064315796
1,16,6,1,0,57.34400078654289,181.2479943037033,173.0560064315796
1,16,7,1,0,56.32000043988228,181.2479943037033,173.0560064315796
1,16,8,1,0,58.36800113320351,180.2240014076233,173.0560064315796
1,16,9,1,0,57.34400078654289,181.2479943037033,173.0560064315796
1,16,10,1,0,56.32000043988228,181.2479943037033,173.0560064315796
1,16,11,1,0,58.36800113320351,181.2479943037033,173.0560064315796
1,16,12,1,0,57.34400078654289,182.27200210094452,173.0560064315796
1,16,13,1,0,57.34400078654289,181.2479943037033,173.0560064315796
1,16,14,1,0,58.36800113320351,181.2479943037033,173.0560064315796
1,16,15,1,0,56.32000043988228,181.2479943037033,173.0560064315796
1,16,16,1,0,56.32000043988228,181.2479943037033,173.0560064315796
1,16,17,1,0,56.32000043988228,181.2479943037033,174.0799993276596
1,16,18,1,0,58.36800113320351,182.27200210094452,173.0560064315796
1,16,19,1,0,56.32000043988228,181.2479943037033,173.0560064315796
1,16,20,1,0,58.36800113320351,181.2479943037033,173.0560064315796
1,16,21,1,0,56.32000043988228,181.2479943037033,173.0560064315796
1,16,22,1,0,57.34400078654289,181.2479943037033,173.0560064315796
1,16,23,1,0,56.32000043988228,181.2479943037033,173.0560064315796
1,16,24,1,0,56.32000043988228,181.2479943037033,173.0560064315796
1,16,25,1,0,57.34400078654289,181.2479943037033,173.0560064315796
1,16,26,1,0,57.34400078654289,181.2479943037033,173.0560064315796
1,16,27,1,0,56.32000043988228,181.2479943037033,173.0560064315796
1,16,28,1,0,56.32000043988228,181.2479943037033,173.0560064315796
1,16,29,1,0,57.34400078654289,181.2479943037033,173.0560064315796
1,16,30,1,0,58.36800113320351,182.27200210094452,173.0560064315796
1,16,31,1,0,56.32000043988228,181.2479943037033,173.0560064315796
1,16,32,1,0,58.36800113320351,181.2479943037033,172.03199863433838
1,16,33,1,0,57.34400078654289,181.2479943037033,173.0560064315796
1,16,34,1,0,57.34400078654289,182.27200210094452,173.0560064315796
1,16,35,1,0,57.34400078654289,181.2479943037033,173.0560064315796
1,16,36,1,0,58.36800113320351,181.2479943037033,173.0560064315796
1,16,37,1,0,57.34400078654289,182.27200210094452,174.0799993276596
1,16,38,1,0,56.32000043988228,180.2240014076233,173.0560064315796
1,16,39,1,0,57.34400078654289,181.2479943037033,173.0560064315796
1,16,40,1,0,56.32000043988228,181.2479943037033,173.0560064315796
1,16,41,1,0,56.32000043988228,181.2479943037033,173.0560064315796
1,16,42,1,0,58.36800113320351,182.27200210094452,173.0560064315796
1,16,43,1,0,57.34400078654289,182.27200210094452,173.0560064315796
1,16,44,1,0,57.34400078654289,182.27200210094452,173.0560064315796
1,16,45,1,0,56.32000043988228,181.2479943037033,174.0799993276596
1,16,46,1,0,56.32000043988228,181.2479943037033,173.0560064315796
1,16,47,1,0,57.34400078654289,182.27200210094452,173.0560064315796
1,16,48,1,0,58.36800113320351,181.2479943037033,173.0560064315796
1,16,49,1,0,56.32000043988228,181.2479943037033,173.0560064315796
1,16,50,1,0,57.34400078654289,181.2479943037033,173.0560064315796
1,16,51,1,0,58.36800113320351,181.2479943037033,174.0799993276596
1,16,52,1,0,57.34400078654289,181.2479943037033,173.0560064315796
1,16,53,1,0,57.34400078654289,181.2479943037033,173.0560064315796
1,16,54,1,0,58.36800113320351,181.2479943037033,173.0560064315796
1,16,55,1,0,58.36800113320351,182.27200210094452,173.0560064315796
1,16,56,1,0,56.32000043988228,181.2479943037033,173.0560064315796
1,16,57,1,0,57.34400078654289,182.27200210094452,173.0560064315796
1,16,58,1,0,57.34400078654289,181.2479943037033,174.0799993276596
1,16,59,1,0,57.34400078654289,181.2479943037033,173.0560064315796
1,16,60,1,0,58.36800113320351,181.2479943037033,173.0560064315796
1,16,61,1,0,57.34400078654289,181.2479943037033,174.0799993276596
1,16,62,1,0,57.34400078654289,181.2479943037033,173.0560064315796
1,16,63,1,0,57.34400078654289,181.2479943037033,173.0560064315796
1,16,64,1,0,57.34400078654289,181.2479943037033,173.0560064315796
1,16,0,30,0,55.36426703135172,124.34773445129395,124.38186804453532
1,16,1,30,0,55.36426703135172,124.62080319722493,124.58666960398357
1,16,2,30,0,55.36426703135172,124.68907038370769,124.65493679046631
1,16,3,30,0,55.33013343811035,124.62080319722493,124.68907038370769
1,16,4,30,0,55.36426703135172,124.65493679046631,124.58666960398357
1,16,5,30,0,55.36426703135172,124.72319602966309,124.85973040262859
1,16,6,30,0,55.36426703135172,124.68907038370769,124.8255968093872
1,16,7,30,0,55.33013343811035,124.72319602966309,124.85973040262859
1,16,8,30,0,55.29599984486898,124.92799758911133,124.92799758911133
1,16,9,30,0,55.36426703135172,124.89386399586995,124.89386399586995
1,16,10,30,0,55.33013343811035,124.75732962290446,124.8255968093872
1,16,11,30,0,55.3984006245931,124.85973040262859,124.92799758911133
1,16,12,30,0,55.3984006245931,124.79146321614583,124.92799758911133
1,16,13,30,0,55.33013343811035,124.75732962290446,124.85973040262859
1,16,14,30,0,55.36426703135172,124.68907038370769,124.9621311823527
1,16,15,30,0,55.33013343811035,124.8255968093872,124.92799758911133
1,16,16,30,0,55.36426703135172,124.92799758911133,124.9621311823527
1,16,17,30,0,55.36426703135172,124.85973040262859,124.9621311823527
1,16,18,30,0,55.36426703135172,124.8255968093872,125.03039836883545
1,16,19,30,0,55.33013343811035,124.89386399586995,124.9621311823527
1,16,20,30,0,55.33013343811035,124.8255968093872,124.9621311823527
1,16,21,30,0,55.33013343811035,124.79146321614583,124.99626477559407
1,16,22,30,0,55.36426703135172,124.85973040262859,125.09866555531819
1,16,23,30,0,55.36426703135172,124.68907038370769,124.92799758911133
1,16,24,30,0,55.33013343811035,124.85973040262859,124.85973040262859
1,16,25,30,0,55.33013343811035,124.85973040262859,124.99626477559407
1,16,26,30,0,55.33013343811035,124.79146321614583,124.99626477559407
1,16,27,30,0,55.33013343811035,124.85973040262859,125.03039836883545
1,16,28,30,0,55.33013343811035,124.79146321614583,124.99626477559407
1,16,29,30,0,55.36426703135172,124.72319602966309,125.09866555531819
1,16,30,30,0,55.33013343811035,124.92799758911133,125.03039836883545
1,16,31,30,0,55.36426703135172,124.8255968093872,125.03039836883545
1,16,32,30,0,55.36426703135172,124.8255968093872,125.06453196207683
1,16,33,30,0,55.3984006245931,124.9621311823527,125.13279914855957
1,16,34,30,0,55.33013343811035,124.9621311823527,125.13279914855957
1,16,35,30,0,55.36426703135172,124.89386399586995,125.16693274180095
1,16,36,30,0,55.36426703135172,124.89386399586995,125.13279914855957
1,16,37,30,0,55.36426703135172,124.9621311823527,125.20106633504231
1,16,38,30,0,55.29599984486898,125.06453196207683,125.13279914855957
1,16,39,30,0,55.36426703135172,124.85973040262859,125.23519992828369
1,16,40,30,0,55.36426703135172,124.92799758911133,125.23519992828369
1,16,41,30,0,55.36426703135172,125.09866555531819,125.33760070800781
1,16,42,30,0,55.36426703135172,124.99626477559407,125.33760070800781
1,16,43,30,0,55.36426703135172,124.99626477559407,125.33760070800781
1,16,44,30,0,55.33013343811035,125.06453196207683,125.26933352152507
1,16,45,30,0,55.33013343811035,125.16693274180095,125.30346711476643
1,16,46,30,0,55.36426703135172,125.09866555531819,125.33760070800781
1,16,47,30,0,55.36426703135172,125.03039836883545,125.33760070800781
1,16,48,30,0,55.3984006245931,125.09866555531819,125.33760070800781
1,16,49,30,0,55.36426703135172,125.26933352152507,125.44000148773193
1,16,50,30,0,55.3984006245931,125.26933352152507,125.47413508097331
1,16,51,30,0,55.3984006245931,125.13279914855957,125.44000148773193
1,16,52,30,0,55.36426703135172,125.23519992828369,125.44000148773193
1,16,53,30,0,55.33013343811035,125.23519992828369,125.44000148773193
1,16,54,30,0,55.36426703135172,125.20106633504231,125.44000148773193
1,16,55,30,0,55.36426703135172,125.30346711476643,125.50826867421468
1,16,56,30,0,55.3984006245931,125.37173430124919,125.44000148773193
1,16,57,30,0,55.36426703135172,125.33760070800781,125.67893664042155
1,16,58,30,0,55.3984006245931,125.30346711476643,125.67893664042155
1,16,59,30,0,55.33013343811035,125.16693274180095,125.71307023366292
1,16,60,30,0,55.33013343811035,125.26933352152507,125.57653586069743
1,16,61,30,0,55.3984006245931,125.26933352152507,125.64480304718018
1,16,62,30,0,55.36426703135172,125.37173430124919,125.7813294728597
1,16,63,30,0,55.36426703135172,125.30346711476643,125.67893664042155
1,16,64,30,0,55.33013343811035,125.23519992828369,125.81546306610107
1,32,0,1,0,104.44799810647964,1271.8080282211304,675.8400201797485
1,32,1,1,0,105.47199845314026,1271.8080282211304,675.8400201797485
1,32,2,1,0,104.44799810647964,1271.8080282211304,675.8400201797485
1,32,3,1,0,105.47199845314026,1272.8320360183716,674.8160123825073
1,32,4,1,0,104.44799810647964,1271.8080282211304,675.8400201797485
1,32,5,1,0,105.47199845314026,1271.8080282211304,676.8640279769897
1,32,6,1,0,105.47199845314026,1270.7840204238892,675.8400201797485
1,32,7,1,0,105.47199845314026,1272.8320360183716,675.8400201797485
1,32,8,1,0,105.47199845314026,1270.7840204238892,675.8400201797485
1,32,9,1,0,104.44799810647964,1273.8560438156128,674.8160123825073
1,32,10,1,0,104.44799810647964,1271.8080282211304,674.8160123825073
1,32,11,1,0,104.44799810647964,1270.7840204238892,675.8400201797485
1,32,12,1,0,105.47199845314026,1272.8320360183716,674.8160123825073
1,32,13,1,0,104.44799810647964,1272.8320360183716,675.8400201797485
1,32,14,1,0,104.44799810647964,1269.760012626648,676.8640279769897
1,32,15,1,0,104.44799810647964,1271.8080282211304,674.8160123825073
1,32,16,1,0,104.44799810647964,1271.8080282211304,675.8400201797485
1,32,17,1,0,105.47199845314026,1271.8080282211304,675.8400201797485
1,32,18,1,0,104.44799810647964,1270.7840204238892,675.8400201797485
1,32,19,1,0,104.44799810647964,1270.7840204238892,676.8640279769897
1,32,20,1,0,104.44799810647964,1270.7840204238892,674.8160123825073
1,32,21,1,0,104.44799810647964,1271.8080282211304,674.8160123825073
1,32,22,1,0,104.44799810647964,1271.8080282211304,676.8640279769897
1,32,23,1,0,105.47199845314026,1272.8320360183716,675.8400201797485
1,32,24,1,0,105.47199845314026,1272.8320360183716,675.8400201797485
1,32,25,1,0,105.47199845314026,1272.8320360183716,676.8640279769897
1,32,26,1,0,105.47199845314026,1271.8080282211304,675.8400201797485
1,32,27,1,0,104.44799810647964,1270.7840204238892,675.8400201797485
1,32,28,1,0,104.44799810647964,1272.8320360183716,675.8400201797485
1,32,29,1,0,104.44799810647964,1271.8080282211304,674.8160123825073
1,32,30,1,0,104.44799810647964,1272.8320360183716,675.8400201797485
1,32,31,1,0,104.44799810647964,1273.8560438156128,675.8400201797485
1,32,32,1,0,104.44799810647964,1272.8320360183716,674.8160123825073
1,32,33,1,0,104.44799810647964,1272.8320360183716,675.8400201797485
1,32,34,1,0,105.47199845314026,1270.7840204238892,675.8400201797485
1,32,35,1,0,105.47199845314026,1272.8320360183716,675.8400201797485
1,32,36,1,0,105.47199845314026,1272.8320360183716,675.8400201797485
1,32,37,1,0,104.44799810647964,1271.8080282211304,676.8640279769897
1,32,38,1,0,104.44799810647964,1272.8320360183716,674.8160123825073
1,32,39,1,0,104.44799810647964,1272.8320360183716,675.8400201797485
1,32,40,1,0,104.44799810647964,1271.8080282211304,675.8400201797485
1,32,41,1,0,105.47199845314026,1271.8080282211304,673.7920045852661
1,32,42,1,0,104.44799810647964,1271.8080282211304,675.8400201797485
1,32,43,1,0,105.47199845314026,1272.8320360183716,674.8160123825073
1,32,44,1,0,104.44799810647964,1272.8320360183716,675.8400201797485
1,32,45,1,0,104.44799810647964,1272.8320360183716,676.8640279769897
1,32,46,1,0,104.44799810647964,1272.8320360183716,675.8400201797485
1,32,47,1,0,104.44799810647964,1271.8080282211304,675.8400201797485
1,32,48,1,0,104.44799810647964,1270.7840204238892,676.8640279769897
1,32,49,1,0,104.44799810647964,1272.8320360183716,674.8160123825073
1,32,50,1,0,104.44799810647964,1274.880051612854,676.8640279769897
1,32,51,1,0,104.44799810647964,1271.8080282211304,675.8400201797485
1,32,52,1,0,104.44799810647964,1272.8320360183716,675.8400201797485
1,32,53,1,0,104.44799810647964,1272.8320360183716,675.8400201797485
1,32,54,1,0,105.47199845314026,1271.8080282211304,675.8400201797485
1,32,55,1,0,104.44799810647964,1272.8320360183716,675.8400201797485
1,32,56,1,0,104.44799810647964,1273.8560438156128,675.8400201797485
1,32,57,1,0,104.44799810647964,1272.8320360183716,676.8640279769897
1,32,58,1,0,104.44799810647964,1272.8320360183716,676.8640279769897
1,32,59,1,0,104.44799810647964,1271.8080282211304,676.8640279769897
1,32,60,1,0,104.44799810647964,1273.8560438156128,676.8640279769897
1,32,61,1,0,104.44799810647964,1271.8080282211304,675.8400201797485
1,32,62,1,0,104.44799810647964,1273.8560438156128,675.8400201797485
1,32,63,1,0,104.44799810647964,1271.8080282211304,675.8400201797485
1,32,64,1,0,104.44799810647964,1272.8320360183716,675.8400201797485
1,32,0,30,0,103.42400074005127,1220.1301574707031,565.282122294108
1,32,1,30,0,103.45813433329265,1229.4143676757812,565.6917572021484
1,32,2,30,0,103.42400074005127,1227.502950032552,572.5184122721354
1,32,3,30,0,103.38986714680989,1218.7647501627605,568.3541615804037
1,32,4,30,0,103.45813433329265,1226.2741088867188,570.9482828776041
1,32,5,30,0,103.42400074005127,1224.2944081624348,565.5210494995117
1,32,6,30,0,103.45813433329265,1230.6090037027996,565.6917572021484
1,32,7,30,0,103.42400074005127,1227.7759552001953,572.0746358235677
1,32,8,30,0,103.42400074005127,1225.0111897786458,571.6309229532877
1,32,9,30,0,103.45813433329265,1227.3663838704426,568.6613082885742
1,32,10,30,0,103.49226792653401,1226.786168416341,566.5791829427084
1,32,11,30,0,103.38986714680989,1221.905008951823,575.2831776936849
1,32,12,30,0,103.45813433329265,1224.465052286784,567.0570373535156
1,32,13,30,0,103.38986714680989,1234.9098205566406,574.2591857910156
1,32,14,30,0,103.42400074005127,1227.9467264811199,575.0101089477539
1,32,15,30,0,103.42400074005127,1230.5749257405598,568.2517369588217
1,32,16,30,0,103.42400074005127,1228.390375773112,580.403200785319
1,32,17,30,0,103.38986714680989,1225.6938934326172,574.463971455892
1,32,18,30,0,103.45813433329265,1230.028788248698,564.1216278076172
1,32,19,30,0,103.38986714680989,1229.3460845947266,567.7397410074869
1,32,20,30,0,103.42400074005127,1228.8341522216797,568.4223810831705
1,32,21,30,0,103.38986714680989,1228.1856536865234,567.193603515625
1,32,22,30,0,103.42400074005127,1230.8480580647786,573.6448287963867
1,32,23,30,0,103.45813433329265,1228.390375773112,571.3578542073568
1,32,24,30,0,103.42400074005127,1227.3663838704426,580.2325566609701
1,32,25,30,0,103.49226792653401,1229.6532948811848,576.7509460449219
1,32,26,30,0,103.42400074005127,1232.4181874593098,572.8938420613607
1,32,27,30,0,103.32159996032715,1229.8581441243489,576.5120188395182
1,32,28,30,0,103.38986714680989,1224.3284861246746,576.3413111368815
1,32,29,30,0,103.42400074005127,1228.7999471028645,571.7674891153971
1,32,30,30,0,103.38986714680989,1230.6090037027996,573.1327692667643
1,32,31,30,0,103.45813433329265,1234.1589609781902,577.8090794881185
1,32,32,30,0,103.45813433329265,1228.2538096110027,570.7775751749674
1,32,33,30,0,103.42400074005127,1229.6192169189453,574.4298934936523
1,32,34,30,0,103.45813433329265,1230.1994323730469,578.8672129313151
1,32,35,30,0,103.45813433329265,1228.7317911783855,579.1061401367188
1,32,36,30,0,103.45813433329265,1233.2714080810547,572.3136266072592
1,32,37,30,0,103.45813433329265,1228.7317911783855,579.4133504231771
1,32,38,30,0,103.38986714680989,1233.4421793619792,577.5701522827148
1,32,39,30,0,103.45813433329265,1230.8480580647786,574.8053232828776
1,32,40,30,0,103.42400074005127,1233.3056131998699,573.6448287963867
1,32,41,30,0,103.45813433329265,1228.5269419352214,576.8874486287435
1,32,42,30,0,103.45813433329265,1230.6772867838542,580.1984151204427
1,32,43,30,0,103.42400074005127,1234.5685323079426,576.2389500935873
1,32,44,30,0,103.42400074005127,1231.7354838053386,580.949338277181
1,32,45,30,0,103.45813433329265,1233.1690470377605,581.6319783528646
1,32,46,30,0,103.42400074005127,1230.062993367513,577.5018692016602
1,32,47,30,0,103.42400074005127,1234.8757425944011,588.5610580444336
1,32,48,30,0,103.38986714680989,1233.407974243164,577.0240147908529
1,32,49,30,0,103.45813433329265,1230.950419108073,583.0656051635742
1,32,50,30,0,103.42400074005127,1233.2373301188152,582.5536092122396
1,32,51,30,0,103.49226792653401,1232.1109771728516,579.6522776285807
1,32,52,30,0,103.35573355356853,1233.8175455729167,584.6357345581055
1,32,53,30,0,103.42400074005127,1233.578618367513,583.4751764933268
1,32,54,30,0,103.42400074005127,1234.9098205566406,581.6319783528646
1,32,55,30,0,103.42400074005127,1235.8314514160156,576.5802383422852
1,32,56,30,0,103.42400074005127,1229.482650756836,584.0213139851888
1,32,57,30,0,103.52640151977539,1229.5168558756511,590.4383977254232
1,32,58,30,0,103.45813433329265,1236.0703786214192,582.2805404663086
1,32,59,30,0,103.42400074005127,1231.0869852701824,573.8837560017904
1,32,60,30,0,103.38986714680989,1235.04638671875,578.4575780232748
1,32,61,30,0,103.42400074005127,1233.6128234863281,582.9290390014648
1,32,62,30,0,103.42400074005127,1233.6128234863281,578.764788309733
1,32,63,30,0,103.45813433329265,1232.9643249511719,578.2527923583984
1,32,64,30,0,103.38986714680989,1233.8517506917317,585.8303705851237
1,4,0,1,0,21.503999829292297,31.74399957060814,43.007999658584595
1,4,1,1,0,21.503999829292297,32.76799991726875,43.007999658584595
1,4,2,1,0,21.503999829292297,32.76799991726875,41.98399931192398
1,4,3,1,0,21.503999829292297,31.74399957060814,43.007999658584595
1,4,4,1,0,21.503999829292297,31.74399957060814,43.007999658584595
1,4,5,1,0,21.503999829292297,32.76799991726875,41.98399931192398
1,4,6,1,0,21.503999829292297,31.74399957060814,43.007999658584595
1,4,7,1,0,21.503999829292297,32.76799991726875,43.007999658584595
1,4,8,1,0,21.503999829292297,31.74399957060814,41.98399931192398
1,4,9,1,0,21.503999829292297,32.76799991726875,43.007999658584595
1,4,10,1,0,21.503999829292297,31.74399957060814,43.007999658584595
1,4,11,1,0,21.503999829292297,31.74399957060814,43.007999658584595
1,4,12,1,0,21.503999829292297,31.74399957060814,41.98399931192398
1,4,13,1,0,21.503999829292297,31.74399957060814,43.007999658584595
1,4,14,1,0,21.503999829292297,31.74399957060814,43.007999658584595
1,4,15,1,0,21.503999829292297,31.74399957060814,43.007999658584595
1,4,16,1,0,21.503999829292297,31.74399957060814,43.007999658584595
1,4,17,1,0,21.503999829292297,31.74399957060814,43.007999658584595
1,4,18,1,0,21.503999829292297,31.74399957060814,41.98399931192398
1,4,19,1,0,21.503999829292297,32.76799991726875,43.007999658584595
1,4,20,1,0,21.503999829292297,32.76799991726875,43.007999658584595
1,4,21,1,0,21.503999829292297,31.74399957060814,41.98399931192398
1,4,22,1,0,21.503999829292297,32.76799991726875,43.007999658584595
1,4,23,1,0,21.503999829292297,32.76799991726875,43.007999658584595
1,4,24,1,0,21.503999829292297,31.74399957060814,43.007999658584595
1,4,25,1,0,21.503999829292297,32.76799991726875,43.007999658584595
1,4,26,1,0,21.503999829292297,32.76799991726875,43.007999658584595
1,4,27,1,0,21.503999829292297,31.74399957060814,43.007999658584595
1,4,28,1,0,21.503999829292297,32.76799991726875,41.98399931192398
1,4,29,1,0,21.503999829292297,32.76799991726875,43.007999658584595
1,4,30,1,0,21.503999829292297,32.76799991726875,43.007999658584595
1,4,31,1,0,21.503999829292297,31.74399957060814,41.98399931192398
1,4,32,1,0,21.503999829292297,31.74399957060814,43.007999658584595
1,4,33,1,0,21.503999829292297,32.76799991726875,43.007999658584595
1,4,34,1,0,21.503999829292297,32.76799991726875,43.007999658584595
1,4,35,1,0,21.503999829292297,31.74399957060814,41.98399931192398
1,4,36,1,0,21.503999829292297,32.76799991726875,43.007999658584595
1,4,37,1,0,21.503999829292297,31.74399957060814,43.007999658584595
1,4,38,1,0,21.503999829292297,31.74399957060814,43.007999658584595
1,4,39,1,0,21.503999829292297,31.74399957060814,43.007999658584595
1,4,40,1,0,21.503999829292297,32.76799991726875,41.98399931192398
1,4,41,1,0,21.503999829292297,31.74399957060814,43.007999658584595
1,4,42,1,0,21.503999829292297,32.76799991726875,43.007999658584595
1,4,43,1,0,21.503999829292297,32.76799991726875,43.007999658584595
1,4,44,1,0,21.503999829292297,32.76799991726875,41.98399931192398
1,4,45,1,0,21.503999829292297,32.76799991726875,43.007999658584595
1,4,46,1,0,21.503999829292297,32.76799991726875,43.007999658584595
1,4,47,1,0,21.503999829292297,31.74399957060814,43.007999658584595
1,4,48,1,0,21.503999829292297,32.76799991726875,41.98399931192398
1,4,49,1,0,21.503999829292297,31.74399957060814,43.007999658584595
1,4,50,1,0,21.503999829292297,31.74399957060814,43.007999658584595
1,4,51,1,0,21.503999829292297,31.74399957060814,43.007999658584595
1,4,52,1,0,21.503999829292297,32.76799991726875,43.007999658584595
1,4,53,1,0,21.503999829292297,31.74399957060814,43.007999658584595
1,4,54,1,0,21.503999829292297,31.74399957060814,43.007999658584595
1,4,55,1,0,21.503999829292297,32.76799991726875,43.007999658584595
1,4,56,1,0,21.503999829292297,32.76799991726875,41.98399931192398
1,4,57,1,0,21.503999829292297,32.76799991726875,43.007999658584595
1,4,58,1,0,21.503999829292297,31.74399957060814,41.98399931192398
1,4,59,1,0,21.503999829292297,31.74399957060814,43.007999658584595
1,4,60,1,0,21.503999829292297,32.76799991726875,43.007999658584595
1,4,61,1,0,21.503999829292297,31.74399957060814,43.007999658584595
1,4,62,1,0,21.503999829292297,32.76799991726875,43.007999658584595
1,4,63,1,0,21.503999829292297,31.74399957060814,43.007999658584595
1,4,64,1,0,21.503999829292297,31.74399957060814,43.007999658584595
1,4,0,30,0,16.759467124938965,25.702399015426636,31.470932563145954
1,4,1,30,0,16.759467124938965,26.009599367777508,31.880533695220947
1,4,2,30,0,16.759467124938965,25.975465774536133,31.880533695220947
1,4,3,30,0,16.759467124938965,25.907200574874878,31.948800881703693
1,4,4,30,0,16.72533353169759,25.975465774536133,31.948800881703693
1,4,5,30,0,16.72533353169759,26.04373296101888,32.05119967460632
1,4,6,30,0,16.759467124938965,26.077866554260254,32.05119967460632
1,4,7,30,0,16.759467124938965,26.11200014750163,32.05119967460632
1,4,8,30,0,16.72533353169759,26.077866554260254,32.01706608136495
1,4,9,30,0,16.759467124938965,26.11200014750163,32.085333267847695
1,4,10,30,0,16.72533353169759,26.077866554260254,32.11946686108907
1,4,11,30,0,16.72533353169759,26.11200014750163,32.11946686108907
1,4,12,30,0,16.72533353169759,26.146133740743,32.11946686108907
1,4,13,30,0,16.759467124938965,26.11200014750163,32.153600454330444
1,4,14,30,0,16.759467124938965,26.11200014750163,32.187734047571816
1,4,15,30,0,16.759467124938965,26.11200014750163,32.187734047571816
1,4,16,30,0,16.759467124938965,26.180267333984375,32.187734047571816
1,4,17,30,0,16.759467124938965,26.11200014750163,32.25599924723307
1,4,18,30,0,16.759467124938965,26.146133740743,32.25599924723307
1,4,19,30,0,16.759467124938965,26.077866554260254,32.25599924723307
1,4,20,30,0,16.72533353169759,26.146133740743,32.25599924723307
1,4,21,30,0,16.759467124938965,26.146133740743,32.32426643371582
1,4,22,30,0,16.759467124938965,26.146133740743,32.32426643371582
1,4,23,30,0,16.72533353169759,26.180267333984375,32.29013284047445
1,4,24,30,0,16.72533353169759,26.146133740743,32.32426643371582
1,4,25,30,0,16.759467124938965,26.146133740743,32.35840002695719
1,4,26,30,0,16.759467124938965,26.24853253364563,32.35840002695719
1,4,27,30,0,16.759467124938965,26.180267333984375,32.35840002695719
1,4,28,30,0,16.72533353169759,26.11200014750163,32.35840002695719
1,4,29,30,0,16.759467124938965,26.180267333984375,32.42666721343994
1,4,30,30,0,16.72533353169759,26.24853253364563,32.42666721343994
1,4,31,30,0,16.72533353169759,26.180267333984375,32.42666721343994
1,4,32,30,0,16.759467124938965,26.180267333984375,32.39253362019857
1,4,33,30,0,16.72533353169759,26.24853253364563,32.52906600634257
1,4,34,30,0,16.72533353169759,26.21440092722575,32.563199599583946
1,4,35,30,0,16.759467124938965,26.21440092722575,32.563199599583946
1,4,36,30,0,16.759467124938965,26.146133740743,32.563199599583946
1,4,37,30,0,16.759467124938965,26.24853253364563,32.63146678606669
1,4,38,30,0,16.72533353169759,26.282666126887005,32.66560037930807
1,4,39,30,0,16.72533353169759,26.282666126887005,32.63146678606669
1,4,40,30,0,16.759467124938965,26.282666126887005,32.66560037930807
1,4,41,30,0,16.759467124938965,26.24853253364563,32.69973397254944
1,4,42,30,0,16.72533353169759,26.35093331336975,32.73386756579081
1,4,43,30,0,16.759467124938965,26.35093331336975,32.69973397254944
1,4,44,30,0,16.759467124938965,26.385066906611126,32.73386756579081
1,4,45,30,0,16.759467124938965,26.385066906611126,32.76799917221069
1,4,46,30,0,16.72533353169759,26.35093331336975,32.76799917221069
1,4,47,30,0,16.72533353169759,26.385066906611126,32.802132765452065
1,4,48,30,0,16.759467124938965,26.316799720128376,32.76799917221069
1,4,49,30,0,16.759467124938965,26.316799720128376,32.83626635869344
1,4,50,30,0,16.72533353169759,26.419200499852497,32.870399951934814
1,4,51,30,0,16.72533353169759,26.385066906611126,32.904533545176186
1,4,52,30,0,16.72533353169759,26.35093331336975,32.904533545176186
1,4,53,30,0,16.72533353169759,26.385066906611126,33.00693432490031
1,4,54,30,0,16.72533353169759,26.35093331336975,33.00693432490031
1,4,55,30,0,16.72533353169759,26.419200499852497,33.00693432490031
1,4,56,30,0,16.72533353169759,26.419200499852497,33.00693432490031
1,4,57,30,0,16.759467124938965,26.453334093093872,33.00693432490031
1,4,58,30,0,16.72533353169759,26.385066906611126,33.04106593132019
1,4,59,30,0,16.759467124938965,26.453334093093872,33.04106593132019
1,4,60,30,0,16.72533353169759,26.453334093093872,33.00693432490031
1,4,61,30,0,16.759467124938965,26.555732885996502,33.21173389752706
1,4,62,30,0,16.759467124938965,26.624000072479248,33.17760030428568
1,4,63,30,0,16.72533353169759,26.555732885996502,33.21173389752706
1,4,64,30,0,16.759467124938965,26.589866479237873,33.17760030428568
1,8,0,1,0,32.76799991726875,61.43999844789505,66.56000018119812
1,8,1,1,0,33.79200026392937,61.43999844789505,66.56000018119812
1,8,2,1,0,33.79200026392937,60.416001826524734,66.56000018119812
1,8,3,1,0,33.79200026392937,61.43999844789505,66.56000018119812
1,8,4,1,0,33.79200026392937,60.416001826524734,66.56000018119812
1,8,5,1,0,33.79200026392937,60.416001826524734,65.5359998345375
1,8,6,1,0,33.79200026392937,61.43999844789505,66.56000018119812
1,8,7,1,0,33.79200026392937,62.463998794555664,65.5359998345375
1,8,8,1,0,33.79200026392937,61.43999844789505,66.56000018119812
1,8,9,1,0,33.79200026392937,61.43999844789505,66.56000018119812
1,8,10,1,0,32.76799991726875,60.416001826524734,65.5359998345375
1,8,11,1,0,33.79200026392937,60.416001826524734,66.56000018119812
1,8,12,1,0,33.79200026392937,61.43999844789505,65.5359998345375
1,8,13,1,0,32.76799991726875,61.43999844789505,65.5359998345375
1,8,14,1,0,33.79200026392937,61.43999844789505,66.56000018119812
1,8,15,1,0,33.79200026392937,61.43999844789505,65.5359998345375
1,8,16,1,0,33.79200026392937,61.43999844789505,66.56000018119812
1,8,17,1,0,33.79200026392937,61.43999844789505,66.56000018119812
1,8,18,1,0,33.79200026392937,61.43999844789505,66.56000018119812
1,8,19,1,0,33.79200026392937,61.43999844789505,66.56000018119812
1,8,20,1,0,33.79200026392937,61.43999844789505,66.56000018119812
1,8,21,1,0,33.79200026392937,60.416001826524734,65.5359998345375
1,8,22,1,0,33.79200026392937,61.43999844789505,66.56000018119812
1,8,23,1,0,33.79200026392937,61.43999844789505,66.56000018119812
1,8,24,1,0,33.79200026392937,60.416001826524734,66.56000018119812
1,8,25,1,0,33.79200026392937,61.43999844789505,66.56000018119812
1,8,26,1,0,33.79200026392937,61.43999844789505,66.56000018119812
1,8,27,1,0,33.79200026392937,61.43999844789505,66.56000018119812
1,8,28,1,0,33.79200026392937,62.463998794555664,66.56000018119812
1,8,29,1,0,33.79200026392937,61.43999844789505,66.56000018119812
1,8,30,1,0,33.79200026392937,61.43999844789505,66.56000018119812
1,8,31,1,0,33.79200026392937,61.43999844789505,66.56000018119812
1,8,32,1,0,33.79200026392937,60.416001826524734,66.56000018119812
1,8,33,1,0,33.79200026392937,61.43999844789505,67.58400052785873
1,8,34,1,0,33.79200026392937,62.463998794555664,66.56000018119812
1,8,35,1,0,33.79200026392937,61.43999844789505,66.56000018119812
1,8,36,1,0,33.79200026392937,61.43999844789505,66.56000018119812
1,8,37,1,0,33.79200026392937,61.43999844789505,66.56000018119812
1,8,38,1,0,33.79200026392937,61.43999844789505,67.58400052785873
1,8,39,1,0,33.79200026392937,61.43999844789505,66.56000018119812
1,8,40,1,0,32.76799991726875,62.463998794555664,65.5359998345375
1,8,41,1,0,33.79200026392937,60.416001826524734,66.56000018119812
1,8,42,1,0,33.79200026392937,61.43999844789505,66.56000018119812
1,8,43,1,0,33.79200026392937,62.463998794555664,66.56000018119812
1,8,44,1,0,33.79200026392937,62.463998794555664,65.5359998345375
1,8,45,1,0,33.79200026392937,61.43999844789505,66.56000018119812
1,8,46,1,0,33.79200026392937,61.43999844789505,66.56000018119812
1,8,47,1,0,32.76799991726875,60.416001826524734,66.56000018119812
1,8,48,1,0,33.79200026392937,61.43999844789505,66.56000018119812
1,8,49,1,0,33.79200026392937,61.43999844789505,66.56000018119812
1,8,50,1,0,33.79200026392937,61.43999844789505,65.5359998345375
1,8,51,1,0,33.79200026392937,60.416001826524734,66.56000018119812
1,8,52,1,0,33.79200026392937,60.416001826524734,65.5359998345375
1,8,53,1,0,32.76799991726875,61.43999844789505,66.56000018119812
1,8,54,1,0,33.79200026392937,61.43999844789505,66.56000018119812
1,8,55,1,0,33.79200026392937,61.43999844789505,66.56000018119812
1,8,56,1,0,33.79200026392937,61.43999844789505,66.56000018119812
1,8,57,1,0,32.76799991726875,61.43999844789505,66.56000018119812
1,8,58,1,0,33.79200026392937,60.416001826524734,65.5359998345375
1,8,59,1,0,33.79200026392937,61.43999844789505,66.56000018119812
1,8,60,1,0,33.79200026392937,61.43999844789505,66.56000018119812
1,8,61,1,0,33.79200026392937,60.416001826524734,66.56000018119812
1,8,62,1,0,33.79200026392937,61.43999844789505,66.56000018119812
1,8,63,1,0,33.79200026392937,61.43999844789505,67.58400052785873
1,8,64,1,0,33.79200026392937,61.43999844789505,65.5359998345375
1,8,0,30,0,26.316799720128376,45.260798931121826,50.75626770655314
1,8,1,30,0,26.316799720128376,45.53386767705282,51.20000044504801
1,8,2,30,0,26.282666126887005,45.53386767705282,51.23413403828939
1,8,3,30,0,26.35093331336975,45.53386767705282,51.23413403828939
1,8,4,30,0,26.316799720128376,45.60213486353556,51.20000044504801
1,8,5,30,0,26.35093331336975,45.53386767705282,51.43893162409464
1,8,6,30,0,26.35093331336975,45.7045316696167,51.47306521733602
1,8,7,30,0,26.35093331336975,45.67039807637533,51.47306521733602
1,8,8,30,0,26.316799720128376,45.53386767705282,51.43893162409464
1,8,9,30,0,26.35093331336975,45.60213486353556,51.57546599706014
1,8,10,30,0,26.35093331336975,45.63626845677694,51.57546599706014
1,8,11,30,0,26.35093331336975,45.67039807637533,51.609599590301514
1,8,12,30,0,26.35093331336975,45.7045316696167,51.57546599706014
1,8,13,30,0,26.316799720128376,45.60213486353556,51.643733183542885
1,8,14,30,0,26.385066906611126,45.67039807637533,51.67786677678426
1,8,15,30,0,26.316799720128376,45.7045316696167,51.67786677678426
1,8,16,30,0,26.316799720128376,45.63626845677694,51.643733183542885
1,8,17,30,0,26.316799720128376,45.60213486353556,51.780267556508385
1,8,18,30,0,26.385066906611126,45.7045316696167,51.814401149749756
1,8,19,30,0,26.316799720128376,45.67039807637533,51.814401149749756
1,8,20,30,0,26.35093331336975,45.56800127029419,51.780267556508385
1,8,21,30,0,26.35093331336975,45.67039807637533,51.882668336232506
1,8,22,30,0,26.316799720128376,45.7045316696167,51.882668336232506
1,8,23,30,0,26.35093331336975,45.77279885609945,51.882668336232506
1,8,24,30,0,26.316799720128376,45.60213486353556,51.882668336232506
1,8,25,30,0,26.35093331336975,45.63626845677694,51.91680192947388
1,8,26,30,0,26.35093331336975,45.67039807637533,51.91680192947388
1,8,27,30,0,26.316799720128376,45.73866526285807,51.882668336232506
1,8,28,30,0,26.35093331336975,45.7045316696167,51.882668336232506
1,8,29,30,0,26.385066906611126,45.63626845677694,51.91680192947388
1,8,30,30,0,26.316799720128376,45.73866526285807,51.950931549072266
1,8,31,30,0,26.35093331336975,45.77279885609945,51.91680192947388
1,8,32,30,0,26.316799720128376,45.63626845677694,51.950931549072266
1,8,33,30,0,26.316799720128376,45.80693244934082,52.05333232879639
1,8,34,30,0,26.316799720128376,45.63626845677694,52.05333232879639
1,8,35,30,0,26.35093331336975,45.73866526285807,52.08746592203776
1,8,36,30,0,26.316799720128376,45.77279885609945,52.05333232879639
1,8,37,30,0,26.316799720128376,45.73866526285807,52.12159951527914
1,8,38,30,0,26.316799720128376,45.60213486353556,52.12159951527914
1,8,39,30,0,26.282666126887005,45.73866526285807,52.08746592203776
1,8,40,30,0,26.316799720128376,45.84106604258219,52.12159951527914
1,8,41,30,0,26.35093331336975,45.80693244934082,52.18986670176188
1,8,42,30,0,26.35093331336975,45.7045316696167,52.18986670176188
1,8,43,30,0,26.35093331336975,45.73866526285807,52.15573310852051
1,8,44,30,0,26.316799720128376,45.73866526285807,52.18986670176188
1,8,45,30,0,26.35093331336975,45.73866526285807,52.25813388824463
1,8,46,30,0,26.316799720128376,45.77279885609945,52.25813388824463
1,8,47,30,0,26.35093331336975,45.7045316696167,52.22400029500326
1,8,48,30,0,26.35093331336975,45.77279885609945,52.22400029500326
1,8,49,30,0,26.316799720128376,45.67039807637533,52.292267481486
1,8,50,30,0,26.316799720128376,45.84106604258219,52.32640107472738
1,8,51,30,0,26.316799720128376,45.84106604258219,52.292267481486
1,8,52,30,0,26.35093331336975,45.73866526285807,52.292267481486
1,8,53,30,0,26.35093331336975,45.90933322906494,52.32640107472738
1,8,54,30,0,26.35093331336975,45.80693244934082,52.36053466796875
1,8,55,30,0,26.316799720128376,45.80693244934082,52.36053466796875
1,8,56,30,0,26.35093331336975,45.80693244934082,52.32640107472738
1,8,57,30,0,26.35093331336975,45.80693244934082,52.46293147404989
1,8,58,30,0,26.35093331336975,45.80693244934082,52.46293147404989
1,8,59,30,0,26.385066906611126,45.77279885609945,52.46293147404989
1,8,60,30,0,26.316799720128376,45.80693244934082,52.4288018544515
1,8,61,30,0,26.35093331336975,45.77279885609945,52.53119866053263
1,8,62,30,0,26.35093331336975,45.80693244934082,52.53119866053263
1,8,63,30,0,26.35093331336975,45.84106604258219,52.49706506729126
1,8,64,30,0,26.35093331336975,45.84106604258219,52.53119866053263
4,16,0,1,0,126.97599828243256,193.53599846363068,185.34399569034576
4,16,1,1,0,126.97599828243256,194.5600062608719,185.34399569034576
4,16,2,1,0,126.97599828243256,194.5600062608719,185.34399569034576
4,16,3,1,0,126.97599828243256,194.5600062608719,185.34399569034576
4,16,4,1,0,128.00000607967377,194.5600062608719,185.34399569034576
4,16,5,1,0,126.97599828243256,194.5600062608719,186.36800348758698
4,16,6,1,0,128.00000607967377,194.5600062608719,186.36800348758698
4,16,7,1,0,126.97599828243256,195.5839991569519,185.34399569034576
4,16,8,1,0,126.97599828243256,195.5839991569519,186.36800348758698
4,16,9,1,0,126.97599828243256,195.5839991569519,186.36800348758698
4,16,10,1,0,126.97599828243256,195.5839991569519,186.36800348758698
4,16,11,1,0,126.97599828243256,195.5839991569519,186.36800348758698
4,16,12,1,0,126.97599828243256,194.5600062608719,186.36800348758698
4,16,13,1,0,126.97599828243256,195.5839991569519,186.36800348758698
4,16,14,1,0,126.97599828243256,194.5600062608719,186.36800348758698
4,16,15,1,0,126.97599828243256,194.5600062608719,186.36800348758698
4,16,16,1,0,126.97599828243256,195.5839991569519,186.36800348758698
4,16,17,1,0,128.00000607967377,195.5839991569519,186.36800348758698
4,16,18,1,0,126.97599828243256,195.5839991569519,186.36800348758698
4,16,19,1,0,126.97599828243256,195.5839991569519,186.36800348758698
4,16,20,1,0,126.97599828243256,195.5839991569519,186.36800348758698
4,16,21,1,0,128.00000607967377,195.5839991569519,186.36800348758698
4,16,22,1,0,126.97599828243256,195.5839991569519,186.36800348758698
4,16,23,1,0,126.97599828243256,195.5839991569519,186.36800348758698
4,16,24,1,0,126.97599828243256,195.5839991569519,186.36800348758698
4,16,25,1,0,128.00000607967377,195.5839991569519,186.36800348758698
4,16,26,1,0,126.97599828243256,195.5839991569519,186.36800348758698
4,16,27,1,0,126.97599828243256,195.5839991569519,186.36800348758698
4,16,28,1,0,126.97599828243256,195.5839991569519,186.36800348758698
4,16,29,1,0,126.97599828243256,195.5839991569519,187.391996383667
4,16,30,1,0,126.97599828243256,195.5839991569519,186.36800348758698
4,16,31,1,0,126.97599828243256,195.5839991569519,186.36800348758698
4,16,32,1,0,126.97599828243256,195.5839991569519,187.391996383667
4,16,33,1,0,128.00000607967377,195.5839991569519,186.36800348758698
4,16,34,1,0,128.00000607967377,195.5839991569519,186.36800348758698
4,16,35,1,0,126.97599828243256,195.5839991569519,186.36800348758698
4,16,36,1,0,126.97599828243256,196.60800695419312,186.36800348758698
4,16,37,1,0,126.97599828243256,196.60800695419312,186.36800348758698
4,16,38,1,0,126.97599828243256,196.60800695419312,187.391996383667
4,16,39,1,0,126.97599828243256,195.5839991569519,187.391996383667
4,16,40,1,0,128.00000607967377,196.60800695419312,187.391996383667
4,16,41,1,0,126.97599828243256,196.60800695419312,187.391996383667
4,16,42,1,0,128.00000607967377,196.60800695419312,187.391996383667
4,16,43,1,0,126.97599828243256,196.60800695419312,187.391996383667
4,16,44,1,0,126.97599828243256,196.60800695419312,187.391996383667
4,16,45,1,0,126.97599828243256,196.60800695419312,187.391996383667
4,16,46,1,0,128.00000607967377,196.60800695419312,187.391996383667
4,16,47,1,0,126.97599828243256,196.60800695419312,187.391996383667
4,16,48,1,0,126.97599828243256,196.60800695419312,187.391996383667
4,16,49,1,0,126.97599828243256,196.60800695419312,187.391996383667
4,16,50,1,0,128.00000607967377,196.60800695419312,187.391996383667
4,16,51,1,0,128.00000607967377,196.60800695419312,187.391996383667
4,16,52,1,0,126.97599828243256,196.60800695419312,187.391996383667
4,16,53,1,0,126.97599828243256,196.60800695419312,187.391996383667
4,16,54,1,0,126.97599828243256,196.60800695419312,187.391996383667
4,16,55,1,0,126.97599828243256,196.60800695419312,187.391996383667
4,16,56,1,0,126.97599828243256,196.60800695419312,187.391996383667
4,16,57,1,0,128.00000607967377,196.60800695419312,188.4160041809082
4,16,58,1,0,128.00000607967377,196.60800695419312,187.391996383667
4,16,59,1,0,128.00000607967377,197.63199985027313,188.4160041809082
4,16,60,1,0,126.97599828243256,197.63199985027313,187.391996383667
4,16,61,1,0,126.97599828243256,196.60800695419312,187.391996383667
4,16,62,1,0,126.97599828243256,196.60800695419312,187.391996383667
4,16,63,1,0,126.97599828243256,196.60800695419312,188.4160041809082
4,16,64,1,0,126.97599828243256,196.60800695419312,188.4160041809082
4,16,0,30,0,128.37546666463217,174.31893348693848,158.07147026062012
4,16,1,30,0,128.37546666463217,174.96746381123862,159.88052686055502
4,16,2,30,0,128.34133307139078,176.7082691192627,159.4026724497477
4,16,3,30,0,128.23893229166666,175.3770669301351,160.1194699605306
4,16,4,30,0,128.37546666463217,175.71840286254883,160.63146591186523
4,16,5,30,0,128.40960025787354,177.1519978841146,160.35839716593424
4,16,6,30,0,128.37546666463217,176.81066195170084,160.2901299794515
4,16,7,30,0,128.40960025787354,175.92320442199707,162.44053840637207
4,16,8,30,0,128.3071994781494,176.1280059814453,159.50506528218588
4,16,9,30,0,128.3071994781494,179.02933756510416,162.16746966044107
4,16,10,30,0,128.3071994781494,176.4352003733317,160.83626747131348
4,16,11,30,0,128.34133307139078,177.18613942464194,160.56319872538248
4,16,12,30,0,128.34133307139078,177.83466974894205,162.57707277933756
4,16,13,30,0,128.3071994781494,178.58559290568033,162.26986249287924
4,16,14,30,0,128.27306588490805,177.18613942464194,162.9525343577067
4,16,15,30,0,128.37546666463217,177.01546351114908,160.73385874430338
4,16,16,30,0,128.23893229166666,177.6298681894938,162.67946561177573
4,16,17,30,0,128.37546666463217,178.24427286783853,164.38612937927246
4,16,18,30,0,128.3071994781494,178.7562688191732,163.53279749552408
4,16,19,30,0,128.27306588490805,178.55146725972494,162.57707277933756
4,16,20,30,0,128.34133307139078,178.55146725972494,164.04479344685873
4,16,21,30,0,128.37546666463217,178.10773849487305,163.63520622253418
4,16,22,30,0,128.34133307139078,178.38080724080405,163.2597287495931
4,16,23,30,0,128.37546666463217,179.6778678894043,165.37599563598633
4,16,24,30,0,128.23893229166666,179.2682647705078,166.84373219807944
4,16,25,30,0,128.27306588490805,180.22400538126627,166.3658618927002
4,16,26,30,0,128.3071994781494,179.43894068400064,165.9562587738037
4,16,27,30,0,128.27306588490805,180.25813102722168,165.81974029541016
4,16,28,30,0,128.40960025787354,179.74613507588705,166.9461409250895
4,16,29,30,0,128.27306588490805,179.7119935353597,166.02452596028647
4,16,30,30,0,128.3071994781494,179.64372634887695,166.50239626566568
4,16,31,30,0,128.3071994781494,180.18986384073892,166.53653780619302
4,16,32,30,0,128.37546666463217,181.69172604878744,167.59467124938965
4,16,33,30,0,128.3071994781494,182.34027226765951,165.8880074818929
4,16,34,30,0,128.40960025787354,180.18986384073892,167.8335984547933
4,16,35,30,0,128.3071994781494,181.1456044514974,166.87787373860678
4,16,36,30,0,128.4437338511149,181.38453165690103,167.76533126831055
4,16,37,30,0,128.3071994781494,182.16959635416666,167.9701328277588
4,16,38,30,0,128.40960025787354,181.96479479471842,169.71093813578287
4,16,39,30,0,128.27306588490805,182.40853945414224,167.32160250345865
4,16,40,30,0,128.23893229166666,183.70560010274252,168.8917318979899
4,16,41,30,0,128.3071994781494,182.57919947306314,168.68693033854166
4,16,42,30,0,128.27306588490805,182.6815923055013,169.54026222229004
4,16,43,30,0,128.27306588490805,181.99893633524576,168.48212877909342
4,16,44,30,0,128.23893229166666,182.5109322865804,170.15466690063477
4,16,45,30,0,128.23893229166666,182.5109322865804,169.94986534118652
4,16,46,30,0,128.37546666463217,183.53494008382162,170.7690715789795
4,16,47,30,0,128.34133307139078,183.53494008382162,169.1989262898763
4,16,48,30,0,128.34133307139078,182.57919947306314,169.94986534118652
4,16,49,30,0,128.3071994781494,184.38827196756998,172.74880409240723
4,16,50,30,0,128.27306588490805,183.50079854329428,172.16854095458984
4,16,51,30,0,128.2047986984253,183.63733291625977,171.58826192220053
4,16,52,30,0,128.34133307139078,183.26187133789062,171.34933471679688
4,16,53,30,0,128.3071994781494,185.1733366648356,171.55413627624512
4,16,54,30,0,128.3071994781494,184.2858632405599,171.62240346272787
4,16,55,30,0,128.37546666463217,183.63733291625977,171.28106753031412
4,16,56,30,0,128.37546666463217,185.48053105672201,173.26080004374185
4,16,57,30,0,128.2047986984253,184.2858632405599,172.37332661946616
4,16,58,30,0,128.3071994781494,184.59307352701822,172.61226971944174
4,16,59,30,0,128.27306588490805,185.6170654296875,174.89919662475586
4,16,60,30,0,128.34133307139078,184.83200073242188,172.33920097351074
4,16,61,30,0,128.23893229166666,185.85599263509116,173.19253285725912
4,16,62,30,0,128.27306588490805,185.4464054107666,172.5781281789144
4,16,63,30,0,128.3071994781494,185.27572949727377,174.52373504638672
4,16,64,30,0,128.34133307139078,185.10506947835287,173.22667439778647
4,32,0,1,0,244.73600089550018,2012.160062789917,866.3039803504944
4,32,1,1,0,244.73600089550018,2024.4479179382324,869.376003742218
4,32,2,1,0,244.73600089550018,2014.2080783843994,867.3279881477356
4,32,3,1,0,243.71199309825897,2044.9280738830566,868.3519959449768
4,32,4,1,0,243.71199309825897,2025.4719257354736,866.3039803504944
4,32,5,1,0,243.71199309825897,2024.4479179382324,866.3039803504944
4,32,6,1,0,243.71199309825897,2027.519941329956,867.3279881477356
4,32,7,1,0,243.71199309825897,2020.3518867492676,869.376003742218
4,32,8,1,0,244.73600089550018,2014.2080783843994,868.3519959449768
4,32,9,1,0,243.71199309825897,2009.0880393981934,868.3519959449768
4,32,10,1,0,243.71199309825897,2008.0640316009521,868.3519959449768
4,32,11,1,0,243.71199309825897,2012.160062789917,866.3039803504944
4,32,12,1,0,244.73600089550018,2013.1840705871582,870.4000115394592
4,32,13,1,0,243.71199309825897,2038.7840270996094,869.376003742218
4,32,14,1,0,243.71199309825897,2024.4479179382324,869.376003742218
4,32,15,1,0,244.73600089550018,2026.4959335327148,869.376003742218
4,32,16,1,0,243.71199309825897,2010.1120471954346,867.3279881477356
4,32,17,1,0,244.73600089550018,2024.4479179382324,871.4240193367004
4,32,18,1,0,243.71199309825897,2021.3758945465088,869.376003742218
4,32,19,1,0,242.68800020217896,2041.856050491333,869.376003742218
4,32,20,1,0,243.71199309825897,2028.5439491271973,870.4000115394592
4,32,21,1,0,243.71199309825897,2015.2320861816406,870.4000115394592
4,32,22,1,0,242.68800020217896,2017.280101776123,868.3519959449768
4,32,23,1,0,243.71199309825897,2018.3041095733643,869.376003742218
4,32,24,1,0,243.71199309825897,2020.3518867492676,871.4240193367004
4,32,25,1,0,243.71199309825897,2033.6639881134033,871.4240193367004
4,32,26,1,0,243.71199309825897,2025.4719257354736,870.4000115394592
4,32,27,1,0,243.71199309825897,2012.160062789917,870.4000115394592
4,32,28,1,0,244.73600089550018,2023.4239101409912,869.376003742218
4,32,29,1,0,243.71199309825897,2037.7600193023682,870.4000115394592
4,32,30,1,0,243.71199309825897,2004.9920082092285,869.376003742218
4,32,31,1,0,244.73600089550018,2035.7120037078857,871.4240193367004
4,32,32,1,0,243.71199309825897,2036.736011505127,871.4240193367004
4,32,33,1,0,243.71199309825897,2028.5439491271973,871.4240193367004
4,32,34,1,0,244.73600089550018,2023.4239101409912,870.4000115394592
4,32,35,1,0,243.71199309825897,2014.2080783843994,870.4000115394592
4,32,36,1,0,244.73600089550018,2028.5439491271973,871.4240193367004
4,32,37,1,0,244.73600089550018,2026.4959335327148,871.4240193367004
4,32,38,1,0,243.71199309825897,2028.5439491271973,871.4240193367004
4,32,39,1,0,243.71199309825897,2021.3758945465088,872.4480271339417
4,32,40,1,0,243.71199309825897,2015.2320861816406,870.4000115394592
4,32,41,1,0,243.71199309825897,2025.4719257354736,871.4240193367004
4,32,42,1,0,243.71199309825897,2033.6639881134033,872.4480271339417
4,32,43,1,0,244.73600089550018,2023.4239101409912,872.4480271339417
4,32,44,1,0,243.71199309825897,2034.6879959106445,872.4480271339417
4,32,45,1,0,243.71199309825897,2023.4239101409912,871.4240193367004
4,32,46,1,0,243.71199309825897,2025.4719257354736,870.4000115394592
4,32,47,1,0,243.71199309825897,2024.4479179382324,872.4480271339417
4,32,48,1,0,243.71199309825897,2018.3041095733643,871.4240193367004
4,32,49,1,0,243.71199309825897,2016.2560939788818,872.4480271339417
4,32,50,1,0,244.73600089550018,2023.4239101409912,872.4480271339417
4,32,51,1,0,243.71199309825897,2020.3518867492676,871.4240193367004
4,32,52,1,0,243.71199309825897,2030.5919647216797,872.4480271339417
4,32,53,1,0,243.71199309825897,2014.2080783843994,872.4480271339417
4,32,54,1,0,243.71199309825897,2018.3041095733643,873.4719753265381
4,32,55,1,0,244.73600089550018,2030.5919647216797,872.4480271339417
4,32,56,1,0,244.73600089550018,2033.6639881134033,872.4480271339417
4,32,57,1,0,243.71199309825897,2024.4479179382324,874.4959831237793
4,32,58,1,0,243.71199309825897,2031.615972518921,873.4719753265381
4,32,59,1,0,244.73600089550018,2019.3281173706055,873.4719753265381
4,32,60,1,0,243.71199309825897,2036.736011505127,873.4719753265381
4,32,61,1,0,244.73600089550018,2033.6639881134033,875.5199909210205
4,32,62,1,0,243.71199309825897,2018.3041095733643,872.4480271339417
4,32,63,1,0,243.71199309825897,2014.2080783843994,873.4719753265381
4,32,64,1,0,242.68800020217896,2030.5919647216797,872.4480271339417
4,32,0,30,0,246.57920201619467,2024.823506673177,864.5631790161133
4,32,1,30,0,246.54506047566733,2012.3306274414062,865.0751749674479
4,32,2,30,0,246.5109348297119,2030.4213205973308,865.9626642862955
4,32,3,30,0,246.61332766215006,2026.5642801920574,864.631462097168
4,32,4,30,0,246.44266764322916,2029.3632507324219,865.2458826700846
4,32,5,30,0,246.54506047566733,2040.8660888671875,864.5631790161133
4,32,6,30,0,246.5109348297119,2009.2586517333984,865.9968058268229
4,32,7,30,0,246.44266764322916,2017.2799428304036,865.0751749674479
4,32,8,30,0,246.5109348297119,2026.3594309488933,866.0650889078776
4,32,9,30,0,246.61332766215006,2023.3898162841797,865.8602396647135
4,32,10,30,0,246.44266764322916,2029.977544148763,864.8703893025717
4,32,11,30,0,246.47679328918457,2020.352045694987,866.6453043619791
4,32,12,30,0,246.37440045674643,2027.1104176839192,864.2559687296549
4,32,13,30,0,246.4085261027018,2030.0800323486328,866.6794459025065
4,32,14,30,0,246.57920201619467,2020.4884847005208,866.0309473673502
4,32,15,30,0,246.44266764322916,2024.1408030192058,864.5973205566406
4,32,16,30,0,246.54506047566733,2030.3189595540364,864.9386723836263
4,32,17,30,0,246.44266764322916,2028.1684875488281,864.802106221517
4,32,18,30,0,246.5109348297119,2024.1408030192058,864.9386723836263
4,32,19,30,0,246.4085261027018,2033.28857421875,866.5088017781576
4,32,20,30,0,246.4085261027018,2016.1877950032551,865.5871709187826
4,32,21,30,0,246.47679328918457,2026.5642801920574,866.9183731079102
4,32,22,30,0,246.47679328918457,2024.8575846354167,865.9285227457682
4,32,23,30,0,246.37440045674643,2031.2746683756511,868.4885025024414
4,32,24,30,0,246.44266764322916,2012.6378377278645,865.6554539998373
4,32,25,30,0,246.47679328918457,2017.2117869059246,867.7375793457031
4,32,26,30,0,246.4085261027018,2015.3685251871746,867.4645105997721
4,32,27,30,0,246.37440045674643,2019.7717030843098,866.4063771565756
4,32,28,30,0,246.44266764322916,2019.6693420410156,867.1914418538412
4,32,29,30,0,246.44266764322916,2021.5124766031902,867.8741455078125
4,32,30,30,0,246.4085261027018,2023.185094197591,866.6112263997396
4,32,31,30,0,246.5109348297119,2015.2319590250652,865.9968058268229
4,32,32,30,0,246.57920201619467,2022.263463338216,866.8842951456705
4,32,33,30,0,246.47679328918457,2026.7008463541667,867.7717208862305
4,32,34,30,0,246.44266764322916,2030.523681640625,867.3621495564779
4,32,35,30,0,246.47679328918457,2030.3189595540364,866.6112263997396
4,32,36,30,0,246.54506047566733,2019.7717030843098,866.5429433186849
4,32,37,30,0,246.44266764322916,2016.494878133138,867.1914418538412
4,32,38,30,0,246.44266764322916,2013.5935465494792,868.1130727132162
4,32,39,30,0,246.34025891621908,2018.7477111816406,869.0346399943033
4,32,40,30,0,246.47679328918457,2032.0938110351562,868.5567855834961
4,32,41,30,0,246.47679328918457,2027.8271993001301,868.2154973347982
4,32,42,30,0,246.4085261027018,2024.3797302246094,867.2938664754232
4,32,43,30,0,246.44266764322916,2027.622350056966,865.4506683349609
4,32,44,30,0,246.4085261027018,2021.1029052734375,866.8160120646158
4,32,45,30,0,246.4085261027018,2032.4693044026692,868.5909271240234
4,32,46,30,0,246.44266764322916,2013.9690399169922,869.1370646158854
4,32,47,30,0,246.37440045674643,2014.8906707763672,868.6592102050781
4,32,48,30,0,246.44266764322916,2026.5983581542969,868.4544245402018
4,32,49,30,0,246.54506047566733,2009.702428181966,868.2837168375651
4,32,50,30,0,246.44266764322916,2022.5365956624348,868.2154973347982
4,32,51,30,0,246.44266764322916,2026.8714904785156,870.1269149780273
4,32,52,30,0,246.5109348297119,2023.6629486083984,868.4544245402018
4,32,53,30,0,246.47679328918457,2019.430414835612,869.5125579833984
4,32,54,30,0,246.47679328918457,2021.5124766031902,870.5706914265951
4,32,55,30,0,246.5109348297119,2009.3610127766926,870.7754770914713
4,32,56,30,0,246.47679328918457,2018.6453501383464,868.4885025024414
4,32,57,30,0,246.54506047566733,2013.5594685872395,868.7957127888998
4,32,58,30,0,246.44266764322916,2025.1988728841145,869.7173436482748
4,32,59,30,0,246.4085261027018,2024.5845794677734,870.7754770914713
4,32,60,30,0,246.30613327026367,2023.0485280354817,871.6970443725586
4,32,61,30,0,246.4085261027018,2019.7034200032551,870.6389109293619
4,32,62,30,0,246.54506047566733,2026.9738515218098,870.3999837239584
4,32,63,30,0,246.44266764322916,2017.1775817871094,870.2976226806641
4,32,64,30,0,246.37440045674643,2034.2442830403645,870.5365498860677
4,4,0,1,0,44.03200000524521,40.95999896526337,49.15200173854828
4,4,1,1,0,44.03200000524521,40.95999896526337,49.15200173854828
4,4,2,1,0,44.03200000524521,40.95999896526337,49.15200173854828
4,4,3,1,0,44.03200000524521,40.95999896526337,49.15200173854828
4,4,4,1,0,43.007999658584595,40.95999896526337,49.15200173854828
4,4,5,1,0,43.007999658584595,40.95999896526337,49.15200173854828
4,4,6,1,0,44.03200000524521,40.95999896526337,49.15200173854828
4,4,7,1,0,43.007999658584595,40.95999896526337,49.15200173854828
4,4,8,1,0,44.03200000524521,40.95999896526337,49.15200173854828
4,4,9,1,0,43.007999658584595,40.95999896526337,49.15200173854828
4,4,10,1,0,44.03200000524521,40.95999896526337,49.15200173854828
4,4,11,1,0,43.007999658584595,40.95999896526337,49.15200173854828
4,4,12,1,0,44.03200000524521,40.95999896526337,49.15200173854828
4,4,13,1,0,44.03200000524521,40.95999896526337,49.15200173854828
4,4,14,1,0,44.03200000524521,40.95999896526337,49.15200173854828
4,4,15,1,0,43.007999658584595,40.95999896526337,50.175998359918594
4,4,16,1,0,43.007999658584595,40.95999896526337,49.15200173854828
4,4,17,1,0,44.03200000524521,40.95999896526337,49.15200173854828
4,4,18,1,0,44.03200000524521,41.98399931192398,50.175998359918594
4,4,19,1,0,44.03200000524521,40.95999896526337,49.15200173854828
4,4,20,1,0,44.03200000524521,40.95999896526337,49.15200173854828
4,4,21,1,0,44.03200000524521,41.98399931192398,49.15200173854828
4,4,22,1,0,44.03200000524521,41.98399931192398,50.175998359918594
4,4,23,1,0,44.03200000524521,41.98399931192398,49.15200173854828
4,4,24,1,0,44.03200000524521,41.98399931192398,49.15200173854828
4,4,25,1,0,44.03200000524521,41.98399931192398,49.15200173854828
4,4,26,1,0,44.03200000524521,41.98399931192398,50.175998359918594
4,4,27,1,0,44.03200000524521,41.98399931192398,50.175998359918594
4,4,28,1,0,43.007999658584595,41.98399931192398,50.175998359918594
4,4,29,1,0,43.007999658584595,41.98399931192398,50.175998359918594
4,4,30,1,0,44.03200000524521,41.98399931192398,50.175998359918594
4,4,31,1,0,43.007999658584595,41.98399931192398,50.175998359918594
4,4,32,1,0,44.03200000524521,41.98399931192398,50.175998359918594
4,4,33,1,0,44.03200000524521,41.98399931192398,50.175998359918594
4,4,34,1,0,43.007999658584595,41.98399931192398,50.175998359918594
4,4,35,1,0,43.007999658584595,41.98399931192398,50.175998359918594
4,4,36,1,0,43.007999658584595,41.98399931192398,50.175998359918594
4,4,37,1,0,44.03200000524521,41.98399931192398,49.15200173854828
4,4,38,1,0,44.03200000524521,41.98399931192398,49.15200173854828
4,4,39,1,0,43.007999658584595,41.98399931192398,50.175998359918594
4,4,40,1,0,43.007999658584595,43.007999658584595,49.15200173854828
4,4,41,1,0,43.007999658584595,43.007999658584595,49.15200173854828
4,4,42,1,0,44.03200000524521,41.98399931192398,49.15200173854828
4,4,43,1,0,44.03200000524521,43.007999658584595,50.175998359918594
4,4,44,1,0,44.03200000524521,41.98399931192398,49.15200173854828
4,4,45,1,0,44.03200000524521,41.98399931192398,50.175998359918594
4,4,46,1,0,43.007999658584595,43.007999658584595,50.175998359918594
4,4,47,1,0,44.03200000524521,43.007999658584595,50.175998359918594
4,4,48,1,0,44.03200000524521,43.007999658584595,50.175998359918594
4,4,49,1,0,43.007999658584595,43.007999658584595,50.175998359918594
4,4,50,1,0,44.03200000524521,43.007999658584595,50.175998359918594
4,4,51,1,0,44.03200000524521,43.007999658584595,50.175998359918594
4,4,52,1,0,44.03200000524521,43.007999658584595,50.175998359918594
4,4,53,1,0,43.007999658584595,43.007999658584595,50.175998359918594
4,4,54,1,0,44.03200000524521,43.007999658584595,50.175998359918594
4,4,55,1,0,44.03200000524521,43.007999658584595,50.175998359918594
4,4,56,1,0,44.03200000524521,43.007999658584595,50.175998359918594
4,4,57,1,0,44.03200000524521,43.007999658584595,50.175998359918594
4,4,58,1,0,44.03200000524521,43.007999658584595,50.175998359918594
4,4,59,1,0,44.03200000524521,43.007999658584595,50.175998359918594
4,4,60,1,0,44.03200000524521,43.007999658584595,51.19999870657921
4,4,61,1,0,43.007999658584595,43.007999658584595,51.19999870657921
4,4,62,1,0,43.007999658584595,43.007999658584595,51.19999870657921
4,4,63,1,0,44.03200000524521,43.007999658584595,51.19999870657921
4,4,64,1,0,44.03200000524521,43.007999658584595,51.19999870657921
4,4,0,30,0,44.16853189468384,32.938667138417564,37.95626560846964
4,4,1,30,0,44.16853189468384,33.14346671104431,38.468265533447266
4,4,2,30,0,44.10026470820109,33.17760030428568,38.536532719930015
4,4,3,30,0,44.13439830144247,33.21173389752706,38.60479990641276
4,4,4,30,0,44.13439830144247,33.17760030428568,38.60479990641276
4,4,5,30,0,44.10026470820109,33.48480065663656,38.809601465861
4,4,6,30,0,44.16853189468384,33.5530678431193,38.91199827194214
4,4,7,30,0,44.10026470820109,33.58720143636068,38.91199827194214
4,4,8,30,0,44.13439830144247,33.58720143636068,38.94613186518351
4,4,9,30,0,44.10026470820109,33.58720143636068,39.04853264490763
4,4,10,30,0,44.13439830144247,33.65546862284342,39.08266623814901
4,4,11,30,0,44.13439830144247,33.65546862284342,39.08266623814901
4,4,12,30,0,44.10026470820109,33.65546862284342,39.18506701787313
4,4,13,30,0,44.13439830144247,33.86026620864868,39.28746779759725
4,4,14,30,0,44.0661350886027,33.82613261540731,39.28746779759725
4,4,15,30,0,44.10026470820109,33.79199902216593,39.355734984079994
4,4,16,30,0,44.13439830144247,33.82613261540731,39.38986857732137
4,4,17,30,0,44.10026470820109,33.82613261540731,39.492265383402504
4,4,18,30,0,44.13439830144247,33.9626669883728,39.492265383402504
4,4,19,30,0,44.13439830144247,33.89439980189005,39.560532569885254
4,4,20,30,0,44.13439830144247,34.099201361338295,39.560532569885254
4,4,21,30,0,44.10026470820109,34.099201361338295,39.697066942850746
4,4,22,30,0,44.13439830144247,34.133334954579674,39.731200536092125
4,4,23,30,0,44.13439830144247,34.099201361338295,39.731200536092125
4,4,24,30,0,44.13439830144247,34.167468547821045,39.765334129333496
4,4,25,30,0,44.16853189468384,34.201598167419434,39.833601315816246
4,4,26,30,0,44.13439830144247,34.235731760660805,39.86773490905762
4,4,27,30,0,44.16853189468384,34.201598167419434,39.93599812189738
4,4,28,30,0,44.13439830144247,34.372266133626304,39.970131715138756
4,4,29,30,0,44.10026470820109,34.474666913350426,40.00426530838013
4,4,30,30,0,44.10026470820109,34.61120128631592,40.0383989016215
4,4,31,30,0,44.10026470820109,34.406399726867676,40.10666608810425
4,4,32,30,0,44.10026470820109,34.57706769307455,40.07253249486288
4,4,33,30,0,44.20266548792521,34.54293409983317,40.20906686782837
4,4,34,30,0,44.13439830144247,34.57706769307455,40.24320046106974
4,4,35,30,0,44.16853189468384,34.713598092397056,40.24320046106974
4,4,36,30,0,44.13439830144247,34.713598092397056,40.31146764755249
4,4,37,30,0,44.13439830144247,34.74773168563843,40.447998046875
4,4,38,30,0,44.13439830144247,34.88426605860392,40.447998046875
4,4,39,30,0,44.13439830144247,34.9183996518453,40.447998046875
4,4,40,30,0,44.10026470820109,34.9183996518453,40.51626523335775
4,4,41,30,0,44.13439830144247,34.9183996518453,40.58453241984049
4,4,42,30,0,44.13439830144247,35.12320121129354,40.58453241984049
4,4,43,30,0,44.13439830144247,35.12320121129354,40.65279960632324
4,4,44,30,0,44.16853189468384,35.19146839777628,40.68693319956461
4,4,45,30,0,44.13439830144247,35.08906761805216,40.75520038604736
4,4,46,30,0,44.10026470820109,35.12320121129354,40.82346757253011
4,4,47,30,0,44.13439830144247,35.19146839777628,40.857601165771484
4,4,48,30,0,44.13439830144247,35.29386520385742,40.891734759012856
4,4,49,30,0,44.13439830144247,35.32799879709879,40.960001945495605
4,4,50,30,0,44.13439830144247,35.29386520385742,41.062398751576744
4,4,51,30,0,44.16853189468384,35.498666763305664,41.028265158335365
4,4,52,30,0,44.13439830144247,35.39626598358154,41.096532344818115
4,4,53,30,0,44.13439830144247,35.498666763305664,41.198933124542236
4,4,54,30,0,44.10026470820109,35.566933949788414,41.33546749750773
4,4,55,30,0,44.10026470820109,35.566933949788414,41.267200311024986
4,4,56,30,0,44.13439830144247,35.669334729512535,41.267200311024986
4,4,57,30,0,44.13439830144247,35.73760191599528,41.36960109074911
4,4,58,30,0,44.13439830144247,35.771731535593666,41.40373468399048
4,4,59,30,0,44.13439830144247,35.703468322753906,41.43786827723185
4,4,60,30,0,44.13439830144247,35.669334729512535,41.47200187047323
4,4,61,30,0,44.16853189468384,36.01066668828329,41.71093304951986
4,4,62,30,0,44.10026470820109,35.97653309504191,41.7792002360026
4,4,63,30,0,44.13439830144247,36.01066668828329,41.7792002360026
4,4,64,30,0,44.13439830144247,36.14720106124878,41.74506664276123
4,8,0,1,0,70.65600156784058,70.65600156784058,73.72800260782242
4,8,1,1,0,70.65600156784058,70.65600156784058,73.72800260782242
4,8,2,1,0,70.65600156784058,70.65600156784058,74.75200295448303
4,8,3,1,0,70.65600156784058,70.65600156784058,74.75200295448303
4,8,4,1,0,70.65600156784058,70.65600156784058,74.75200295448303
4,8,5,1,0,70.65600156784058,70.65600156784058,74.75200295448303
4,8,6,1,0,70.65600156784058,70.65600156784058,74.75200295448303
4,8,7,1,0,70.65600156784058,70.65600156784058,74.75200295448303
4,8,8,1,0,70.65600156784058,71.68000191450119,74.75200295448303
4,8,9,1,0,70.65600156784058,71.68000191450119,74.75200295448303
4,8,10,1,0,71.68000191450119,71.68000191450119,74.75200295448303
4,8,11,1,0,70.65600156784058,71.68000191450119,74.75200295448303
4,8,12,1,0,70.65600156784058,71.68000191450119,75.77600330114365
4,8,13,1,0,70.65600156784058,71.68000191450119,74.75200295448303
4,8,14,1,0,70.65600156784058,71.68000191450119,74.75200295448303
4,8,15,1,0,70.65600156784058,71.68000191450119,75.77600330114365
4,8,16,1,0,70.65600156784058,71.68000191450119,75.77600330114365
4,8,17,1,0,70.65600156784058,71.68000191450119,74.75200295448303
4,8,18,1,0,70.65600156784058,71.68000191450119,74.75200295448303
4,8,19,1,0,70.65600156784058,71.68000191450119,75.77600330114365
4,8,20,1,0,70.65600156784058,71.68000191450119,74.75200295448303
4,8,21,1,0,70.65600156784058,71.68000191450119,75.77600330114365
4,8,22,1,0,70.65600156784058,71.68000191450119,75.77600330114365
4,8,23,1,0,70.65600156784058,71.68000191450119,74.75200295448303
4,8,24,1,0,70.65600156784058,71.68000191450119,74.75200295448303
4,8,25,1,0,70.65600156784058,71.68000191450119,75.77600330114365
4,8,26,1,0,71.68000191450119,71.68000191450119,75.77600330114365
4,8,27,1,0,70.65600156784058,71.68000191450119,75.77600330114365
4,8,28,1,0,70.65600156784058,71.68000191450119,75.77600330114365
4,8,29,1,0,70.65600156784058,71.68000191450119,75.77600330114365
4,8,30,1,0,70.65600156784058,71.68000191450119,74.75200295448303
4,8,31,1,0,70.65600156784058,71.68000191450119,75.77600330114365
4,8,32,1,0,70.65600156784058,71.68000191450119,75.77600330114365
4,8,33,1,0,70.65600156784058,71.68000191450119,75.77600330114365
4,8,34,1,0,70.65600156784058,71.68000191450119,75.77600330114365
4,8,35,1,0,70.65600156784058,71.68000191450119,75.77600330114365
4,8,36,1,0,70.65600156784058,72.7040022611618,75.77600330114365
4,8,37,1,0,70.65600156784058,72.7040022611618,75.77600330114365
4,8,38,1,0,70.65600156784058,72.7040022611618,75.77600330114365
4,8,39,1,0,70.65600156784058,72.7040022611618,75.77600330114365
4,8,40,1,0,70.65600156784058,72.7040022611618,75.77600330114365
4,8,41,1,0,70.65600156784058,72.7040022611618,75.77600330114365
4,8,42,1,0,70.65600156784058,72.7040022611618,75.77600330114365
4,8,43,1,0,70.65600156784058,72.7040022611618,75.77600330114365
4,8,44,1,0,70.65600156784058,72.7040022611618,75.77600330114365
4,8,45,1,0,70.65600156784058,72.7040022611618,75.77600330114365
4,8,46,1,0,70.65600156784058,72.7040022611618,75.77600330114365
4,8,47,1,0,70.65600156784058,72.7040022611618,75.77600330114365
4,8,48,1,0,70.65600156784058,72.7040022611618,75.77600330114365
4,8,49,1,0,70.65600156784058,72.7040022611618,75.77600330114365
4,8,50,1,0,71.68000191450119,72.7040022611618,76.80000364780426
4,8,51,1,0,70.65600156784058,72.7040022611618,75.77600330114365
4,8,52,1,0,71.68000191450119,72.7040022611618,76.80000364780426
4,8,53,1,0,70.65600156784058,72.7040022611618,76.80000364780426
4,8,54,1,0,70.65600156784058,73.72800260782242,76.80000364780426
4,8,55,1,0,70.65600156784058,73.72800260782242,75.77600330114365
4,8,56,1,0,70.65600156784058,72.7040022611618,76.80000364780426
4,8,57,1,0,70.65600156784058,72.7040022611618,76.80000364780426
4,8,58,1,0,70.65600156784058,73.72800260782242,76.80000364780426
4,8,59,1,0,70.65600156784058,73.72800260782242,76.80000364780426
4,8,60,1,0,70.65600156784058,73.72800260782242,76.80000364780426
4,8,61,1,0,70.65600156784058,73.72800260782242,76.80000364780426
4,8,62,1,0,70.65600156784058,73.72800260782242,76.80000364780426
4,8,63,1,0,70.65600156784058,73.72800260782242,76.80000364780426
4,8,64,1,0,70.65600156784058,73.72800260782242,76.80000364780426
4,8,0,30,0,71.61173025767009,52.32640107472738,57.58293469746908
4,8,1,30,0,71.61173025767009,52.838400999704994,58.16320180892944
4,8,2,30,0,71.57759666442871,53.35040092468262,58.333865801493324
4,8,3,30,0,71.57759666442871,52.7018666267395,58.29973220825195
4,8,4,30,0,71.57759666442871,52.87253459294637,58.333865801493324
4,8,5,30,0,71.64586385091145,52.974931399027504,58.606934547424316
4,8,6,30,0,71.61173025767009,53.213866551717125,58.709331353505455
4,8,7,30,0,71.57759666442871,52.7018666267395,58.64106814066569
4,8,8,30,0,71.61173025767009,53.45280170440674,58.64106814066569
4,8,9,30,0,71.61173025767009,53.41866811116537,58.84586572647095
4,8,10,30,0,71.54346307118733,53.657599290212,58.84586572647095
4,8,11,30,0,71.61173025767009,53.62346569697062,58.9141329129537
4,8,12,30,0,71.54346307118733,53.89653444290161,58.84586572647095
4,8,13,30,0,71.61173025767009,53.62346569697062,58.98240009943644
4,8,14,30,0,71.61173025767009,53.93066803614298,59.05066728591919
4,8,15,30,0,71.61173025767009,53.96480162938436,59.01653369267782
4,8,16,30,0,71.57759666442871,53.96480162938436,59.01653369267782
4,8,17,30,0,71.64586385091145,54.30613358815511,59.18720165888468
4,8,18,30,0,71.64586385091145,54.16959921518961,59.25546487172445
4,8,19,30,0,71.57759666442871,54.340267181396484,59.25546487172445
4,8,20,30,0,71.57759666442871,54.13546562194824,59.15306806564331
4,8,21,30,0,71.57759666442871,54.23786640167236,59.35786565144857
4,8,22,30,0,71.61173025767009,54.510935147603355,59.39199924468994
4,8,23,30,0,71.57759666442871,54.81813351313273,59.42613283793131
4,8,24,30,0,71.61173025767009,54.510935147603355,59.32373205820719
4,8,25,30,0,71.54346307118733,55.15946547190348,59.49440002441406
4,8,26,30,0,71.61173025767009,54.92053429285685,59.46026643117269
4,8,27,30,0,71.61173025767009,55.2618662516276,59.49440002441406
4,8,28,30,0,71.57759666442871,54.545064767201744,59.39199924468994
4,8,29,30,0,71.61173025767009,55.29599984486898,59.49440002441406
4,8,30,30,0,71.54346307118733,55.19359906514486,59.733335177103676
4,8,31,30,0,71.61173025767009,55.02293507258097,59.56266721089681
4,8,32,30,0,71.57759666442871,55.73973258336385,59.699201583862305
4,8,33,30,0,71.61173025767009,55.842133363087974,59.66506799062093
4,8,34,30,0,71.57759666442871,55.36426703135172,59.835731983184814
4,8,35,30,0,71.54346307118733,55.2618662516276,59.733335177103676
4,8,36,30,0,71.57759666442871,56.35413328806559,59.699201583862305
4,8,37,30,0,71.61173025767009,55.705598990122475,59.903999169667564
4,8,38,30,0,71.64586385091145,55.876266956329346,59.835731983184814
4,8,39,30,0,71.57759666442871,56.08106851577759,59.835731983184814
4,8,40,30,0,71.57759666442871,56.14933172861735,59.869865576426186
4,8,41,30,0,71.61173025767009,55.842133363087974,60.04053354263306
4,8,42,30,0,71.61173025767009,56.76373243331909,60.04053354263306
4,8,43,30,0,71.57759666442871,56.28586610158285,59.97226635615031
4,8,44,30,0,71.64586385091145,56.45653406778971,60.17706791559855
4,8,45,30,0,71.61173025767009,56.69546524683634,60.27946472167969
4,8,46,30,0,71.61173025767009,56.900266806284584,60.48426628112793
4,8,47,30,0,71.57759666442871,56.900266806284584,60.2453351020813
4,8,48,30,0,71.57759666442871,56.72959884007772,60.41599909464518
4,8,49,30,0,71.57759666442871,57.036801179250084,60.58666706085205
4,8,50,30,0,71.61173025767009,57.036801179250084,60.62080065409342
4,8,51,30,0,71.61173025767009,57.036801179250084,60.62080065409342
4,8,52,30,0,71.61173025767009,57.241598765055336,60.58666706085205
4,8,53,30,0,71.57759666442871,57.44640032450358,60.58666706085205
4,8,54,30,0,71.57759666442871,57.44640032450358,60.72320143381754
4,8,55,30,0,71.57759666442871,57.71946509679159,60.6549342473348
4,8,56,30,0,71.57759666442871,57.65120188395182,60.72320143381754
4,8,57,30,0,71.64586385091145,57.65120188395182,60.962132612864174
4,8,58,30,0,71.61173025767009,58.12906821568807,61.201067765553795
4,8,59,30,0,71.57759666442871,58.094934622446694,61.166934172312416
4,8,60,30,0,71.57759666442871,57.9584002494812,61.439998944600426
4,8,61,30,0,71.57759666442871,58.02666743596395,61.371731758117676
4,8,62,30,0,71.61173025767009,58.436266581217446,61.337598164876304
4,8,63,30,0,71.64586385091145,58.572800954182945,61.371731758117676
4,8,64,30,0,71.57759666442871,58.64106814066569,61.61066691080729
8,16,0,1,0,215.03999829292297,239.6160066127777,353.2800078392029
8,16,1,1,0,215.03999829292297,238.5919988155365,353.2800078392029
8,16,2,1,0,218.1120067834854,239.6160066127777,354.3039858341217
8,16,3,1,0,214.01600539684296,239.6160066127777,354.3039858341217
8,16,4,1,0,217.0879989862442,238.5919988155365,355.3279936313629
8,16,5,1,0,217.0879989862442,238.5919988155365,355.3279936313629
8,16,6,1,0,217.0879989862442,240.63999950885773,355.3279936313629
8,16,7,1,0,215.03999829292297,239.6160066127777,354.3039858341217
8,16,8,1,0,218.1120067834854,239.6160066127777,354.3039858341217
8,16,9,1,0,218.1120067834854,239.6160066127777,355.3279936313629
8,16,10,1,0,214.01600539684296,239.6160066127777,354.3039858341217
8,16,11,1,0,214.01600539684296,240.63999950885773,354.3039858341217
8,16,12,1,0,218.1120067834854,241.66400730609894,355.3279936313629
8,16,13,1,0,217.0879989862442,239.6160066127777,355.3279936313629
8,16,14,1,0,216.06400609016418,239.6160066127777,355.3279936313629
8,16,15,1,0,217.0879989862442,240.63999950885773,354.3039858341217
8,16,16,1,0,214.01600539684296,241.66400730609894,356.3520014286041
8,16,17,1,0,217.0879989862442,240.63999950885773,355.3279936313629
8,16,18,1,0,218.1120067834854,240.63999950885773,355.3279936313629
8,16,19,1,0,214.01600539684296,241.66400730609894,357.37600922584534
8,16,20,1,0,215.03999829292297,241.66400730609894,358.39998722076416
8,16,21,1,0,215.03999829292297,241.66400730609894,356.3520014286041
8,16,22,1,0,218.1120067834854,241.66400730609894,358.39998722076416
8,16,23,1,0,214.01600539684296,241.66400730609894,357.37600922584534
8,16,24,1,0,218.1120067834854,241.66400730609894,358.39998722076416
8,16,25,1,0,215.03999829292297,241.66400730609894,357.37600922584534
8,16,26,1,0,218.1120067834854,241.66400730609894,357.37600922584534
8,16,27,1,0,215.03999829292297,241.66400730609894,357.37600922584534
8,16,28,1,0,215.03999829292297,243.71199309825897,356.3520014286041
8,16,29,1,0,214.01600539684296,241.66400730609894,355.3279936313629
8,16,30,1,0,214.01600539684296,241.66400730609894,356.3520014286041
8,16,31,1,0,218.1120067834854,242.68800020217896,356.3520014286041
8,16,32,1,0,217.0879989862442,242.68800020217896,356.3520014286041
8,16,33,1,0,214.01600539684296,242.68800020217896,356.3520014286041
8,16,34,1,0,215.03999829292297,243.71199309825897,356.3520014286041
8,16,35,1,0,215.03999829292297,242.68800020217896,356.3520014286041
8,16,36,1,0,218.1120067834854,244.73600089550018,357.37600922584534
8,16,37,1,0,214.01600539684296,244.73600089550018,356.3520014286041
8,16,38,1,0,214.01600539684296,243.71199309825897,356.3520014286041
8,16,39,1,0,214.01600539684296,244.73600089550018,357.37600922584534
8,16,40,1,0,216.06400609016418,243.71199309825897,357.37600922584534
8,16,41,1,0,214.01600539684296,245.7599937915802,357.37600922584534
8,16,42,1,0,215.03999829292297,243.71199309825897,360.4480028152466
8,16,43,1,0,219.13599967956543,244.73600089550018,358.39998722076416
8,16,44,1,0,219.13599967956543,243.71199309825897,359.42399501800537
8,16,45,1,0,215.03999829292297,244.73600089550018,358.39998722076416
8,16,46,1,0,216.06400609016418,243.71199309825897,360.4480028152466
8,16,47,1,0,218.1120067834854,244.73600089550018,359.42399501800537
8,16,48,1,0,216.06400609016418,244.73600089550018,358.39998722076416
8,16,49,1,0,218.1120067834854,245.7599937915802,360.4480028152466
8,16,50,1,0,216.06400609016418,245.7599937915802,360.4480028152466
8,16,51,1,0,215.03999829292297,244.73600089550018,358.39998722076416
8,16,52,1,0,214.01600539684296,245.7599937915802,357.37600922584534
8,16,53,1,0,214.01600539684296,244.73600089550018,359.42399501800537
8,16,54,1,0,214.01600539684296,246.7840015888214,359.42399501800537
8,16,55,1,0,215.03999829292297,245.7599937915802,359.42399501800537
8,16,56,1,0,218.1120067834854,246.7840015888214,359.42399501800537
8,16,57,1,0,216.06400609016418,246.7840015888214,358.39998722076416
8,16,58,1,0,214.01600539684296,246.7840015888214,359.42399501800537
8,16,59,1,0,214.01600539684296,246.7840015888214,359.42399501800537
8,16,60,1,0,212.99199759960175,246.7840015888214,360.4480028152466
8,16,61,1,0,215.03999829292297,246.7840015888214,360.4480028152466
8,16,62,1,0,217.0879989862442,246.7840015888214,359.42399501800537
8,16,63,1,0,214.01600539684296,245.7599937915802,359.42399501800537
8,16,64,1,0,218.1120067834854,247.80799448490143,360.4480028152466
8,16,0,30,0,220.80853780110678,236.03199323018393,350.10560353597003
8,16,1,30,0,221.35465939839682,236.81707382202148,350.9589195251465
8,16,2,30,0,221.28639221191406,237.26080258687338,351.0613441467285
8,16,3,30,0,221.25226656595865,237.3290697733561,350.65174102783203
8,16,4,30,0,221.4911937713623,237.53387133280435,350.7541338602702
8,16,5,30,0,221.4570681254069,238.0799929300944,351.2661298116048
8,16,6,30,0,221.3205337524414,238.0799929300944,351.30027135213214
8,16,7,30,0,221.21814092000326,237.80694007873535,351.470947265625
8,16,8,30,0,221.01333936055502,238.2165273030599,351.23198827107746
8,16,9,30,0,221.4570681254069,238.14826011657715,351.2661298116048
8,16,10,30,0,221.11573219299316,238.89919916788736,351.91466013590497
8,16,11,30,0,221.38880093892416,238.42132886250815,351.4026641845703
8,16,12,30,0,221.08160654703775,238.55786323547363,351.7098744710286
8,16,13,30,0,221.35465939839682,239.1040007273356,352.5631904602051
8,16,14,30,0,221.28639221191406,239.13812637329102,351.9488016764323
8,16,15,30,0,221.1498737335205,239.06985918680826,352.5973320007324
8,16,16,30,0,221.38880093892416,239.3770694732666,352.5973320007324
8,16,17,30,0,221.3205337524414,239.58187103271484,352.7680079142253
8,16,18,30,0,221.21814092000326,239.85493977864584,352.49493916829425
8,16,19,30,0,221.25226656595865,239.88906542460123,353.1434694925944
8,16,20,30,0,221.18399937947592,240.05972544352213,352.63147354125977
8,16,21,30,0,221.25226656595865,240.4693285624186,353.38239669799805
8,16,22,30,0,221.42292658487955,240.19625981648764,353.38239669799805
8,16,23,30,0,221.38880093892416,240.60586293538412,353.7578582763672
8,16,24,30,0,221.4570681254069,240.12799263000488,353.2117207845052
8,16,25,30,0,221.0474650065104,241.1861260732015,354.03092702229816
8,16,26,30,0,221.18399937947592,241.25439325968424,353.7578582763672
8,16,27,30,0,221.18399937947592,241.35680198669434,353.8261413574219
8,16,28,30,0,221.4911937713623,241.35680198669434,354.23574447631836
8,16,29,30,0,221.25226656595865,242.00533231099448,353.86025110880536
8,16,30,30,0,221.01333936055502,241.76640510559082,354.1674613952637
8,16,31,30,0,221.25226656595865,241.93706512451172,354.50881322224933
8,16,32,30,0,221.42292658487955,241.86879793802896,354.64534759521484
8,16,33,30,0,221.3205337524414,242.21013387044272,354.64534759521484
8,16,34,30,0,221.08160654703775,242.7903970082601,355.020809173584
8,16,35,30,0,221.4911937713623,242.6538626352946,354.50881322224933
8,16,36,30,0,221.08160654703775,242.85866419474283,354.747740427653
8,16,37,30,0,220.97919782002768,243.16587448120117,354.88427480061847
8,16,38,30,0,221.28639221191406,243.06346575419107,355.1914532979329
8,16,39,30,0,221.18399937947592,243.13173294067383,355.4986635843913
8,16,40,30,0,221.25226656595865,243.23412577311197,354.9525260925293
8,16,41,30,0,221.21814092000326,243.9509391784668,355.9424082438151
8,16,42,30,0,221.01333936055502,244.01920636494955,356.4202626546224
8,16,43,30,0,221.18399937947592,244.15574073791504,355.87412516276044
8,16,44,30,0,221.18399937947592,244.1215991973877,356.6933314005534
8,16,45,30,0,221.4570681254069,244.15574073791504,356.5567970275879
8,16,46,30,0,221.28639221191406,244.3946679433187,356.7957242329915
8,16,47,30,0,221.1498737335205,244.66773668924967,356.7957242329915
8,16,48,30,0,221.11573219299316,244.5653279622396,357.17118581136066
8,16,49,30,0,221.11573219299316,245.07733980814615,357.6832135518392
8,16,50,30,0,221.01333936055502,245.38453420003256,357.71732330322266
8,16,51,30,0,221.01333936055502,245.55519421895346,357.3418617248535
8,16,52,30,0,221.25226656595865,245.8965301513672,357.13707605997723
8,16,53,30,0,221.21814092000326,245.86240450541177,357.9903920491536
8,16,54,30,0,221.25226656595865,246.30613327026367,357.8879992167155
8,16,55,30,0,221.42292658487955,245.7599957784017,357.9903920491536
8,16,56,30,0,221.38880093892416,246.30613327026367,357.6149304707845
8,16,57,30,0,221.4570681254069,246.6815948486328,358.7072054545085
8,16,58,30,0,221.5936024983724,246.4085261027018,358.9461326599121
8,16,59,30,0,220.97919782002768,247.15946515401205,358.6048126220703
8,16,60,30,0,221.52533531188965,246.57920201619467,358.98027420043945
8,16,61,30,0,221.35465939839682,246.74986203511557,359.2874526977539
8,16,62,30,0,221.18399937947592,247.5349267323812,359.4922701517741
8,16,63,30,0,221.28639221191406,247.50080108642578,359.2874526977539
8,16,64,30,0,221.1498737335205,247.22773234049478,359.6629460652669
8,32,0,1,0,414.71999883651733,3984.384059906006,1709.05601978302
8,32,1,1,0,413.6959910392761,3973.1199741363525,1710.0800275802612
8,32,2,1,0,418.8160002231598,3978.2400131225586,1709.05601978302
8,32,3,1,0,414.71999883651733,4011.007785797119,1709.05601978302
8,32,4,1,0,410.6239974498749,3974.1439819335938,1710.0800275802612
8,32,5,1,0,415.74400663375854,3985.408067703247,1708.0320119857788
8,32,6,1,0,414.71999883651733,3973.1199741363525,1709.05601978302
8,32,7,1,0,408.57601165771484,3983.3600521087646,1709.05601978302
8,32,8,1,0,413.6959910392761,3964.927911758423,1710.0800275802612
8,32,9,1,0,414.71999883651733,3976.191997528076,1709.05601978302
8,32,10,1,0,415.74400663375854,3966.9759273529053,1710.0800275802612
8,32,11,1,0,409.59998965263367,3964.927911758423,1710.0800275802612
8,32,12,1,0,416.76801443099976,3970.047950744629,1711.1040353775024
8,32,13,1,0,416.76801443099976,3996.6719150543213,1711.1040353775024
8,32,14,1,0,416.76801443099976,3961.855888366699,1711.1040353775024
8,32,15,1,0,416.76801443099976,3984.384059906006,1710.0800275802612
8,32,16,1,0,414.71999883651733,3973.1199741363525,1711.1040353775024
8,32,17,1,0,413.6959910392761,3978.2400131225586,1710.0800275802612
8,32,18,1,0,409.59998965263367,3974.1439819335938,1712.1280431747437
8,32,19,1,0,412.6720130443573,3985.408067703247,1710.0800275802612
8,32,20,1,0,413.6959910392761,3961.855888366699,1712.1280431747437
8,32,21,1,0,417.7919924259186,4006.9122314453125,1711.1040353775024
8,32,22,1,0,408.57601165771484,3979.2640209198,1710.0800275802612
8,32,23,1,0,415.74400663375854,3976.191997528076,1712.1280431747437
8,32,24,1,0,409.59998965263367,3980.288028717041,1712.1280431747437
8,32,25,1,0,414.71999883651733,3978.2400131225586,1710.0800275802612
8,32,26,1,0,413.6959910392761,3981.312036514282,1711.1040353775024
8,32,27,1,0,409.59998965263367,3996.6719150543213,1710.0800275802612
8,32,28,1,0,407.55200386047363,3979.2640209198,1713.1520509719849
8,32,29,1,0,413.6959910392761,3979.2640209198,1713.1520509719849
8,32,30,1,0,416.76801443099976,3992.5758838653564,1711.1040353775024
8,32,31,1,0,416.76801443099976,4001.7919540405273,1712.1280431747437
8,32,32,1,0,414.71999883651733,3988.4800910949707,1714.176058769226
8,32,33,1,0,417.7919924259186,3992.5758838653564,1714.176058769226
8,32,34,1,0,415.74400663375854,3995.64790725708,1712.1280431747437
8,32,35,1,0,414.71999883651733,3976.191997528076,1714.176058769226
8,32,36,1,0,416.76801443099976,3967.9999351501465,1711.1040353775024
8,32,37,1,0,415.74400663375854,3985.408067703247,1714.176058769226
8,32,38,1,0,414.71999883651733,3983.3600521087646,1715.1999473571777
8,32,39,1,0,415.74400663375854,3992.5758838653564,1714.176058769226
8,32,40,1,0,409.59998965263367,3984.384059906006,1715.1999473571777
8,32,41,1,0,414.71999883651733,3979.2640209198,1715.1999473571777
8,32,42,1,0,411.6480052471161,3978.2400131225586,1713.1520509719849
8,32,43,1,0,407.55200386047363,3988.4800910949707,1712.1280431747437
8,32,44,1,0,412.6720130443573,3973.1199741363525,1714.176058769226
8,32,45,1,0,413.6959910392761,3982.3360443115234,1713.1520509719849
8,32,46,1,0,407.55200386047363,3980.288028717041,1713.1520509719849
8,32,47,1,0,411.6480052471161,3995.64790725708,1713.1520509719849
8,32,48,1,0,408.57601165771484,3979.2640209198,1715.1999473571777
8,32,49,1,0,416.76801443099976,3996.6719150543213,1715.1999473571777
8,32,50,1,0,412.6720130443573,3972.0959663391113,1713.1520509719849
8,32,51,1,0,413.6959910392761,3993.5998916625977,1714.176058769226
8,32,52,1,0,412.6720130443573,3975.167989730835,1716.223955154419
8,32,53,1,0,416.76801443099976,3983.3600521087646,1714.176058769226
8,32,54,1,0,408.57601165771484,3994.623899459839,1716.223955154419
8,32,55,1,0,415.74400663375854,4001.7919540405273,1717.2479629516602
8,32,56,1,0,416.76801443099976,3995.64790725708,1714.176058769226
8,32,57,1,0,416.76801443099976,3977.2160053253174,1714.176058769226
8,32,58,1,0,409.59998965263367,3982.3360443115234,1715.1999473571777
8,32,59,1,0,415.74400663375854,3980.288028717041,1714.176058769226
8,32,60,1,0,409.59998965263367,3978.2400131225586,1714.176058769226
8,32,61,1,0,414.71999883651733,3990.528106689453,1716.223955154419
8,32,62,1,0,416.76801443099976,3987.4560832977295,1716.223955154419
8,32,63,1,0,411.6480052471161,3994.623899459839,1717.2479629516602
8,32,64,1,0,415.74400663375854,3975.167989730835,1717.2479629516602
8,32,0,30,0,417.17761357625324,3987.524159749349,1706.2571207682292
8,32,1,30,0,416.46080017089844,3985.954030354818,1706.9056193033855
8,32,2,30,0,416.8704032897949,3988.104502360026,1707.144546508789
8,32,3,30,0,416.93865458170575,3985.4761759440103,1707.1103413899739
8,32,4,30,0,417.0410792032878,3990.3231302897134,1707.3493957519531
8,32,5,30,0,416.80212020874023,3986.9099934895835,1708.578109741211
8,32,6,30,0,416.93865458170575,3987.3194376627603,1708.5440317789714
8,32,7,30,0,417.17761357625324,3988.445790608724,1707.7589670817058
8,32,8,30,0,417.24586486816406,3988.8895670572915,1708.3733876546223
8,32,9,30,0,417.24586486816406,3988.9920552571616,1708.3391825358074
8,32,10,30,0,416.8704032897949,3988.104502360026,1708.202616373698
8,32,11,30,0,416.9727961222331,3989.879353841146,1707.2811126708984
8,32,12,30,0,417.1434720357259,3987.8657023111978,1708.6463928222656
8,32,13,30,0,416.6314760843913,3989.026133219401,1708.578109741211
8,32,14,30,0,416.4949417114258,3993.5999552408853,1708.407465616862
8,32,15,30,0,416.9727961222331,3991.6203816731772,1709.158452351888
8,32,16,30,0,416.69972737630206,3991.4494832356772,1708.782958984375
8,32,17,30,0,417.24586486816406,3985.7833862304688,1708.6804707845051
8,32,18,30,0,416.8704032897949,3991.551971435547,1709.0218861897786
8,32,19,30,0,417.17761357625324,3990.630340576172,1709.0218861897786
8,32,20,30,0,417.1434720357259,3988.445790608724,1709.9775950113933
8,32,21,30,0,416.6314760843913,3989.4699096679688,1710.0116729736328
8,32,22,30,0,416.80212020874023,3995.3407287597656,1709.1925303141277
8,32,23,30,0,417.17761357625324,3990.289052327474,1710.318883260091
8,32,24,30,0,416.80212020874023,3996.2623596191406,1710.6260935465496
8,32,25,30,0,417.17761357625324,3992.9173787434897,1711.5477244059246
8,32,26,30,0,416.93865458170575,3992.88330078125,1709.9093119303386
8,32,27,30,0,417.0410792032878,3996.6720581054688,1711.0357920328777
8,32,28,30,0,416.69972737630206,4000.0170389811196,1710.045878092448
8,32,29,30,0,416.8362617492676,3994.2484537760415,1710.2848052978516
8,32,30,30,0,416.7338689168294,3991.1422729492188,1711.8549346923828
8,32,31,30,0,417.17761357625324,3991.278839111328,1711.4453633626301
8,32,32,30,0,417.1434720357259,3995.5457051595054,1712.2304280598958
8,32,33,30,0,417.24586486816406,3996.876780192057,1714.8928324381511
8,32,34,30,0,416.35840733846027,3996.39892578125,1712.503433227539
8,32,35,30,0,416.6655858357747,3995.033518473307,1711.7183685302734
8,32,36,30,0,416.6314760843913,3993.0196126302085,1712.605921427409
8,32,37,30,0,417.0751889546712,3992.234547932943,1711.8549346923828
8,32,38,30,0,416.46080017089844,3995.8185831705728,1712.4351501464844
8,32,39,30,0,416.9727961222331,3994.6581522623696,1711.8549346923828
8,32,40,30,0,417.1434720357259,3998.2081095377603,1712.0597839355469
8,32,41,30,0,416.90454483032227,3998.2762654622397,1712.9130045572917
8,32,42,30,0,416.8704032897949,3992.9173787434897,1713.9712015787761
8,32,43,30,0,416.8704032897949,3995.238494873047,1712.878926595052
8,32,44,30,0,417.3823992411296,4006.024424235026,1713.3227030436199
8,32,45,30,0,416.80212020874023,3991.6203816731772,1712.4693552652996
8,32,46,30,0,416.52905146280926,3995.7845052083335,1714.1760508219402
8,32,47,30,0,416.69972737630206,3997.9008992513022,1714.0735626220703
8,32,48,30,0,416.8362617492676,3996.4330037434897,1714.141845703125
8,32,49,30,0,417.0751889546712,3992.405446370443,1713.800557454427
8,32,50,30,0,416.80212020874023,3993.804677327474,1713.6299133300781
8,32,51,30,0,417.10933049519855,3996.7402140299478,1715.3364817301433
8,32,52,30,0,416.8704032897949,4001.928456624349,1714.517339070638
8,32,53,30,0,416.80212020874023,3994.6922302246094,1713.9712015787761
8,32,54,30,0,416.9727961222331,3995.1700846354165,1715.6778971354167
8,32,55,30,0,417.17761357625324,3997.491200764974,1715.3706868489583
8,32,56,30,0,417.2117233276367,3996.467081705729,1714.1077677408855
8,32,57,30,0,417.10933049519855,3997.0133463541665,1714.5856221516926
8,32,58,30,0,417.24586486816406,3991.2447611490884,1715.8826192220051
8,32,59,30,0,417.0410792032878,3993.7024434407554,1716.6676839192708
8,32,60,30,0,416.9727961222331,3995.5457051595054,1714.5514170328777
8,32,61,30,0,416.90454483032227,3997.9008992513022,1715.3706868489583
8,32,62,30,0,416.8704032897949,3997.798411051432,1715.9509023030598
8,32,63,30,0,416.6655858357747,3997.3546346028647,1715.8826192220051
8,32,64,30,0,416.25601450602215,3994.794718424479,1714.858627319336
8,4,0,1,0,76.80000364780426,78.84799689054489,90.11200070381165
8,4,1,1,0,76.80000364780426,79.8719972372055,91.13600105047226
8,4,2,1,0,76.80000364780426,79.8719972372055,90.11200070381165
8,4,3,1,0,76.80000364780426,79.8719972372055,90.11200070381165
8,4,4,1,0,76.80000364780426,79.8719972372055,91.13600105047226
8,4,5,1,0,76.80000364780426,79.8719972372055,91.13600105047226
8,4,6,1,0,76.80000364780426,80.89599758386612,91.13600105047226
8,4,7,1,0,76.80000364780426,80.89599758386612,91.13600105047226
8,4,8,1,0,76.80000364780426,79.8719972372055,91.13600105047226
8,4,9,1,0,76.80000364780426,80.89599758386612,91.13600105047226
8,4,10,1,0,76.80000364780426,80.89599758386612,91.13600105047226
8,4,11,1,0,75.77600330114365,80.89599758386612,91.13600105047226
8,4,12,1,0,76.80000364780426,80.89599758386612,91.13600105047226
8,4,13,1,0,76.80000364780426,80.89599758386612,91.13600105047226
8,4,14,1,0,76.80000364780426,80.89599758386612,91.13600105047226
8,4,15,1,0,75.77600330114365,79.8719972372055,91.13600105047226
8,4,16,1,0,76.80000364780426,80.89599758386612,91.13600105047226
8,4,17,1,0,76.80000364780426,80.89599758386612,92.16000139713287
8,4,18,1,0,76.80000364780426,80.89599758386612,92.16000139713287
8,4,19,1,0,76.80000364780426,80.89599758386612,91.13600105047226
8,4,20,1,0,76.80000364780426,80.89599758386612,91.13600105047226
8,4,21,1,0,75.77600330114365,80.89599758386612,92.16000139713287
8,4,22,1,0,75.77600330114365,80.89599758386612,92.16000139713287
8,4,23,1,0,76.80000364780426,80.89599758386612,92.16000139713287
8,4,24,1,0,76.80000364780426,81.91999793052673,92.16000139713287
8,4,25,1,0,76.80000364780426,81.91999793052673,92.16000139713287
8,4,26,1,0,76.80000364780426,81.91999793052673,92.16000139713287
8,4,27,1,0,76.80000364780426,80.89599758386612,92.16000139713287
8,4,28,1,0,76.80000364780426,80.89599758386612,92.16000139713287
8,4,29,1,0,75.77600330114365,81.91999793052673,92.16000139713287
8,4,30,1,0,75.77600330114365,80.89599758386612,92.16000139713287
8,4,31,1,0,76.80000364780426,81.91999793052673,92.16000139713287
8,4,32,1,0,76.80000364780426,81.91999793052673,92.16000139713287
8,4,33,1,0,75.77600330114365,81.91999793052673,92.16000139713287
8,4,34,1,0,75.77600330114365,81.91999793052673,92.16000139713287
8,4,35,1,0,76.80000364780426,81.91999793052673,92.16000139713287
8,4,36,1,0,75.77600330114365,81.91999793052673,92.16000139713287
8,4,37,1,0,75.77600330114365,81.91999793052673,92.16000139713287
8,4,38,1,0,76.80000364780426,81.91999793052673,92.16000139713287
8,4,39,1,0,76.80000364780426,81.91999793052673,92.16000139713287
8,4,40,1,0,76.80000364780426,81.91999793052673,93.18400174379349
8,4,41,1,0,75.77600330114365,81.91999793052673,93.18400174379349
8,4,42,1,0,75.77600330114365,82.94399827718735,92.16000139713287
8,4,43,1,0,76.80000364780426,82.94399827718735,93.18400174379349
8,4,44,1,0,75.77600330114365,82.94399827718735,93.18400174379349
8,4,45,1,0,76.80000364780426,81.91999793052673,93.18400174379349
8,4,46,1,0,76.80000364780426,82.94399827718735,93.18400174379349
8,4,47,1,0,76.80000364780426,82.94399827718735,93.18400174379349
8,4,48,1,0,76.80000364780426,82.94399827718735,93.18400174379349
8,4,49,1,0,75.77600330114365,82.94399827718735,93.18400174379349
8,4,50,1,0,75.77600330114365,82.94399827718735,93.18400174379349
8,4,51,1,0,76.80000364780426,82.94399827718735,93.18400174379349
8,4,52,1,0,76.80000364780426,82.94399827718735,93.18400174379349
8,4,53,1,0,75.77600330114365,82.94399827718735,93.18400174379349
8,4,54,1,0,76.80000364780426,82.94399827718735,94.2080020904541
8,4,55,1,0,76.80000364780426,82.94399827718735,93.18400174379349
8,4,56,1,0,76.80000364780426,82.94399827718735,93.18400174379349
8,4,57,1,0,76.80000364780426,82.94399827718735,94.2080020904541
8,4,58,1,0,75.77600330114365,82.94399827718735,94.2080020904541
8,4,59,1,0,75.77600330114365,83.96799862384796,93.18400174379349
8,4,60,1,0,76.80000364780426,82.94399827718735,94.2080020904541
8,4,61,1,0,76.80000364780426,83.96799862384796,94.2080020904541
8,4,62,1,0,75.77600330114365,83.96799862384796,94.2080020904541
8,4,63,1,0,76.80000364780426,83.96799862384796,94.2080020904541
8,4,64,1,0,76.80000364780426,83.96799862384796,94.2080020904541
8,4,0,30,0,76.11733277638753,72.22613493601482,82.97812938690186
8,4,1,30,0,76.1514663696289,72.70399729410808,83.72906843821208
8,4,2,30,0,76.04906558990479,72.77226448059082,83.96800359090169
8,4,3,30,0,76.1514663696289,72.84053166707356,84.03626283009847
8,4,4,30,0,76.08319918314616,72.90879885355632,84.10453001658122
8,4,5,30,0,76.04906558990479,73.25013478597005,84.65066750844319
8,4,6,30,0,76.04906558990479,73.3184019724528,84.75306828816731
8,4,7,30,0,76.11733277638753,73.35253556569417,84.85546906789143
8,4,8,30,0,76.08319918314616,73.3184019724528,84.92373625437419
8,4,9,30,0,76.18559996287028,73.45493634541829,85.12852986653645
8,4,10,30,0,76.11733277638753,73.55733712514241,85.26506423950195
8,4,11,30,0,76.04906558990479,73.62559636433919,85.19679705301921
8,4,12,30,0,76.11733277638753,73.69386355082194,85.36746501922607
8,4,13,30,0,76.11733277638753,73.83039792378743,85.43573220570882
8,4,14,30,0,76.1514663696289,73.89866511027019,85.53813298543294
8,4,15,30,0,76.08319918314616,73.89866511027019,85.6064001719157
8,4,16,30,0,76.1514663696289,73.96693229675293,85.67466735839844
8,4,17,30,0,76.1514663696289,74.06933307647705,85.70880095163982
8,4,18,30,0,76.18559996287028,74.10346666971843,85.94773610432942
8,4,19,30,0,76.08319918314616,74.24000104268391,85.9818696975708
8,4,20,30,0,76.08319918314616,74.24000104268391,85.9818696975708
8,4,21,30,0,76.08319918314616,74.47893619537354,86.18666330973308
8,4,22,30,0,76.18559996287028,74.44480260213216,86.25493049621582
8,4,23,30,0,76.1514663696289,74.54720338185628,86.35733127593994
8,4,24,30,0,76.18559996287028,74.58133697509766,86.42559846242268
8,4,25,30,0,76.1514663696289,74.64959621429443,86.59626642862956
8,4,26,30,0,76.1514663696289,74.71786340077718,86.56213283538818
8,4,27,30,0,76.08319918314616,74.71786340077718,86.63040002187093
8,4,28,30,0,76.04906558990479,74.8202641805013,86.76693439483643
8,4,29,30,0,76.0149319966634,74.92266496022542,86.90346876780193
8,4,30,30,0,76.1514663696289,74.9567985534668,87.04000314076741
8,4,31,30,0,76.11733277638753,74.9567985534668,87.07413673400879
8,4,32,30,0,76.18559996287028,75.05919933319092,87.04000314076741
8,4,33,30,0,76.11733277638753,75.16160011291504,87.34719753265381
8,4,34,30,0,76.18559996287028,75.22986729939778,87.41546471913655
8,4,35,30,0,76.21973355611165,75.26400089263916,87.41546471913655
8,4,36,30,0,76.11733277638753,75.3322680791219,87.6202662785848
8,4,37,30,0,76.08319918314616,75.57120323181152,87.72266705830891
8,4,38,30,0,76.1514663696289,75.67359606424968,87.82506783803304
8,4,39,30,0,76.08319918314616,75.67359606424968,87.82506783803304
8,4,40,30,0,76.1514663696289,75.70772965749104,87.85920143127441
8,4,41,30,0,76.11733277638753,75.7759968439738,88.1322701772054
8,4,42,30,0,76.04906558990479,75.84426403045654,88.16640377044678
8,4,43,30,0,76.18559996287028,75.94666481018066,88.20052941640218
8,4,44,30,0,76.1514663696289,75.98079840342204,88.3029301961263
8,4,45,30,0,76.04906558990479,76.0149319966634,88.3029301961263
8,4,46,30,0,76.08319918314616,76.08319918314616,88.47359816233318
8,4,47,30,0,76.11733277638753,76.1514663696289,88.40533097585042
8,4,48,30,0,76.11733277638753,76.18559996287028,88.61013253529866
8,4,49,30,0,76.11733277638753,76.25386714935303,88.74666690826416
8,4,50,30,0,76.21973355611165,76.35626792907715,88.98560206095378
8,4,51,30,0,76.11733277638753,76.39040152231853,88.84906768798828
8,4,52,30,0,76.04906558990479,76.39040152231853,88.9514684677124
8,4,53,30,0,76.25386714935303,76.56106948852539,89.22453721364339
8,4,54,30,0,76.04906558990479,76.62933667500813,89.32693004608154
8,4,55,30,0,76.04906558990479,76.62933667500813,89.36106363932292
8,4,56,30,0,76.1514663696289,76.66347026824951,89.42933082580566
8,4,57,30,0,76.18559996287028,76.76586310068767,89.56586519877116
8,4,58,30,0,76.08319918314616,76.83413028717041,89.59999879201253
8,4,59,30,0,76.11733277638753,76.86826388041179,89.59999879201253
8,4,60,30,0,76.1514663696289,76.93653106689453,89.70239957173665
8,4,61,30,0,76.11733277638753,77.68747011820476,90.24853706359863
8,4,62,30,0,76.11733277638753,77.68747011820476,90.35092989603679
8,4,63,30,0,76.21973355611165,77.72160371144612,90.48746426900227
8,4,64,30,0,76.11733277638753,77.72160371144612,90.31679630279541
8,8,0,1,0,122.8799968957901,84.99199897050858,82.94399827718735
8,8,1,1,0,121.85599654912949,84.99199897050858,83.96799862384796
8,8,2,1,0,121.85599654912949,86.01599931716919,84.99199897050858
8,8,3,1,0,123.90399724245071,84.99199897050858,83.96799862384796
8,8,4,1,0,123.90399724245071,86.01599931716919,83.96799862384796
8,8,5,1,0,121.85599654912949,86.01599931716919,84.99199897050858
8,8,6,1,0,121.85599654912949,86.01599931716919,84.99199897050858
8,8,7,1,0,122.8799968957901,86.01599931716919,84.99199897050858
8,8,8,1,0,122.8799968957901,86.01599931716919,84.99199897050858
8,8,9,1,0,121.85599654912949,86.01599931716919,84.99199897050858
8,8,10,1,0,122.8799968957901,86.01599931716919,84.99199897050858
8,8,11,1,0,122.8799968957901,86.01599931716919,84.99199897050858
8,8,12,1,0,122.8799968957901,86.01599931716919,84.99199897050858
8,8,13,1,0,120.83200365304947,87.0399996638298,84.99199897050858
8,8,14,1,0,121.85599654912949,87.0399996638298,84.99199897050858
8,8,15,1,0,121.85599654912949,86.01599931716919,84.99199897050858
8,8,16,1,0,120.83200365304947,86.01599931716919,84.99199897050858
8,8,17,1,0,123.90399724245071,87.0399996638298,84.99199897050858
8,8,18,1,0,122.8799968957901,87.0399996638298,86.01599931716919
8,8,19,1,0,122.8799968957901,87.0399996638298,86.01599931716919
8,8,20,1,0,121.85599654912949,86.01599931716919,86.01599931716919
8,8,21,1,0,123.90399724245071,87.0399996638298,84.99199897050858
8,8,22,1,0,121.85599654912949,87.0399996638298,86.01599931716919
8,8,23,1,0,122.8799968957901,87.0399996638298,86.01599931716919
8,8,24,1,0,120.83200365304947,87.0399996638298,86.01599931716919
8,8,25,1,0,123.90399724245071,87.0399996638298,86.01599931716919
8,8,26,1,0,121.85599654912949,87.0399996638298,86.01599931716919
8,8,27,1,0,121.85599654912949,87.0399996638298,86.01599931716919
8,8,28,1,0,121.85599654912949,87.0399996638298,86.01599931716919
8,8,29,1,0,121.85599654912949,88.06400001049042,86.01599931716919
8,8,30,1,0,123.90399724245071,88.06400001049042,86.01599931716919
8,8,31,1,0,121.85599654912949,87.0399996638298,86.01599931716919
8,8,32,1,0,123.90399724245071,88.06400001049042,86.01599931716919
8,8,33,1,0,122.8799968957901,88.06400001049042,86.01599931716919
8,8,34,1,0,123.90399724245071,88.06400001049042,86.01599931716919
8,8,35,1,0,122.8799968957901,88.06400001049042,86.01599931716919
8,8,36,1,0,122.8799968957901,88.06400001049042,86.01599931716919
8,8,37,1,0,123.90399724245071,88.06400001049042,86.01599931716919
8,8,38,1,0,123.90399724245071,89.08800035715103,87.0399996638298
8,8,39,1,0,121.85599654912949,89.08800035715103,87.0399996638298
8,8,40,1,0,122.8799968957901,89.08800035715103,87.0399996638298
8,8,41,1,0,121.85599654912949,89.08800035715103,87.0399996638298
8,8,42,1,0,121.85599654912949,88.06400001049042,87.0399996638298
8,8,43,1,0,122.8799968957901,89.08800035715103,87.0399996638298
8,8,44,1,0,121.85599654912949,89.08800035715103,87.0399996638298
8,8,45,1,0,123.90399724245071,89.08800035715103,87.0399996638298
8,8,46,1,0,121.85599654912949,89.08800035715103,87.0399996638298
8,8,47,1,0,123.90399724245071,89.08800035715103,87.0399996638298
8,8,48,1,0,122.8799968957901,89.08800035715103,87.0399996638298
8,8,49,1,0,122.8799968957901,90.11200070381165,87.0399996638298
8,8,50,1,0,122.8799968957901,90.11200070381165,87.0399996638298
8,8,51,1,0,122.8799968957901,90.11200070381165,87.0399996638298
8,8,52,1,0,122.8799968957901,90.11200070381165,87.0399996638298
8,8,53,1,0,123.90399724245071,90.11200070381165,87.0399996638298
8,8,54,1,0,121.85599654912949,90.11200070381165,87.0399996638298
8,8,55,1,0,123.90399724245071,90.11200070381165,88.06400001049042
8,8,56,1,0,121.85599654912949,90.11200070381165,87.0399996638298
8,8,57,1,0,121.85599654912949,90.11200070381165,88.06400001049042
8,8,58,1,0,122.8799968957901,90.11200070381165,88.06400001049042
8,8,59,1,0,123.90399724245071,91.13600105047226,88.06400001049042
8,8,60,1,0,122.8799968957901,90.11200070381165,88.06400001049042
8,8,61,1,0,122.8799968957901,91.13600105047226,88.06400001049042
8,8,62,1,0,121.85599654912949,91.13600105047226,88.06400001049042
8,8,63,1,0,123.90399724245071,91.13600105047226,88.06400001049042
8,8,64,1,0,121.85599654912949,91.13600105047226,88.06400001049042
8,8,0,30,0,123.80159695943196,76.08319918314616,76.69760386149089
8,8,1,30,0,123.4602689743042,76.39040152231853,77.65333652496338
8,8,2,30,0,123.66507053375244,76.49280230204265,77.89226373036702
8,8,3,30,0,123.56266975402832,76.56106948852539,77.9263973236084
8,8,4,30,0,123.83573055267334,76.66347026824951,77.96053091684978
8,8,5,30,0,123.66507053375244,76.97066466013591,78.47253481547038
8,8,6,30,0,123.7674633661906,76.97066466013591,78.60906918843587
8,8,7,30,0,123.7674633661906,77.20959981282552,78.71146996815999
8,8,8,30,0,123.5968033472697,77.31200059254964,78.81386280059814
8,8,9,30,0,123.66507053375244,77.619202931722,79.05279795328777
8,8,10,30,0,123.63093694051106,77.72160371144612,79.22346591949463
8,8,11,30,0,123.66507053375244,77.96053091684978,79.15519873301189
8,8,12,30,0,123.73332977294922,78.0629316965739,79.22346591949463
8,8,13,30,0,123.66507053375244,78.13119888305664,79.46240107218425
8,8,14,30,0,123.83573055267334,78.26773325602214,79.53066825866699
8,8,15,30,0,123.83573055267334,78.33600044250488,79.76960341135661
8,8,16,30,0,123.80159695943196,78.438401222229,79.73546981811523
8,8,17,30,0,123.66507053375244,78.67733637491862,80.14506498972575
8,8,18,30,0,123.7674633661906,78.81386280059814,80.24746576944987
8,8,19,30,0,123.73332977294922,78.95039717356364,80.31573295593262
8,8,20,30,0,123.83573055267334,79.01866436004639,80.349866549174
8,8,21,30,0,123.66507053375244,79.18933232625325,80.65706888834636
8,8,22,30,0,123.80159695943196,79.32586669921875,80.93012968699138
8,8,23,30,0,123.66507053375244,79.42826747894287,80.75946966807048
8,8,24,30,0,123.5968033472697,79.56480185190837,80.96426328023274
8,8,25,30,0,123.73332977294922,79.80373700459798,80.99839687347412
8,8,26,30,0,123.83573055267334,79.87199624379475,81.13493124643962
8,8,27,30,0,123.73332977294922,80.076797803243,81.13493124643962
8,8,28,30,0,123.83573055267334,80.11093139648438,81.20319843292236
8,8,29,30,0,123.73332977294922,80.349866549174,81.47626717885335
8,8,30,30,0,123.73332977294922,80.48640092213948,81.51040077209473
8,8,31,30,0,123.63093694051106,80.5888017018636,81.57866795857747
8,8,32,30,0,123.66507053375244,80.5888017018636,81.57866795857747
8,8,33,30,0,123.83573055267334,80.99839687347412,81.85173670450847
8,8,34,30,0,123.52853616078694,81.23733202616374,82.19306468963623
8,8,35,30,0,123.83573055267334,81.2714656194051,82.60266780853271
8,8,36,30,0,123.66507053375244,81.47626717885335,82.02239672342937
8,8,37,30,0,123.7674633661906,81.68106873830159,82.3637326558431
8,8,38,30,0,123.80159695943196,81.81760311126709,82.43199984232585
8,8,39,30,0,123.7674633661906,81.78346951802571,82.43199984232585
8,8,40,30,0,123.73332977294922,81.88587029774983,82.46613343556722
8,8,41,30,0,123.83573055267334,82.09066390991211,82.70506858825684
8,8,42,30,0,123.80159695943196,82.15893109639485,82.73920218149821
8,8,43,30,0,123.66507053375244,82.22719828287761,82.84160296122234
8,8,44,30,0,123.69919617970784,82.39786624908447,82.97812938690186
8,8,45,30,0,123.97226492563884,82.46613343556722,83.28533172607422
8,8,46,30,0,123.86986414591472,82.67093499501546,83.1829309463501
8,8,47,30,0,123.86986414591472,82.60266780853271,83.1829309463501
8,8,48,30,0,123.69919617970784,82.73920218149821,83.1829309463501
8,8,49,30,0,123.7674633661906,82.90987014770508,83.45599969228108
8,8,50,30,0,123.73332977294922,83.11466375986735,83.66080125172932
8,8,51,30,0,123.83573055267334,83.14879735310872,83.5584004720052
8,8,52,30,0,123.80159695943196,83.1829309463501,83.66080125172932
8,8,53,30,0,123.83573055267334,83.49013328552246,83.89973640441895
8,8,54,30,0,123.7674633661906,83.62666765848796,83.93386999766032
8,8,55,30,0,123.80159695943196,83.72906843821208,84.10453001658122
8,8,56,30,0,123.7674633661906,83.8314692179362,84.20693079630534
8,8,57,30,0,123.97226492563884,84.03626283009847,84.41173235575359
8,8,58,30,0,123.66507053375244,84.13866360982259,84.58240032196045
8,8,59,30,0,123.5968033472697,84.24106438954671,84.68480110168457
8,8,60,30,0,123.66507053375244,84.27519798278809,84.58240032196045
8,8,61,30,0,123.66507053375244,84.5141331354777,84.61653391520183
8,8,62,30,0,123.66507053375244,84.5141331354777,84.68480110168457
8,8,63,30,0,123.73332977294922,84.65066750844319,84.75306828816731
8,8,64,30,0,123.80159695943196,84.58240032196045,84.85546906789143
