model,width,top_h,phase,name,mean_ms,calls
gemma4,4,4,attention,model.layers.0.self_attn,0.11208800046394268,60
gemma4,4,4,attention,model.layers.1.self_attn,0.10982772707939148,60
gemma4,4,4,attention,model.layers.10.self_attn,0.1089653213818868,60
gemma4,4,4,attention,model.layers.11.self_attn,0.1322853406270345,60
gemma4,4,4,attention,model.layers.12.self_attn,0.10954667727152506,60
gemma4,4,4,attention,model.layers.13.self_attn,0.10975894927978516,60
gemma4,4,4,attention,model.layers.14.self_attn,0.10885389645894368,60
gemma4,4,4,attention,model.layers.15.self_attn,0.10914721488952636,60
gemma4,4,4,attention,model.layers.16.self_attn,0.10926827589670816,60
gemma4,4,4,attention,model.layers.17.self_attn,0.13145225048065184,60
gemma4,4,4,attention,model.layers.18.self_attn,0.10936851501464843,60
gemma4,4,4,attention,model.layers.19.self_attn,0.10902563730875652,60
gemma4,4,4,attention,model.layers.2.self_attn,0.11038133998711903,60
gemma4,4,4,attention,model.layers.20.self_attn,0.10869599978129069,60
gemma4,4,4,attention,model.layers.21.self_attn,0.10887996355692546,60
gemma4,4,4,attention,model.layers.22.self_attn,0.10853540102640788,60
gemma4,4,4,attention,model.layers.23.self_attn,0.13274188041687013,60
gemma4,4,4,attention,model.layers.24.self_attn,0.10945541063944499,60
gemma4,4,4,attention,model.layers.25.self_attn,0.10871466000874837,60
gemma4,4,4,attention,model.layers.26.self_attn,0.10909547805786132,60
gemma4,4,4,attention,model.layers.27.self_attn,0.10957226753234864,60
gemma4,4,4,attention,model.layers.28.self_attn,0.10958135922749837,60
gemma4,4,4,attention,model.layers.29.self_attn,0.1331013043721517,60
gemma4,4,4,attention,model.layers.3.self_attn,0.1094266692797343,60
gemma4,4,4,attention,model.layers.4.self_attn,0.10948907136917115,60
gemma4,4,4,attention,model.layers.5.self_attn,0.13356853326161702,60
gemma4,4,4,attention,model.layers.6.self_attn,0.10861335198084514,60
gemma4,4,4,attention,model.layers.7.self_attn,0.10925012429555257,60
gemma4,4,4,attention,model.layers.8.self_attn,0.10925174951553344,60
gemma4,4,4,attention,model.layers.9.self_attn,0.11001975138982137,60
gemma4,4,4,dense_mlp,model.layers.0.mlp,0.04231306662162145,60
gemma4,4,4,dense_mlp,model.layers.1.mlp,0.04270826578140259,60
gemma4,4,4,dense_mlp,model.layers.10.mlp,0.04275359312693278,60
gemma4,4,4,dense_mlp,model.layers.11.mlp,0.042093880971272785,60
gemma4,4,4,dense_mlp,model.layers.12.mlp,0.042751463254292806,60
gemma4,4,4,dense_mlp,model.layers.13.mlp,0.04275360902150472,60
gemma4,4,4,dense_mlp,model.layers.14.mlp,0.04151625633239746,60
gemma4,4,4,dense_mlp,model.layers.15.mlp,0.04241758982340495,60
gemma4,4,4,dense_mlp,model.layers.16.mlp,0.042464526494344075,60
gemma4,4,4,dense_mlp,model.layers.17.mlp,0.04232371648152669,60
gemma4,4,4,dense_mlp,model.layers.18.mlp,0.04252004623413086,60
gemma4,4,4,dense_mlp,model.layers.19.mlp,0.042592525482177734,60
gemma4,4,4,dense_mlp,model.layers.2.mlp,0.04268266359965007,60
gemma4,4,4,dense_mlp,model.layers.20.mlp,0.04251468976338704,60
gemma4,4,4,dense_mlp,model.layers.21.mlp,0.042528502146403,60
gemma4,4,4,dense_mlp,model.layers.22.mlp,0.042729123433430986,60
gemma4,4,4,dense_mlp,model.layers.23.mlp,0.04225177764892578,60
gemma4,4,4,dense_mlp,model.layers.24.mlp,0.04203303654988607,60
gemma4,4,4,dense_mlp,model.layers.25.mlp,0.04252421061197917,60
gemma4,4,4,dense_mlp,model.layers.26.mlp,0.042254336675008136,60
gemma4,4,4,dense_mlp,model.layers.27.mlp,0.042546685536702475,60
gemma4,4,4,dense_mlp,model.layers.28.mlp,0.04270178476969401,60
gemma4,4,4,dense_mlp,model.layers.29.mlp,0.04146612485249837,60
gemma4,4,4,dense_mlp,model.layers.3.mlp,0.043048526843388876,60
gemma4,4,4,dense_mlp,model.layers.4.mlp,0.042367464303970336,60
gemma4,4,4,dense_mlp,model.layers.5.mlp,0.041720513502756754,60
gemma4,4,4,dense_mlp,model.layers.6.mlp,0.042200005054473876,60
gemma4,4,4,dense_mlp,model.layers.7.mlp,0.04282238483428955,60
gemma4,4,4,dense_mlp,model.layers.8.mlp,0.042517316341400144,60
gemma4,4,4,dense_mlp,model.layers.9.mlp,0.04240749677022298,60
gemma4,4,4,embedding,model.embed_tokens,0.01529333321377635,60
gemma4,4,4,lm_head,compute_logits,0.8961493810017903,60
gemma4,4,4,moe_envelope,model.layers.0.moe.experts,0.1331189304590225,60
gemma4,4,4,moe_envelope,model.layers.1.moe.experts,0.13578560650348664,60
gemma4,4,4,moe_envelope,model.layers.10.moe.experts,0.11873443921407063,60
gemma4,4,4,moe_envelope,model.layers.11.moe.experts,0.11448585987091064,60
gemma4,4,4,moe_envelope,model.layers.12.moe.experts,0.12383786837259929,60
gemma4,4,4,moe_envelope,model.layers.13.moe.experts,0.1200976292292277,60
gemma4,4,4,moe_envelope,model.layers.14.moe.experts,0.1187461773554484,60
gemma4,4,4,moe_envelope,model.layers.15.moe.experts,0.12691251436869302,60
gemma4,4,4,moe_envelope,model.layers.16.moe.experts,0.12238511244455973,60
gemma4,4,4,moe_envelope,model.layers.17.moe.experts,0.1282325029373169,60
gemma4,4,4,moe_envelope,model.layers.18.moe.experts,0.13086026509602863,60
gemma4,4,4,moe_envelope,model.layers.19.moe.experts,0.13002936045328775,60
gemma4,4,4,moe_envelope,model.layers.2.moe.experts,0.13035412033398946,60
gemma4,4,4,moe_envelope,model.layers.20.moe.experts,0.13171621958414714,60
gemma4,4,4,moe_envelope,model.layers.21.moe.experts,0.1288965066274007,60
gemma4,4,4,moe_envelope,model.layers.22.moe.experts,0.12648801803588866,60
gemma4,4,4,moe_envelope,model.layers.23.moe.experts,0.12417766253153482,60
gemma4,4,4,moe_envelope,model.layers.24.moe.experts,0.12849071820576985,60
gemma4,4,4,moe_envelope,model.layers.25.moe.experts,0.1262394110361735,60
gemma4,4,4,moe_envelope,model.layers.26.moe.experts,0.12934513092041017,60
gemma4,4,4,moe_envelope,model.layers.27.moe.experts,0.1303061803181966,60
gemma4,4,4,moe_envelope,model.layers.28.moe.experts,0.12126173973083496,60
gemma4,4,4,moe_envelope,model.layers.29.moe.experts,0.12114394505818685,60
gemma4,4,4,moe_envelope,model.layers.3.moe.experts,0.12415147026379904,60
gemma4,4,4,moe_envelope,model.layers.4.moe.experts,0.11839466492335002,60
gemma4,4,4,moe_envelope,model.layers.5.moe.experts,0.12284051577250163,60
gemma4,4,4,moe_envelope,model.layers.6.moe.experts,0.1249930739402771,60
gemma4,4,4,moe_envelope,model.layers.7.moe.experts,0.12507466077804566,60
gemma4,4,4,moe_envelope,model.layers.8.moe.experts,0.12171360254287719,60
gemma4,4,4,moe_envelope,model.layers.9.moe.experts,0.11953120231628418,60
gemma4,4,4,norm,model.layers.0.input_layernorm,0.006730666384100914,60
gemma4,4,4,norm,model.layers.0.post_attention_layernorm,0.006733867277701696,60
gemma4,4,4,norm,model.layers.0.post_feedforward_layernorm,0.006679468850294749,60
gemma4,4,4,norm,model.layers.0.post_feedforward_layernorm_1,0.0067109329005082445,60
gemma4,4,4,norm,model.layers.0.post_feedforward_layernorm_2,0.006586665411790212,60
gemma4,4,4,norm,model.layers.0.pre_feedforward_layernorm,0.006593600908915202,60
gemma4,4,4,norm,model.layers.0.pre_feedforward_layernorm_2,0.006899732599655787,60
gemma4,4,4,norm,model.layers.0.router.norm,0.006426667670408884,60
gemma4,4,4,norm,model.layers.0.self_attn.k_norm,0.006597333401441574,60
gemma4,4,4,norm,model.layers.0.self_attn.q_norm,0.006720533346136411,60
gemma4,4,4,norm,model.layers.0.self_attn.v_norm,0.006490133578578631,60
gemma4,4,4,norm,model.layers.1.input_layernorm,0.006588801741600037,60
gemma4,4,4,norm,model.layers.1.post_attention_layernorm,0.0068138718605041506,60
gemma4,4,4,norm,model.layers.1.post_feedforward_layernorm,0.00669119656085968,60
gemma4,4,4,norm,model.layers.1.post_feedforward_layernorm_1,0.006715731819470724,60
gemma4,4,4,norm,model.layers.1.post_feedforward_layernorm_2,0.00673920214176178,60
gemma4,4,4,norm,model.layers.1.pre_feedforward_layernorm,0.006685326496760051,60
gemma4,4,4,norm,model.layers.1.pre_feedforward_layernorm_2,0.006700799862543742,60
gemma4,4,4,norm,model.layers.1.router.norm,0.006313066681226095,60
gemma4,4,4,norm,model.layers.1.self_attn.k_norm,0.006447999676068624,60
gemma4,4,4,norm,model.layers.1.self_attn.q_norm,0.006860800087451935,60
gemma4,4,4,norm,model.layers.1.self_attn.v_norm,0.0063733299573262535,60
gemma4,4,4,norm,model.layers.10.input_layernorm,0.006559987862904866,60
gemma4,4,4,norm,model.layers.10.post_attention_layernorm,0.006688539187113444,60
gemma4,4,4,norm,model.layers.10.post_feedforward_layernorm,0.006718889872233073,60
gemma4,4,4,norm,model.layers.10.post_feedforward_layernorm_1,0.0067413330078125,60
gemma4,4,4,norm,model.layers.10.post_feedforward_layernorm_2,0.006658124923706055,60
gemma4,4,4,norm,model.layers.10.pre_feedforward_layernorm,0.006572254498799642,60
gemma4,4,4,norm,model.layers.10.pre_feedforward_layernorm_2,0.00678563117980957,60
gemma4,4,4,norm,model.layers.10.router.norm,0.00631411075592041,60
gemma4,4,4,norm,model.layers.10.self_attn.k_norm,0.0065696398417154946,60
gemma4,4,4,norm,model.layers.10.self_attn.q_norm,0.006636794408162435,60
gemma4,4,4,norm,model.layers.10.self_attn.v_norm,0.00655356248219808,60
gemma4,4,4,norm,model.layers.11.input_layernorm,0.006587719917297364,60
gemma4,4,4,norm,model.layers.11.post_attention_layernorm,0.006731724739074707,60
gemma4,4,4,norm,model.layers.11.post_feedforward_layernorm,0.006692258516947428,60
gemma4,4,4,norm,model.layers.11.post_feedforward_layernorm_1,0.006770610809326172,60
gemma4,4,4,norm,model.layers.11.post_feedforward_layernorm_2,0.006664013862609864,60
gemma4,4,4,norm,model.layers.11.pre_feedforward_layernorm,0.006652800242106119,60
gemma4,4,4,norm,model.layers.11.pre_feedforward_layernorm_2,0.0068352063496907554,60
gemma4,4,4,norm,model.layers.11.router.norm,0.006377601623535156,60
gemma4,4,4,norm,model.layers.11.self_attn.k_norm,0.006444255510965983,60
gemma4,4,4,norm,model.layers.11.self_attn.q_norm,0.006911460558573405,60
gemma4,4,4,norm,model.layers.11.self_attn.v_norm,0.006497605641682943,60
gemma4,4,4,norm,model.layers.12.input_layernorm,0.006555740038553874,60
gemma4,4,4,norm,model.layers.12.post_attention_layernorm,0.006705045700073242,60
gemma4,4,4,norm,model.layers.12.post_feedforward_layernorm,0.006581338246663412,60
gemma4,4,4,norm,model.layers.12.post_feedforward_layernorm_1,0.0066517114639282225,60
gemma4,4,4,norm,model.layers.12.post_feedforward_layernorm_2,0.006643184026082357,60
gemma4,4,4,norm,model.layers.12.pre_feedforward_layernorm,0.006604806582132975,60
gemma4,4,4,norm,model.layers.12.pre_feedforward_layernorm_2,0.006780846913655599,60
gemma4,4,4,norm,model.layers.12.router.norm,0.006426699956258138,60
gemma4,4,4,norm,model.layers.12.self_attn.k_norm,0.006538661321004232,60
gemma4,4,4,norm,model.layers.12.self_attn.q_norm,0.006832536061604818,60
gemma4,4,4,norm,model.layers.12.self_attn.v_norm,0.006505600611368815,60
gemma4,4,4,norm,model.layers.13.input_layernorm,0.006725327173868815,60
gemma4,4,4,norm,model.layers.13.post_attention_layernorm,0.006819677352905273,60
gemma4,4,4,norm,model.layers.13.post_feedforward_layernorm,0.006575465202331543,60
gemma4,4,4,norm,model.layers.13.post_feedforward_layernorm_1,0.006724762916564942,60
gemma4,4,4,norm,model.layers.13.post_feedforward_layernorm_2,0.006674138704935709,60
gemma4,4,4,norm,model.layers.13.pre_feedforward_layernorm,0.006589349110921224,60
gemma4,4,4,norm,model.layers.13.pre_feedforward_layernorm_2,0.006912525494893392,60
gemma4,4,4,norm,model.layers.13.router.norm,0.006341369946797689,60
gemma4,4,4,norm,model.layers.13.self_attn.k_norm,0.006481027603149414,60
gemma4,4,4,norm,model.layers.13.self_attn.q_norm,0.006747706731160482,60
gemma4,4,4,norm,model.layers.13.self_attn.v_norm,0.006396778424580892,60
gemma4,4,4,norm,model.layers.14.input_layernorm,0.006531715393066406,60
gemma4,4,4,norm,model.layers.14.post_attention_layernorm,0.006597344080607096,60
gemma4,4,4,norm,model.layers.14.post_feedforward_layernorm,0.006651767094930013,60
gemma4,4,4,norm,model.layers.14.post_feedforward_layernorm_1,0.006598385175069174,60
gemma4,4,4,norm,model.layers.14.post_feedforward_layernorm_2,0.006679463386535645,60
gemma4,4,4,norm,model.layers.14.pre_feedforward_layernorm,0.006539209683736166,60
gemma4,4,4,norm,model.layers.14.pre_feedforward_layernorm_2,0.006696017583211263,60
gemma4,4,4,norm,model.layers.14.router.norm,0.006397819519042969,60
gemma4,4,4,norm,model.layers.14.self_attn.k_norm,0.006437857945760091,60
gemma4,4,4,norm,model.layers.14.self_attn.q_norm,0.006522695223490397,60
gemma4,4,4,norm,model.layers.14.self_attn.v_norm,0.006322677930196126,60
gemma4,4,4,norm,model.layers.15.input_layernorm,0.006660310427347819,60
gemma4,4,4,norm,model.layers.15.post_attention_layernorm,0.006738646825154623,60
gemma4,4,4,norm,model.layers.15.post_feedforward_layernorm,0.006637891133626302,60
gemma4,4,4,norm,model.layers.15.post_feedforward_layernorm_1,0.006682165463765462,60
gemma4,4,4,norm,model.layers.15.post_feedforward_layernorm_2,0.006789342562357584,60
gemma4,4,4,norm,model.layers.15.pre_feedforward_layernorm,0.006725343068440756,60
gemma4,4,4,norm,model.layers.15.pre_feedforward_layernorm_2,0.006795207659403483,60
gemma4,4,4,norm,model.layers.15.router.norm,0.006383911768595377,60
gemma4,4,4,norm,model.layers.15.self_attn.k_norm,0.006579192479451498,60
gemma4,4,4,norm,model.layers.15.self_attn.q_norm,0.007013861338297526,60
gemma4,4,4,norm,model.layers.15.self_attn.v_norm,0.00650187333424886,60
gemma4,4,4,norm,model.layers.16.input_layernorm,0.006557861963907878,60
gemma4,4,4,norm,model.layers.16.post_attention_layernorm,0.006750925381978353,60
gemma4,4,4,norm,model.layers.16.post_feedforward_layernorm,0.006592551867167155,60
gemma4,4,4,norm,model.layers.16.post_feedforward_layernorm_1,0.006831463177998861,60
gemma4,4,4,norm,model.layers.16.post_feedforward_layernorm_2,0.006707207361857096,60
gemma4,4,4,norm,model.layers.16.pre_feedforward_layernorm,0.00654289722442627,60
gemma4,4,4,norm,model.layers.16.pre_feedforward_layernorm_2,0.006897115707397461,60
gemma4,4,4,norm,model.layers.16.router.norm,0.00638877550760905,60
gemma4,4,4,norm,model.layers.16.self_attn.k_norm,0.0065594673156738285,60
gemma4,4,4,norm,model.layers.16.self_attn.q_norm,0.006716775894165039,60
gemma4,4,4,norm,model.layers.16.self_attn.v_norm,0.006404844919840494,60
gemma4,4,4,norm,model.layers.17.input_layernorm,0.006746657689412435,60
gemma4,4,4,norm,model.layers.17.post_attention_layernorm,0.006796773274739583,60
gemma4,4,4,norm,model.layers.17.post_feedforward_layernorm,0.006719430287679036,60
gemma4,4,4,norm,model.layers.17.post_feedforward_layernorm_1,0.006719446182250977,60
gemma4,4,4,norm,model.layers.17.post_feedforward_layernorm_2,0.006761590639750163,60
gemma4,4,4,norm,model.layers.17.pre_feedforward_layernorm,0.006532851854960124,60
gemma4,4,4,norm,model.layers.17.pre_feedforward_layernorm_2,0.006924287478129069,60
gemma4,4,4,norm,model.layers.17.router.norm,0.00625763734181722,60
gemma4,4,4,norm,model.layers.17.self_attn.k_norm,0.006419754028320313,60
gemma4,4,4,norm,model.layers.17.self_attn.q_norm,0.0068127950032552086,60
gemma4,4,4,norm,model.layers.17.self_attn.v_norm,0.00661014715830485,60
gemma4,4,4,norm,model.layers.18.input_layernorm,0.006491740544637044,60
gemma4,4,4,norm,model.layers.18.post_attention_layernorm,0.006740784645080567,60
gemma4,4,4,norm,model.layers.18.post_feedforward_layernorm,0.006606928507486979,60
gemma4,4,4,norm,model.layers.18.post_feedforward_layernorm_1,0.00673223336537679,60
gemma4,4,4,norm,model.layers.18.post_feedforward_layernorm_2,0.006701310475667317,60
gemma4,4,4,norm,model.layers.18.pre_feedforward_layernorm,0.006596851348876953,60
gemma4,4,4,norm,model.layers.18.pre_feedforward_layernorm_2,0.006843749682108561,60
gemma4,4,4,norm,model.layers.18.router.norm,0.006443190574645996,60
gemma4,4,4,norm,model.layers.18.self_attn.k_norm,0.006561064720153808,60
gemma4,4,4,norm,model.layers.18.self_attn.q_norm,0.006877907117207845,60
gemma4,4,4,norm,model.layers.18.self_attn.v_norm,0.006470958391825358,60
gemma4,4,4,norm,model.layers.19.input_layernorm,0.00669862429300944,60
gemma4,4,4,norm,model.layers.19.post_attention_layernorm,0.006724262237548828,60
gemma4,4,4,norm,model.layers.19.post_feedforward_layernorm,0.006613286336263021,60
gemma4,4,4,norm,model.layers.19.post_feedforward_layernorm_1,0.006657067934672038,60
gemma4,4,4,norm,model.layers.19.post_feedforward_layernorm_2,0.006784478823343913,60
gemma4,4,4,norm,model.layers.19.pre_feedforward_layernorm,0.006669346491495768,60
gemma4,4,4,norm,model.layers.19.pre_feedforward_layernorm_2,0.006822935740152995,60
gemma4,4,4,norm,model.layers.19.router.norm,0.006430403391520182,60
gemma4,4,4,norm,model.layers.19.self_attn.k_norm,0.006500824292500814,60
gemma4,4,4,norm,model.layers.19.self_attn.q_norm,0.006715226173400879,60
gemma4,4,4,norm,model.layers.19.self_attn.v_norm,0.006457058588663737,60
gemma4,4,4,norm,model.layers.2.input_layernorm,0.006580266356468201,60
gemma4,4,4,norm,model.layers.2.post_attention_layernorm,0.006775464614232381,60
gemma4,4,4,norm,model.layers.2.post_feedforward_layernorm,0.006675738096237183,60
gemma4,4,4,norm,model.layers.2.post_feedforward_layernorm_1,0.0067151983578999834,60
gemma4,4,4,norm,model.layers.2.post_feedforward_layernorm_2,0.006610675652821859,60
gemma4,4,4,norm,model.layers.2.pre_feedforward_layernorm,0.0066714654366175335,60
gemma4,4,4,norm,model.layers.2.pre_feedforward_layernorm_2,0.00678827166557312,60
gemma4,4,4,norm,model.layers.2.router.norm,0.0063168009122212725,60
gemma4,4,4,norm,model.layers.2.self_attn.k_norm,0.006505065162976583,60
gemma4,4,4,norm,model.layers.2.self_attn.q_norm,0.006832527120908102,60
gemma4,4,4,norm,model.layers.2.self_attn.v_norm,0.00640693207581838,60
gemma4,4,4,norm,model.layers.20.input_layernorm,0.006570076942443848,60
gemma4,4,4,norm,model.layers.20.post_attention_layernorm,0.006797289848327637,60
gemma4,4,4,norm,model.layers.20.post_feedforward_layernorm,0.006638908386230468,60
gemma4,4,4,norm,model.layers.20.post_feedforward_layernorm_1,0.006639957427978516,60
gemma4,4,4,norm,model.layers.20.post_feedforward_layernorm_2,0.006714089711507162,60
gemma4,4,4,norm,model.layers.20.pre_feedforward_layernorm,0.006588284174601237,60
gemma4,4,4,norm,model.layers.20.pre_feedforward_layernorm_2,0.006726368268330892,60
gemma4,4,4,norm,model.layers.20.router.norm,0.006392447153727213,60
gemma4,4,4,norm,model.layers.20.self_attn.k_norm,0.0065226872762044275,60
gemma4,4,4,norm,model.layers.20.self_attn.q_norm,0.006724270184834799,60
gemma4,4,4,norm,model.layers.20.self_attn.v_norm,0.006438358624776205,60
gemma4,4,4,norm,model.layers.21.input_layernorm,0.006770165761311849,60
gemma4,4,4,norm,model.layers.21.post_attention_layernorm,0.006798378626505534,60
gemma4,4,4,norm,model.layers.21.post_feedforward_layernorm,0.006744019190470378,60
gemma4,4,4,norm,model.layers.21.post_feedforward_layernorm_1,0.006726900736490886,60
gemma4,4,4,norm,model.layers.21.post_feedforward_layernorm_2,0.006667248407999675,60
gemma4,4,4,norm,model.layers.21.pre_feedforward_layernorm,0.006537135442097982,60
gemma4,4,4,norm,model.layers.21.pre_feedforward_layernorm_2,0.006924295425415039,60
gemma4,4,4,norm,model.layers.21.router.norm,0.006401666005452474,60
gemma4,4,4,norm,model.layers.21.self_attn.k_norm,0.0064218362172444666,60
gemma4,4,4,norm,model.layers.21.self_attn.q_norm,0.006753094991048177,60
gemma4,4,4,norm,model.layers.21.self_attn.v_norm,0.006379763285319011,60
gemma4,4,4,norm,model.layers.22.input_layernorm,0.006503550211588541,60
gemma4,4,4,norm,model.layers.22.post_attention_layernorm,0.00677653948465983,60
gemma4,4,4,norm,model.layers.22.post_feedforward_layernorm,0.006603733698527018,60
gemma4,4,4,norm,model.layers.22.post_feedforward_layernorm_1,0.006708304087320964,60
gemma4,4,4,norm,model.layers.22.post_feedforward_layernorm_2,0.006704521179199219,60
gemma4,4,4,norm,model.layers.22.pre_feedforward_layernorm,0.006607929865519206,60
gemma4,4,4,norm,model.layers.22.pre_feedforward_layernorm_2,0.006868282953898112,60
gemma4,4,4,norm,model.layers.22.router.norm,0.006361516316731771,60
gemma4,4,4,norm,model.layers.22.self_attn.k_norm,0.006491756439208985,60
gemma4,4,4,norm,model.layers.22.self_attn.q_norm,0.006767940521240234,60
gemma4,4,4,norm,model.layers.22.self_attn.v_norm,0.006447903315226237,60
gemma4,4,4,norm,model.layers.23.input_layernorm,0.006645298004150391,60
gemma4,4,4,norm,model.layers.23.post_attention_layernorm,0.0067193826039632166,60
gemma4,4,4,norm,model.layers.23.post_feedforward_layernorm,0.006669394175211589,60
gemma4,4,4,norm,model.layers.23.post_feedforward_layernorm_1,0.00666357676188151,60
gemma4,4,4,norm,model.layers.23.post_feedforward_layernorm_2,0.00675957997639974,60
gemma4,4,4,norm,model.layers.23.pre_feedforward_layernorm,0.006653340657552084,60
gemma4,4,4,norm,model.layers.23.pre_feedforward_layernorm_2,0.006867202123006185,60
gemma4,4,4,norm,model.layers.23.router.norm,0.006284825007120768,60
gemma4,4,4,norm,model.layers.23.self_attn.k_norm,0.006419738133748372,60
gemma4,4,4,norm,model.layers.23.self_attn.q_norm,0.0069231351216634115,60
gemma4,4,4,norm,model.layers.23.self_attn.v_norm,0.006434726715087891,60
gemma4,4,4,norm,model.layers.24.input_layernorm,0.00654455820719401,60
gemma4,4,4,norm,model.layers.24.post_attention_layernorm,0.0067045370737711584,60
gemma4,4,4,norm,model.layers.24.post_feedforward_layernorm,0.00656580924987793,60
gemma4,4,4,norm,model.layers.24.post_feedforward_layernorm_1,0.006757354736328125,60
gemma4,4,4,norm,model.layers.24.post_feedforward_layernorm_2,0.006722180048624674,60
gemma4,4,4,norm,model.layers.24.pre_feedforward_layernorm,0.006486940383911133,60
gemma4,4,4,norm,model.layers.24.pre_feedforward_layernorm_2,0.006843249003092448,60
gemma4,4,4,norm,model.layers.24.router.norm,0.006418641408284505,60
gemma4,4,4,norm,model.layers.24.self_attn.k_norm,0.006469837824503581,60
gemma4,4,4,norm,model.layers.24.self_attn.q_norm,0.006667121251424154,60
gemma4,4,4,norm,model.layers.24.self_attn.v_norm,0.006437826156616211,60
gemma4,4,4,norm,model.layers.25.input_layernorm,0.006714153289794922,60
gemma4,4,4,norm,model.layers.25.post_attention_layernorm,0.00673066775004069,60
gemma4,4,4,norm,model.layers.25.post_feedforward_layernorm,0.006707191467285156,60
gemma4,4,4,norm,model.layers.25.post_feedforward_layernorm_1,0.006751410166422526,60
gemma4,4,4,norm,model.layers.25.post_feedforward_layernorm_2,0.006728013356526692,60
gemma4,4,4,norm,model.layers.25.pre_feedforward_layernorm,0.006545050938924154,60
gemma4,4,4,norm,model.layers.25.pre_feedforward_layernorm_2,0.0069178581237792965,60
gemma4,4,4,norm,model.layers.25.router.norm,0.006365855534871419,60
gemma4,4,4,norm,model.layers.25.self_attn.k_norm,0.00652321179707845,60
gemma4,4,4,norm,model.layers.25.self_attn.q_norm,0.006807470321655273,60
gemma4,4,4,norm,model.layers.25.self_attn.v_norm,0.006433518727620443,60
gemma4,4,4,norm,model.layers.26.input_layernorm,0.00661924680074056,60
gemma4,4,4,norm,model.layers.26.post_attention_layernorm,0.006700277328491211,60
gemma4,4,4,norm,model.layers.26.post_feedforward_layernorm,0.006682682037353516,60
gemma4,4,4,norm,model.layers.26.post_feedforward_layernorm_1,0.006777048110961914,60
gemma4,4,4,norm,model.layers.26.post_feedforward_layernorm_2,0.006658093134562174,60
gemma4,4,4,norm,model.layers.26.pre_feedforward_layernorm,0.00657498041788737,60
gemma4,4,4,norm,model.layers.26.pre_feedforward_layernorm_2,0.006819725036621094,60
gemma4,4,4,norm,model.layers.26.router.norm,0.006413841247558593,60
gemma4,4,4,norm,model.layers.26.self_attn.k_norm,0.006549358367919922,60
gemma4,4,4,norm,model.layers.26.self_attn.q_norm,0.0066874980926513675,60
gemma4,4,4,norm,model.layers.26.self_attn.v_norm,0.006452814737955729,60
gemma4,4,4,norm,model.layers.27.input_layernorm,0.006641546885172526,60
gemma4,4,4,norm,model.layers.27.post_attention_layernorm,0.006831947962443034,60
gemma4,4,4,norm,model.layers.27.post_feedforward_layernorm,0.006542476018269857,60
gemma4,4,4,norm,model.layers.27.post_feedforward_layernorm_1,0.006780322392781576,60
gemma4,4,4,norm,model.layers.27.post_feedforward_layernorm_2,0.006684207916259765,60
gemma4,4,4,norm,model.layers.27.pre_feedforward_layernorm,0.006523784001668294,60
gemma4,4,4,norm,model.layers.27.pre_feedforward_layernorm_2,0.0069061279296875,60
gemma4,4,4,norm,model.layers.27.router.norm,0.00643304189046224,60
gemma4,4,4,norm,model.layers.27.self_attn.k_norm,0.006528011957804362,60
gemma4,4,4,norm,model.layers.27.self_attn.q_norm,0.006917842229207357,60
gemma4,4,4,norm,model.layers.27.self_attn.v_norm,0.006339724858601888,60
gemma4,4,4,norm,model.layers.28.input_layernorm,0.0066052436828613285,60
gemma4,4,4,norm,model.layers.28.post_attention_layernorm,0.006824572881062825,60
gemma4,4,4,norm,model.layers.28.post_feedforward_layernorm,0.006642039616902669,60
gemma4,4,4,norm,model.layers.28.post_feedforward_layernorm_1,0.006770165761311849,60
gemma4,4,4,norm,model.layers.28.post_feedforward_layernorm_2,0.006712023417154948,60
gemma4,4,4,norm,model.layers.28.pre_feedforward_layernorm,0.006581322352091471,60
gemma4,4,4,norm,model.layers.28.pre_feedforward_layernorm_2,0.006790479024251302,60
gemma4,4,4,norm,model.layers.28.router.norm,0.006317265828450521,60
gemma4,4,4,norm,model.layers.28.self_attn.k_norm,0.0065082073211669925,60
gemma4,4,4,norm,model.layers.28.self_attn.q_norm,0.006779781977335612,60
gemma4,4,4,norm,model.layers.28.self_attn.v_norm,0.0064122517903645836,60
gemma4,4,4,norm,model.layers.29.input_layernorm,0.006701374053955078,60
gemma4,4,4,norm,model.layers.29.post_attention_layernorm,0.0067408084869384766,60
gemma4,4,4,norm,model.layers.29.post_feedforward_layernorm,0.006631898880004883,60
gemma4,4,4,norm,model.layers.29.post_feedforward_layernorm_1,0.00664372444152832,60
gemma4,4,4,norm,model.layers.29.post_feedforward_layernorm_2,0.00669703483581543,60
gemma4,4,4,norm,model.layers.29.pre_feedforward_layernorm,0.006653245290120443,60
gemma4,4,4,norm,model.layers.29.pre_feedforward_layernorm_2,0.006615479787190755,60
gemma4,4,4,norm,model.layers.29.router.norm,0.006347751617431641,60
gemma4,4,4,norm,model.layers.29.self_attn.k_norm,0.006406418482462565,60
gemma4,4,4,norm,model.layers.29.self_attn.q_norm,0.0068991661071777345,60
gemma4,4,4,norm,model.layers.29.self_attn.v_norm,0.006482140223185221,60
gemma4,4,4,norm,model.layers.3.input_layernorm,0.006608543793360392,60
gemma4,4,4,norm,model.layers.3.post_attention_layernorm,0.006901868184407552,60
gemma4,4,4,norm,model.layers.3.post_feedforward_layernorm,0.006504537661870321,60
gemma4,4,4,norm,model.layers.3.post_feedforward_layernorm_1,0.006755735476811727,60
gemma4,4,4,norm,model.layers.3.post_feedforward_layernorm_2,0.006714129447937011,60
gemma4,4,4,norm,model.layers.3.pre_feedforward_layernorm,0.006531739234924316,60
gemma4,4,4,norm,model.layers.3.pre_feedforward_layernorm_2,0.006834671894709269,60
gemma4,4,4,norm,model.layers.3.router.norm,0.006341330210367839,60
gemma4,4,4,norm,model.layers.3.self_attn.k_norm,0.0065807958443959555,60
gemma4,4,4,norm,model.layers.3.self_attn.q_norm,0.006778146823247274,60
gemma4,4,4,norm,model.layers.3.self_attn.v_norm,0.006460791826248169,60
gemma4,4,4,norm,model.layers.4.input_layernorm,0.006722664833068848,60
gemma4,4,4,norm,model.layers.4.post_attention_layernorm,0.006659187873204549,60
gemma4,4,4,norm,model.layers.4.post_feedforward_layernorm,0.0067845344543457035,60
gemma4,4,4,norm,model.layers.4.post_feedforward_layernorm_1,0.006619193156560262,60
gemma4,4,4,norm,model.layers.4.post_feedforward_layernorm_2,0.006762683391571045,60
gemma4,4,4,norm,model.layers.4.pre_feedforward_layernorm,0.006597866614659627,60
gemma4,4,4,norm,model.layers.4.pre_feedforward_layernorm_2,0.006811738014221191,60
gemma4,4,4,norm,model.layers.4.router.norm,0.006326937675476074,60
gemma4,4,4,norm,model.layers.4.self_attn.k_norm,0.006434136629104614,60
gemma4,4,4,norm,model.layers.4.self_attn.q_norm,0.006637857357660929,60
gemma4,4,4,norm,model.layers.4.self_attn.v_norm,0.006418673197428385,60
gemma4,4,4,norm,model.layers.5.input_layernorm,0.006636271874109904,60
gemma4,4,4,norm,model.layers.5.post_attention_layernorm,0.006760541598002116,60
gemma4,4,4,norm,model.layers.5.post_feedforward_layernorm,0.006644801298777262,60
gemma4,4,4,norm,model.layers.5.post_feedforward_layernorm_1,0.006659209728240967,60
gemma4,4,4,norm,model.layers.5.post_feedforward_layernorm_2,0.006728537877400716,60
gemma4,4,4,norm,model.layers.5.pre_feedforward_layernorm,0.006605335076649984,60
gemma4,4,4,norm,model.layers.5.pre_feedforward_layernorm_2,0.006769065062204997,60
gemma4,4,4,norm,model.layers.5.router.norm,0.006369046370188395,60
gemma4,4,4,norm,model.layers.5.self_attn.k_norm,0.006464020411173502,60
gemma4,4,4,norm,model.layers.5.self_attn.q_norm,0.006797325611114502,60
gemma4,4,4,norm,model.layers.5.self_attn.v_norm,0.006374382972717285,60
gemma4,4,4,norm,model.layers.6.input_layernorm,0.006580257415771484,60
gemma4,4,4,norm,model.layers.6.post_attention_layernorm,0.006665587425231934,60
gemma4,4,4,norm,model.layers.6.post_feedforward_layernorm,0.00652318795522054,60
gemma4,4,4,norm,model.layers.6.post_feedforward_layernorm_1,0.006744551658630371,60
gemma4,4,4,norm,model.layers.6.post_feedforward_layernorm_2,0.00676958958307902,60
gemma4,4,4,norm,model.layers.6.pre_feedforward_layernorm,0.006563731034596761,60
gemma4,4,4,norm,model.layers.6.pre_feedforward_layernorm_2,0.00673066775004069,60
gemma4,4,4,norm,model.layers.6.router.norm,0.006416539351145427,60
gemma4,4,4,norm,model.layers.6.self_attn.k_norm,0.006644280751546224,60
gemma4,4,4,norm,model.layers.6.self_attn.q_norm,0.006952528158823649,60
gemma4,4,4,norm,model.layers.6.self_attn.v_norm,0.006468788782755534,60
gemma4,4,4,norm,model.layers.7.input_layernorm,0.0067173520723978674,60
gemma4,4,4,norm,model.layers.7.post_attention_layernorm,0.0067973494529724125,60
gemma4,4,4,norm,model.layers.7.post_feedforward_layernorm,0.006605362892150879,60
gemma4,4,4,norm,model.layers.7.post_feedforward_layernorm_1,0.006796820958455404,60
gemma4,4,4,norm,model.layers.7.post_feedforward_layernorm_2,0.006651727358500162,60
gemma4,4,4,norm,model.layers.7.pre_feedforward_layernorm,0.006585057576497396,60
gemma4,4,4,norm,model.layers.7.pre_feedforward_layernorm_2,0.006875189145406088,60
gemma4,4,4,norm,model.layers.7.router.norm,0.006393591562906901,60
gemma4,4,4,norm,model.layers.7.self_attn.k_norm,0.006483741601308187,60
gemma4,4,4,norm,model.layers.7.self_attn.q_norm,0.006672525405883789,60
gemma4,4,4,norm,model.layers.7.self_attn.v_norm,0.0065007845560709635,60
gemma4,4,4,norm,model.layers.8.input_layernorm,0.006627198060353597,60
gemma4,4,4,norm,model.layers.8.post_attention_layernorm,0.006757875283559163,60
gemma4,4,4,norm,model.layers.8.post_feedforward_layernorm,0.006670403480529785,60
gemma4,4,4,norm,model.layers.8.post_feedforward_layernorm_1,0.006698143482208252,60
gemma4,4,4,norm,model.layers.8.post_feedforward_layernorm_2,0.0066975831985473635,60
gemma4,4,4,norm,model.layers.8.pre_feedforward_layernorm,0.006556816895802816,60
gemma4,4,4,norm,model.layers.8.pre_feedforward_layernorm_2,0.006905098756154378,60
gemma4,4,4,norm,model.layers.8.router.norm,0.006399985154469808,60
gemma4,4,4,norm,model.layers.8.self_attn.k_norm,0.0064394632975260414,60
gemma4,4,4,norm,model.layers.8.self_attn.q_norm,0.006777079900105795,60
gemma4,4,4,norm,model.layers.8.self_attn.v_norm,0.006531763076782227,60
gemma4,4,4,norm,model.layers.9.input_layernorm,0.006669859091440837,60
gemma4,4,4,norm,model.layers.9.post_attention_layernorm,0.006770141919453939,60
gemma4,4,4,norm,model.layers.9.post_feedforward_layernorm,0.00669706662495931,60
gemma4,4,4,norm,model.layers.9.post_feedforward_layernorm_1,0.006785078843434652,60
gemma4,4,4,norm,model.layers.9.post_feedforward_layernorm_2,0.006735448042551676,60
gemma4,4,4,norm,model.layers.9.pre_feedforward_layernorm,0.0066501339276631675,60
gemma4,4,4,norm,model.layers.9.pre_feedforward_layernorm_2,0.006902945041656494,60
gemma4,4,4,norm,model.layers.9.router.norm,0.006395188967386881,60
gemma4,4,4,norm,model.layers.9.self_attn.k_norm,0.006432533264160156,60
gemma4,4,4,norm,model.layers.9.self_attn.q_norm,0.0066474715868632,60
gemma4,4,4,norm,model.layers.9.self_attn.v_norm,0.006450676918029785,60
gemma4,4,4,norm,model.norm,0.006704505284627279,60
gemma4,4,4,routed,model.layers.0.moe.experts,0.11859946797291437,60
gemma4,4,4,routed,model.layers.1.moe.experts,0.12118079662322997,60
gemma4,4,4,routed,model.layers.10.moe.experts,0.1039738655090332,60
gemma4,4,4,routed,model.layers.11.moe.experts,0.09991309642791749,60
gemma4,4,4,routed,model.layers.12.moe.experts,0.1093152364095052,60
gemma4,4,4,routed,model.layers.13.moe.experts,0.10564476648966471,60
gemma4,4,4,routed,model.layers.14.moe.experts,0.10408798853556316,60
gemma4,4,4,routed,model.layers.15.moe.experts,0.11242717107137044,60
gemma4,4,4,routed,model.layers.16.moe.experts,0.10789704322814941,60
gemma4,4,4,routed,model.layers.17.moe.experts,0.11363462607065837,60
gemma4,4,4,routed,model.layers.18.moe.experts,0.11638721625010172,60
gemma4,4,4,routed,model.layers.19.moe.experts,0.11548264821370442,60
gemma4,4,4,routed,model.layers.2.moe.experts,0.11589599847793579,60
gemma4,4,4,routed,model.layers.20.moe.experts,0.1171157201131185,60
gemma4,4,4,routed,model.layers.21.moe.experts,0.11433172225952148,60
gemma4,4,4,routed,model.layers.22.moe.experts,0.11188491185506184,60
gemma4,4,4,routed,model.layers.23.moe.experts,0.10968003273010254,60
gemma4,4,4,routed,model.layers.24.moe.experts,0.11400047938028972,60
gemma4,4,4,routed,model.layers.25.moe.experts,0.11163519223531088,60
gemma4,4,4,routed,model.layers.26.moe.experts,0.11474191347757975,60
gemma4,4,4,routed,model.layers.27.moe.experts,0.11568373044331869,60
gemma4,4,4,routed,model.layers.28.moe.experts,0.10674931208292643,60
gemma4,4,4,routed,model.layers.29.moe.experts,0.10651359558105469,60
gemma4,4,4,routed,model.layers.3.moe.experts,0.10965653657913207,60
gemma4,4,4,routed,model.layers.4.moe.experts,0.10377280116081238,60
gemma4,4,4,routed,model.layers.5.moe.experts,0.10818509260813396,60
gemma4,4,4,routed,model.layers.6.moe.experts,0.11053011814753215,60
gemma4,4,4,routed,model.layers.7.moe.experts,0.11042027870814006,60
gemma4,4,4,routed,model.layers.8.moe.experts,0.10718773206075033,60
gemma4,4,4,routed,model.layers.9.moe.experts,0.10502825180689494,60
gemma4,4,4,routing,model.layers.0.moe.experts.topk,0.007158930599689484,60
gemma4,4,4,routing,model.layers.0.router,0.026130667080481847,60
gemma4,4,4,routing,model.layers.1.moe.experts.topk,0.00721493661403656,60
gemma4,4,4,routing,model.layers.1.router,0.02609919806321462,60
gemma4,4,4,routing,model.layers.10.moe.experts.topk,0.007364217440287272,60
gemma4,4,4,routing,model.layers.10.router,0.025900785128275552,60
gemma4,4,4,routing,model.layers.11.moe.experts.topk,0.007340828577677409,60
gemma4,4,4,routing,model.layers.11.router,0.026123714447021485,60
gemma4,4,4,routing,model.layers.12.moe.experts.topk,0.007178680102030436,60
gemma4,4,4,routing,model.layers.12.router,0.02602399984995524,60
gemma4,4,4,routing,model.layers.13.moe.experts.topk,0.007106685638427734,60
gemma4,4,4,routing,model.layers.13.router,0.026163689295450845,60
gemma4,4,4,routing,model.layers.14.moe.experts.topk,0.007240557670593261,60
gemma4,4,4,routing,model.layers.14.router,0.025910393397013346,60
gemma4,4,4,routing,model.layers.15.moe.experts.topk,0.0071850776672363285,60
gemma4,4,4,routing,model.layers.15.router,0.02599947452545166,60
gemma4,4,4,routing,model.layers.16.moe.experts.topk,0.007242163022359212,60
gemma4,4,4,routing,model.layers.16.router,0.02603464921315511,60
gemma4,4,4,routing,model.layers.17.moe.experts.topk,0.007176550229390463,60
gemma4,4,4,routing,model.layers.17.router,0.025975465774536133,60
gemma4,4,4,routing,model.layers.18.moe.experts.topk,0.007146660486857096,60
gemma4,4,4,routing,model.layers.18.router,0.02616105874379476,60
gemma4,4,4,routing,model.layers.19.moe.experts.topk,0.0073029518127441405,60
gemma4,4,4,routing,model.layers.19.router,0.026099189122517904,60
gemma4,4,4,routing,model.layers.2.moe.experts.topk,0.007166924079259237,60
gemma4,4,4,routing,model.layers.2.router,0.025948262214660643,60
gemma4,4,4,routing,model.layers.20.moe.experts.topk,0.007253376642862955,60
gemma4,4,4,routing,model.layers.20.router,0.02591419219970703,60
gemma4,4,4,routing,model.layers.21.moe.experts.topk,0.007182963689168294,60
gemma4,4,4,routing,model.layers.21.router,0.026192998886108397,60
gemma4,4,4,routing,model.layers.22.moe.experts.topk,0.007306146621704102,60
gemma4,4,4,routing,model.layers.22.router,0.026053333282470705,60
gemma4,4,4,routing,model.layers.23.moe.experts.topk,0.007158819834391276,60
gemma4,4,4,routing,model.layers.23.router,0.02597975730895996,60
gemma4,4,4,routing,model.layers.24.moe.experts.topk,0.007187255223592122,60
gemma4,4,4,routing,model.layers.24.router,0.02605276107788086,60
gemma4,4,4,routing,model.layers.25.moe.experts.topk,0.0071841080983479815,60
gemma4,4,4,routing,model.layers.25.router,0.02614564895629883,60
gemma4,4,4,routing,model.layers.26.moe.experts.topk,0.0072901248931884766,60
gemma4,4,4,routing,model.layers.26.router,0.02595941225687663,60
gemma4,4,4,routing,model.layers.27.moe.experts.topk,0.007211716969807943,60
gemma4,4,4,routing,model.layers.27.router,0.026130151748657227,60
gemma4,4,4,routing,model.layers.28.moe.experts.topk,0.007149823506673177,60
gemma4,4,4,routing,model.layers.28.router,0.026135381062825522,60
gemma4,4,4,routing,model.layers.29.moe.experts.topk,0.007201528549194336,60
gemma4,4,4,routing,model.layers.29.router,0.025947109858194987,60
gemma4,4,4,routing,model.layers.3.moe.experts.topk,0.007214929660161336,60
gemma4,4,4,routing,model.layers.3.router,0.02608320116996765,60
gemma4,4,4,routing,model.layers.4.moe.experts.topk,0.0072287976741790775,60
gemma4,4,4,routing,model.layers.4.router,0.02599520285924276,60
gemma4,4,4,routing,model.layers.5.moe.experts.topk,0.007275207837422689,60
gemma4,4,4,routing,model.layers.5.router,0.02605815331141154,60
gemma4,4,4,routing,model.layers.6.moe.experts.topk,0.007124809424082438,60
gemma4,4,4,routing,model.layers.6.router,0.02611733675003052,60
gemma4,4,4,routing,model.layers.7.moe.experts.topk,0.007282121976216634,60
gemma4,4,4,routing,model.layers.7.router,0.02595575253168742,60
gemma4,4,4,routing,model.layers.8.moe.experts.topk,0.007261327902475993,60
gemma4,4,4,routing,model.layers.8.router,0.02608639399210612,60
gemma4,4,4,routing,model.layers.9.moe.experts.topk,0.0071850816408793134,60
gemma4,4,4,routing,model.layers.9.router,0.025984005133310954,60
gemma4,4,8,attention,model.layers.0.self_attn,0.11147626644621293,60
gemma4,4,8,attention,model.layers.1.self_attn,0.10936853686968485,60
gemma4,4,8,attention,model.layers.10.self_attn,0.1087658723195394,60
gemma4,4,8,attention,model.layers.11.self_attn,0.13203624884287515,60
gemma4,4,8,attention,model.layers.12.self_attn,0.10925868352254232,60
gemma4,4,8,attention,model.layers.13.self_attn,0.10914024511973063,60
gemma4,4,8,attention,model.layers.14.self_attn,0.109279998143514,60
gemma4,4,8,attention,model.layers.15.self_attn,0.10833489100138347,60
gemma4,4,8,attention,model.layers.16.self_attn,0.10945021311442057,60
gemma4,4,8,attention,model.layers.17.self_attn,0.13095526695251464,60
gemma4,4,8,attention,model.layers.18.self_attn,0.10893596013387044,60
gemma4,4,8,attention,model.layers.19.self_attn,0.10904040336608886,60
gemma4,4,8,attention,model.layers.2.self_attn,0.11068853139877319,60
gemma4,4,8,attention,model.layers.20.self_attn,0.10856431325276693,60
gemma4,4,8,attention,model.layers.21.self_attn,0.10885113080342611,60
gemma4,4,8,attention,model.layers.22.self_attn,0.10883687337239584,60
gemma4,4,8,attention,model.layers.23.self_attn,0.13246455192565917,60
gemma4,4,8,attention,model.layers.24.self_attn,0.10916908582051595,60
gemma4,4,8,attention,model.layers.25.self_attn,0.10852367083231608,60
gemma4,4,8,attention,model.layers.26.self_attn,0.10871148109436035,60
gemma4,4,8,attention,model.layers.27.self_attn,0.1085071881612142,60
gemma4,4,8,attention,model.layers.28.self_attn,0.10933602650960286,60
gemma4,4,8,attention,model.layers.29.self_attn,0.13267253239949545,60
gemma4,4,8,attention,model.layers.3.self_attn,0.10915038983027141,60
gemma4,4,8,attention,model.layers.4.self_attn,0.1089344064394633,60
gemma4,4,8,attention,model.layers.5.self_attn,0.13261975049972535,60
gemma4,4,8,attention,model.layers.6.self_attn,0.10813066164652506,60
gemma4,4,8,attention,model.layers.7.self_attn,0.10918771823247274,60
gemma4,4,8,attention,model.layers.8.self_attn,0.10887890656789144,60
gemma4,4,8,attention,model.layers.9.self_attn,0.10957924524943034,60
gemma4,4,8,dense_mlp,model.layers.0.mlp,0.041910399496555326,60
gemma4,4,8,dense_mlp,model.layers.1.mlp,0.042291202147801715,60
gemma4,4,8,dense_mlp,model.layers.10.mlp,0.042546709378560386,60
gemma4,4,8,dense_mlp,model.layers.11.mlp,0.04198451042175293,60
gemma4,4,8,dense_mlp,model.layers.12.mlp,0.042276255289713544,60
gemma4,4,8,dense_mlp,model.layers.13.mlp,0.042657089233398435,60
gemma4,4,8,dense_mlp,model.layers.14.mlp,0.042141842842102054,60
gemma4,4,8,dense_mlp,model.layers.15.mlp,0.04231731096903483,60
gemma4,4,8,dense_mlp,model.layers.16.mlp,0.042566315333048506,60
gemma4,4,8,dense_mlp,model.layers.17.mlp,0.0423579216003418,60
gemma4,4,8,dense_mlp,model.layers.18.mlp,0.04254132906595866,60
gemma4,4,8,dense_mlp,model.layers.19.mlp,0.042108345031738284,60
gemma4,4,8,dense_mlp,model.layers.2.mlp,0.04262666503588359,60
gemma4,4,8,dense_mlp,model.layers.20.mlp,0.04221437772115071,60
gemma4,4,8,dense_mlp,model.layers.21.mlp,0.04250985781351725,60
gemma4,4,8,dense_mlp,model.layers.22.mlp,0.04282662073771159,60
gemma4,4,8,dense_mlp,model.layers.23.mlp,0.04242995580037435,60
gemma4,4,8,dense_mlp,model.layers.24.mlp,0.04198288917541504,60
gemma4,4,8,dense_mlp,model.layers.25.mlp,0.04239358901977539,60
gemma4,4,8,dense_mlp,model.layers.26.mlp,0.042139720916748044,60
gemma4,4,8,dense_mlp,model.layers.27.mlp,0.0424768606821696,60
gemma4,4,8,dense_mlp,model.layers.28.mlp,0.04250774383544922,60
gemma4,4,8,dense_mlp,model.layers.29.mlp,0.04156537055969238,60
gemma4,4,8,dense_mlp,model.layers.3.mlp,0.04320319493611654,60
gemma4,4,8,dense_mlp,model.layers.4.mlp,0.04248800277709961,60
gemma4,4,8,dense_mlp,model.layers.5.mlp,0.04202078978220622,60
gemma4,4,8,dense_mlp,model.layers.6.mlp,0.04236423969268799,60
gemma4,4,8,dense_mlp,model.layers.7.mlp,0.042625065644582114,60
gemma4,4,8,dense_mlp,model.layers.8.mlp,0.04253654479980469,60
gemma4,4,8,dense_mlp,model.layers.9.mlp,0.042673532168070474,60
gemma4,4,8,embedding,model.embed_tokens,0.01565013340053459,60
gemma4,4,8,lm_head,compute_logits,0.9121967633565267,60
gemma4,4,8,moe_envelope,model.layers.0.moe.experts,0.23370239933331807,60
gemma4,4,8,moe_envelope,model.layers.1.moe.experts,0.2470117390155792,60
gemma4,4,8,moe_envelope,model.layers.10.moe.experts,0.23473652203877768,60
gemma4,4,8,moe_envelope,model.layers.11.moe.experts,0.23167357444763184,60
gemma4,4,8,moe_envelope,model.layers.12.moe.experts,0.23085978031158447,60
gemma4,4,8,moe_envelope,model.layers.13.moe.experts,0.22522667249043782,60
gemma4,4,8,moe_envelope,model.layers.14.moe.experts,0.23020211060841878,60
gemma4,4,8,moe_envelope,model.layers.15.moe.experts,0.23485542933146158,60
gemma4,4,8,moe_envelope,model.layers.16.moe.experts,0.22976913452148437,60
gemma4,4,8,moe_envelope,model.layers.17.moe.experts,0.23404792149861653,60
gemma4,4,8,moe_envelope,model.layers.18.moe.experts,0.23742353121439616,60
gemma4,4,8,moe_envelope,model.layers.19.moe.experts,0.23666351636250813,60
gemma4,4,8,moe_envelope,model.layers.2.moe.experts,0.2429744005203247,60
gemma4,4,8,moe_envelope,model.layers.20.moe.experts,0.2400256315867106,60
gemma4,4,8,moe_envelope,model.layers.21.moe.experts,0.237820831934611,60
gemma4,4,8,moe_envelope,model.layers.22.moe.experts,0.2310917854309082,60
gemma4,4,8,moe_envelope,model.layers.23.moe.experts,0.23902665774027507,60
gemma4,4,8,moe_envelope,model.layers.24.moe.experts,0.24259303410847982,60
gemma4,4,8,moe_envelope,model.layers.25.moe.experts,0.23044323921203613,60
gemma4,4,8,moe_envelope,model.layers.26.moe.experts,0.23606244723002115,60
gemma4,4,8,moe_envelope,model.layers.27.moe.experts,0.23865852355957032,60
gemma4,4,8,moe_envelope,model.layers.28.moe.experts,0.2426028569539388,60
gemma4,4,8,moe_envelope,model.layers.29.moe.experts,0.2291125456492106,60
gemma4,4,8,moe_envelope,model.layers.3.moe.experts,0.23950720032056172,60
gemma4,4,8,moe_envelope,model.layers.4.moe.experts,0.23211359977722168,60
gemma4,4,8,moe_envelope,model.layers.5.moe.experts,0.23190027475357056,60
gemma4,4,8,moe_envelope,model.layers.6.moe.experts,0.23512374957402546,60
gemma4,4,8,moe_envelope,model.layers.7.moe.experts,0.23205224672953287,60
gemma4,4,8,moe_envelope,model.layers.8.moe.experts,0.23767840067545573,60
gemma4,4,8,moe_envelope,model.layers.9.moe.experts,0.23750662008921306,60
gemma4,4,8,norm,model.layers.0.input_layernorm,0.006725866751124462,60
gemma4,4,8,norm,model.layers.0.post_attention_layernorm,0.006730665763219197,60
gemma4,4,8,norm,model.layers.0.post_feedforward_layernorm,0.006618668635686238,60
gemma4,4,8,norm,model.layers.0.post_feedforward_layernorm_1,0.006643733382225037,60
gemma4,4,8,norm,model.layers.0.post_feedforward_layernorm_2,0.00664746363957723,60
gemma4,4,8,norm,model.layers.0.pre_feedforward_layernorm,0.0065365336835384365,60
gemma4,4,8,norm,model.layers.0.pre_feedforward_layernorm_2,0.006785066177447637,60
gemma4,4,8,norm,model.layers.0.router.norm,0.006321065624554952,60
gemma4,4,8,norm,model.layers.0.self_attn.k_norm,0.006453333919246991,60
gemma4,4,8,norm,model.layers.0.self_attn.q_norm,0.006681599467992782,60
gemma4,4,8,norm,model.layers.0.self_attn.v_norm,0.006361067046721776,60
gemma4,4,8,norm,model.layers.1.input_layernorm,0.006601070364316304,60
gemma4,4,8,norm,model.layers.1.post_attention_layernorm,0.006691729029019673,60
gemma4,4,8,norm,model.layers.1.post_feedforward_layernorm,0.00668266216913859,60
gemma4,4,8,norm,model.layers.1.post_feedforward_layernorm_1,0.006630403796831766,60
gemma4,4,8,norm,model.layers.1.post_feedforward_layernorm_2,0.006633064150810242,60
gemma4,4,8,norm,model.layers.1.pre_feedforward_layernorm,0.006550393501917521,60
gemma4,4,8,norm,model.layers.1.pre_feedforward_layernorm_2,0.006888535618782043,60
gemma4,4,8,norm,model.layers.1.router.norm,0.00628853440284729,60
gemma4,4,8,norm,model.layers.1.self_attn.k_norm,0.006454398234685262,60
gemma4,4,8,norm,model.layers.1.self_attn.q_norm,0.006664003928502401,60
gemma4,4,8,norm,model.layers.1.self_attn.v_norm,0.006515196959177653,60
gemma4,4,8,norm,model.layers.10.input_layernorm,0.0066010395685831705,60
gemma4,4,8,norm,model.layers.10.post_attention_layernorm,0.006745592753092448,60
gemma4,4,8,norm,model.layers.10.post_feedforward_layernorm,0.006603797276814778,60
gemma4,4,8,norm,model.layers.10.post_feedforward_layernorm_1,0.006679463386535645,60
gemma4,4,8,norm,model.layers.10.post_feedforward_layernorm_2,0.006750925381978353,60
gemma4,4,8,norm,model.layers.10.pre_feedforward_layernorm,0.0066229422887166345,60
gemma4,4,8,norm,model.layers.10.pre_feedforward_layernorm_2,0.006792020797729492,60
gemma4,4,8,norm,model.layers.10.router.norm,0.0062357107798258465,60
gemma4,4,8,norm,model.layers.10.self_attn.k_norm,0.006387726465861002,60
gemma4,4,8,norm,model.layers.10.self_attn.q_norm,0.006743947664896647,60
gemma4,4,8,norm,model.layers.10.self_attn.v_norm,0.006481631596883138,60
gemma4,4,8,norm,model.layers.11.input_layernorm,0.006548786163330078,60
gemma4,4,8,norm,model.layers.11.post_attention_layernorm,0.006865612665812175,60
gemma4,4,8,norm,model.layers.11.post_feedforward_layernorm,0.0065114339192708336,60
gemma4,4,8,norm,model.layers.11.post_feedforward_layernorm_1,0.006653324762980143,60
gemma4,4,8,norm,model.layers.11.post_feedforward_layernorm_2,0.006683182716369629,60
gemma4,4,8,norm,model.layers.11.pre_feedforward_layernorm,0.006643160184224447,60
gemma4,4,8,norm,model.layers.11.pre_feedforward_layernorm_2,0.00683894952138265,60
gemma4,4,8,norm,model.layers.11.router.norm,0.006279468536376953,60
gemma4,4,8,norm,model.layers.11.self_attn.k_norm,0.006363193194071452,60
gemma4,4,8,norm,model.layers.11.self_attn.q_norm,0.006797377268473307,60
gemma4,4,8,norm,model.layers.11.self_attn.v_norm,0.006389331817626953,60
gemma4,4,8,norm,model.layers.12.input_layernorm,0.006546696027119954,60
gemma4,4,8,norm,model.layers.12.post_attention_layernorm,0.0067360242207845054,60
gemma4,4,8,norm,model.layers.12.post_feedforward_layernorm,0.006519985198974609,60
gemma4,4,8,norm,model.layers.12.post_feedforward_layernorm_1,0.0066506385803222655,60
gemma4,4,8,norm,model.layers.12.post_feedforward_layernorm_2,0.006679995854695638,60
gemma4,4,8,norm,model.layers.12.pre_feedforward_layernorm,0.006592504183451335,60
gemma4,4,8,norm,model.layers.12.pre_feedforward_layernorm_2,0.006797329584757487,60
gemma4,4,8,norm,model.layers.12.router.norm,0.00634771982828776,60
gemma4,4,8,norm,model.layers.12.self_attn.k_norm,0.006537032127380371,60
gemma4,4,8,norm,model.layers.12.self_attn.q_norm,0.006698147455851237,60
gemma4,4,8,norm,model.layers.12.self_attn.v_norm,0.006502374013264974,60
gemma4,4,8,norm,model.layers.13.input_layernorm,0.006598416964213053,60
gemma4,4,8,norm,model.layers.13.post_attention_layernorm,0.006708804766337077,60
gemma4,4,8,norm,model.layers.13.post_feedforward_layernorm,0.006707668304443359,60
gemma4,4,8,norm,model.layers.13.post_feedforward_layernorm_1,0.006553069750467936,60
gemma4,4,8,norm,model.layers.13.post_feedforward_layernorm_2,0.00675200621287028,60
gemma4,4,8,norm,model.layers.13.pre_feedforward_layernorm,0.006515177090962728,60
gemma4,4,8,norm,model.layers.13.pre_feedforward_layernorm_2,0.006846404075622559,60
gemma4,4,8,norm,model.layers.13.router.norm,0.0063583691914876304,60
gemma4,4,8,norm,model.layers.13.self_attn.k_norm,0.006462375322977702,60
gemma4,4,8,norm,model.layers.13.self_attn.q_norm,0.006607476870218913,60
gemma4,4,8,norm,model.layers.13.self_attn.v_norm,0.006421820322672526,60
gemma4,4,8,norm,model.layers.14.input_layernorm,0.006604830423990886,60
gemma4,4,8,norm,model.layers.14.post_attention_layernorm,0.006678462028503418,60
gemma4,4,8,norm,model.layers.14.post_feedforward_layernorm,0.0065029303232828775,60
gemma4,4,8,norm,model.layers.14.post_feedforward_layernorm_1,0.006621352831522624,60
gemma4,4,8,norm,model.layers.14.post_feedforward_layernorm_2,0.006747221946716309,60
gemma4,4,8,norm,model.layers.14.pre_feedforward_layernorm,0.006585081418355306,60
gemma4,4,8,norm,model.layers.14.pre_feedforward_layernorm_2,0.00684049924214681,60
gemma4,4,8,norm,model.layers.14.router.norm,0.006294949849446615,60
gemma4,4,8,norm,model.layers.14.self_attn.k_norm,0.006382417678833008,60
gemma4,4,8,norm,model.layers.14.self_attn.q_norm,0.006828761100769043,60
gemma4,4,8,norm,model.layers.14.self_attn.v_norm,0.006470330556233724,60
gemma4,4,8,norm,model.layers.15.input_layernorm,0.006518403689066569,60
gemma4,4,8,norm,model.layers.15.post_attention_layernorm,0.006771747271219889,60
gemma4,4,8,norm,model.layers.15.post_feedforward_layernorm,0.006496556599934896,60
gemma4,4,8,norm,model.layers.15.post_feedforward_layernorm_1,0.006602621078491211,60
gemma4,4,8,norm,model.layers.15.post_feedforward_layernorm_2,0.0067621310551961265,60
gemma4,4,8,norm,model.layers.15.pre_feedforward_layernorm,0.0065040191014607745,60
gemma4,4,8,norm,model.layers.15.pre_feedforward_layernorm_2,0.0066890716552734375,60
gemma4,4,8,norm,model.layers.15.router.norm,0.006320532162984212,60
gemma4,4,8,norm,model.layers.15.self_attn.k_norm,0.006525866190592448,60
gemma4,4,8,norm,model.layers.15.self_attn.q_norm,0.006723753611246745,60
gemma4,4,8,norm,model.layers.15.self_attn.v_norm,0.006448483467102051,60
gemma4,4,8,norm,model.layers.16.input_layernorm,0.00667409102121989,60
gemma4,4,8,norm,model.layers.16.post_attention_layernorm,0.006666103998819987,60
gemma4,4,8,norm,model.layers.16.post_feedforward_layernorm,0.006693744659423828,60
gemma4,4,8,norm,model.layers.16.post_feedforward_layernorm_1,0.00666192372639974,60
gemma4,4,8,norm,model.layers.16.post_feedforward_layernorm_2,0.006699180603027344,60
gemma4,4,8,norm,model.layers.16.pre_feedforward_layernorm,0.0066527843475341795,60
gemma4,4,8,norm,model.layers.16.pre_feedforward_layernorm_2,0.006984535853068034,60
gemma4,4,8,norm,model.layers.16.router.norm,0.006298192342122396,60
gemma4,4,8,norm,model.layers.16.self_attn.k_norm,0.006489674250284831,60
gemma4,4,8,norm,model.layers.16.self_attn.q_norm,0.006689087549845377,60
gemma4,4,8,norm,model.layers.16.self_attn.v_norm,0.006422551472981771,60
gemma4,4,8,norm,model.layers.17.input_layernorm,0.006533400217692057,60
gemma4,4,8,norm,model.layers.17.post_attention_layernorm,0.006717411677042643,60
gemma4,4,8,norm,model.layers.17.post_feedforward_layernorm,0.006677309672037761,60
gemma4,4,8,norm,model.layers.17.post_feedforward_layernorm_1,0.00658720334370931,60
gemma4,4,8,norm,model.layers.17.post_feedforward_layernorm_2,0.006626637776692709,60
gemma4,4,8,norm,model.layers.17.pre_feedforward_layernorm,0.006561644872029622,60
gemma4,4,8,norm,model.layers.17.pre_feedforward_layernorm_2,0.006797885894775391,60
gemma4,4,8,norm,model.layers.17.router.norm,0.006341266632080078,60
gemma4,4,8,norm,model.layers.17.self_attn.k_norm,0.006320587793986003,60
gemma4,4,8,norm,model.layers.17.self_attn.q_norm,0.0067114671071370445,60
gemma4,4,8,norm,model.layers.17.self_attn.v_norm,0.006331809361775716,60
gemma4,4,8,norm,model.layers.18.input_layernorm,0.00654449462890625,60
gemma4,4,8,norm,model.layers.18.post_attention_layernorm,0.006593577067057292,60
gemma4,4,8,norm,model.layers.18.post_feedforward_layernorm,0.006492296854654948,60
gemma4,4,8,norm,model.layers.18.post_feedforward_layernorm_1,0.006615972518920899,60
gemma4,4,8,norm,model.layers.18.post_feedforward_layernorm_2,0.006655422846476237,60
gemma4,4,8,norm,model.layers.18.pre_feedforward_layernorm,0.0065312067667643225,60
gemma4,4,8,norm,model.layers.18.pre_feedforward_layernorm_2,0.006821346282958984,60
gemma4,4,8,norm,model.layers.18.router.norm,0.006353044509887695,60
gemma4,4,8,norm,model.layers.18.self_attn.k_norm,0.006504519780476888,60
gemma4,4,8,norm,model.layers.18.self_attn.q_norm,0.0068276723225911455,60
gemma4,4,8,norm,model.layers.18.self_attn.v_norm,0.00633544921875,60
gemma4,4,8,norm,model.layers.19.input_layernorm,0.006449015935262045,60
gemma4,4,8,norm,model.layers.19.post_attention_layernorm,0.006804736455281576,60
gemma4,4,8,norm,model.layers.19.post_feedforward_layernorm,0.006437826156616211,60
gemma4,4,8,norm,model.layers.19.post_feedforward_layernorm_1,0.00668636957804362,60
gemma4,4,8,norm,model.layers.19.post_feedforward_layernorm_2,0.006637350718180338,60
gemma4,4,8,norm,model.layers.19.pre_feedforward_layernorm,0.006579764684041341,60
gemma4,4,8,norm,model.layers.19.pre_feedforward_layernorm_2,0.006748771667480469,60
gemma4,4,8,norm,model.layers.19.router.norm,0.006384499867757161,60
gemma4,4,8,norm,model.layers.19.self_attn.k_norm,0.006477387746175131,60
gemma4,4,8,norm,model.layers.19.self_attn.q_norm,0.0066822210947672525,60
gemma4,4,8,norm,model.layers.19.self_attn.v_norm,0.006453307469685873,60
gemma4,4,8,norm,model.layers.2.input_layernorm,0.006568533182144165,60
gemma4,4,8,norm,model.layers.2.post_attention_layernorm,0.0066362579663594564,60
gemma4,4,8,norm,model.layers.2.post_feedforward_layernorm,0.006577597061793009,60
gemma4,4,8,norm,model.layers.2.post_feedforward_layernorm_1,0.006603199243545532,60
gemma4,4,8,norm,model.layers.2.post_feedforward_layernorm_2,0.006655470530192057,60
gemma4,4,8,norm,model.layers.2.pre_feedforward_layernorm,0.006548786163330078,60
gemma4,4,8,norm,model.layers.2.pre_feedforward_layernorm_2,0.0068330526351928714,60
gemma4,4,8,norm,model.layers.2.router.norm,0.0063567936420440676,60
gemma4,4,8,norm,model.layers.2.self_attn.k_norm,0.006520003080368042,60
gemma4,4,8,norm,model.layers.2.self_attn.q_norm,0.0067786733309427895,60
gemma4,4,8,norm,model.layers.2.self_attn.v_norm,0.006450661023457845,60
gemma4,4,8,norm,model.layers.20.input_layernorm,0.006729586919148763,60
gemma4,4,8,norm,model.layers.20.post_attention_layernorm,0.0066160043080647785,60
gemma4,4,8,norm,model.layers.20.post_feedforward_layernorm,0.0066623687744140625,60
gemma4,4,8,norm,model.layers.20.post_feedforward_layernorm_1,0.006596867243448893,60
gemma4,4,8,norm,model.layers.20.post_feedforward_layernorm_2,0.006593561172485352,60
gemma4,4,8,norm,model.layers.20.pre_feedforward_layernorm,0.006505076090494792,60
gemma4,4,8,norm,model.layers.20.pre_feedforward_layernorm_2,0.007000446319580078,60
gemma4,4,8,norm,model.layers.20.router.norm,0.006343428293863932,60
gemma4,4,8,norm,model.layers.20.self_attn.k_norm,0.006475178400675455,60
gemma4,4,8,norm,model.layers.20.self_attn.q_norm,0.006614414850870768,60
gemma4,4,8,norm,model.layers.20.self_attn.v_norm,0.006426652272542317,60
gemma4,4,8,norm,model.layers.21.input_layernorm,0.006471967697143555,60
gemma4,4,8,norm,model.layers.21.post_attention_layernorm,0.006717904408772787,60
gemma4,4,8,norm,model.layers.21.post_feedforward_layernorm,0.006522035598754883,60
gemma4,4,8,norm,model.layers.21.post_feedforward_layernorm_1,0.006705633799235026,60
gemma4,4,8,norm,model.layers.21.post_feedforward_layernorm_2,0.006631898880004883,60
gemma4,4,8,norm,model.layers.21.pre_feedforward_layernorm,0.006494903564453125,60
gemma4,4,8,norm,model.layers.21.pre_feedforward_layernorm_2,0.006634744008382162,60
gemma4,4,8,norm,model.layers.21.router.norm,0.006297095616658529,60
gemma4,4,8,norm,model.layers.21.self_attn.k_norm,0.006430419286092123,60
gemma4,4,8,norm,model.layers.21.self_attn.q_norm,0.006705554326375326,60
gemma4,4,8,norm,model.layers.21.self_attn.v_norm,0.006445852915445963,60
gemma4,4,8,norm,model.layers.22.input_layernorm,0.006497001647949219,60
gemma4,4,8,norm,model.layers.22.post_attention_layernorm,0.0066879908243815105,60
gemma4,4,8,norm,model.layers.22.post_feedforward_layernorm,0.006522035598754883,60
gemma4,4,8,norm,model.layers.22.post_feedforward_layernorm_1,0.006683699289957682,60
gemma4,4,8,norm,model.layers.22.post_feedforward_layernorm_2,0.006813907623291015,60
gemma4,4,8,norm,model.layers.22.pre_feedforward_layernorm,0.006587759653727213,60
gemma4,4,8,norm,model.layers.22.pre_feedforward_layernorm_2,0.006794134775797526,60
gemma4,4,8,norm,model.layers.22.router.norm,0.006285381317138672,60
gemma4,4,8,norm,model.layers.22.self_attn.k_norm,0.006451145807902018,60
gemma4,4,8,norm,model.layers.22.self_attn.q_norm,0.006733751296997071,60
gemma4,4,8,norm,model.layers.22.self_attn.v_norm,0.006397310892740885,60
gemma4,4,8,norm,model.layers.23.input_layernorm,0.006512069702148437,60
gemma4,4,8,norm,model.layers.23.post_attention_layernorm,0.00680696169535319,60
gemma4,4,8,norm,model.layers.23.post_feedforward_layernorm,0.006527519226074219,60
gemma4,4,8,norm,model.layers.23.post_feedforward_layernorm_1,0.006724786758422851,60
gemma4,4,8,norm,model.layers.23.post_feedforward_layernorm_2,0.0066340923309326175,60
gemma4,4,8,norm,model.layers.23.pre_feedforward_layernorm,0.006594101587931315,60
gemma4,4,8,norm,model.layers.23.pre_feedforward_layernorm_2,0.0068293412526448565,60
gemma4,4,8,norm,model.layers.23.router.norm,0.006401554743448893,60
gemma4,4,8,norm,model.layers.23.self_attn.k_norm,0.0066005547841389975,60
gemma4,4,8,norm,model.layers.23.self_attn.q_norm,0.006755749384562175,60
gemma4,4,8,norm,model.layers.23.self_attn.v_norm,0.006397851308186849,60
gemma4,4,8,norm,model.layers.24.input_layernorm,0.0066943486531575525,60
gemma4,4,8,norm,model.layers.24.post_attention_layernorm,0.006751394271850586,60
gemma4,4,8,norm,model.layers.24.post_feedforward_layernorm,0.006571674346923828,60
gemma4,4,8,norm,model.layers.24.post_feedforward_layernorm_1,0.006719064712524414,60
gemma4,4,8,norm,model.layers.24.post_feedforward_layernorm_2,0.006699705123901367,60
gemma4,4,8,norm,model.layers.24.pre_feedforward_layernorm,0.006554110844930013,60
gemma4,4,8,norm,model.layers.24.pre_feedforward_layernorm_2,0.006972153981526692,60
gemma4,4,8,norm,model.layers.24.router.norm,0.006252304712931315,60
gemma4,4,8,norm,model.layers.24.self_attn.k_norm,0.0064896265665690105,60
gemma4,4,8,norm,model.layers.24.self_attn.q_norm,0.006660858790079753,60
gemma4,4,8,norm,model.layers.24.self_attn.v_norm,0.006467247009277343,60
gemma4,4,8,norm,model.layers.25.input_layernorm,0.006558911005655924,60
gemma4,4,8,norm,model.layers.25.post_attention_layernorm,0.006781880060831706,60
gemma4,4,8,norm,model.layers.25.post_feedforward_layernorm,0.006689087549845377,60
gemma4,4,8,norm,model.layers.25.post_feedforward_layernorm_1,0.006583484013875326,60
gemma4,4,8,norm,model.layers.25.post_feedforward_layernorm_2,0.006736596425374349,60
gemma4,4,8,norm,model.layers.25.pre_feedforward_layernorm,0.006494410832722982,60
gemma4,4,8,norm,model.layers.25.pre_feedforward_layernorm_2,0.0067034562428792315,60
gemma4,4,8,norm,model.layers.25.router.norm,0.006381368637084961,60
gemma4,4,8,norm,model.layers.25.self_attn.k_norm,0.006430959701538086,60
gemma4,4,8,norm,model.layers.25.self_attn.q_norm,0.0067675113677978516,60
gemma4,4,8,norm,model.layers.25.self_attn.v_norm,0.006440973281860352,60
gemma4,4,8,norm,model.layers.26.input_layernorm,0.006590350468953451,60
gemma4,4,8,norm,model.layers.26.post_attention_layernorm,0.006649080912272135,60
gemma4,4,8,norm,model.layers.26.post_feedforward_layernorm,0.0064661661783854164,60
gemma4,4,8,norm,model.layers.26.post_feedforward_layernorm_1,0.006641101837158203,60
gemma4,4,8,norm,model.layers.26.post_feedforward_layernorm_2,0.006721003850301107,60
gemma4,4,8,norm,model.layers.26.pre_feedforward_layernorm,0.006511386235555013,60
gemma4,4,8,norm,model.layers.26.pre_feedforward_layernorm_2,0.006763188044230143,60
gemma4,4,8,norm,model.layers.26.router.norm,0.006322638193766276,60
gemma4,4,8,norm,model.layers.26.self_attn.k_norm,0.006507205963134766,60
gemma4,4,8,norm,model.layers.26.self_attn.q_norm,0.006635204950968424,60
gemma4,4,8,norm,model.layers.26.self_attn.v_norm,0.00644372304280599,60
gemma4,4,8,norm,model.layers.27.input_layernorm,0.006507762273152669,60
gemma4,4,8,norm,model.layers.27.post_attention_layernorm,0.006779654820760091,60
gemma4,4,8,norm,model.layers.27.post_feedforward_layernorm,0.006535545984903971,60
gemma4,4,8,norm,model.layers.27.post_feedforward_layernorm_1,0.006646315256754558,60
gemma4,4,8,norm,model.layers.27.post_feedforward_layernorm_2,0.006667216618855794,60
gemma4,4,8,norm,model.layers.27.pre_feedforward_layernorm,0.006485970815022787,60
gemma4,4,8,norm,model.layers.27.pre_feedforward_layernorm_2,0.006749884287516276,60
gemma4,4,8,norm,model.layers.27.router.norm,0.0063049634297688804,60
gemma4,4,8,norm,model.layers.27.self_attn.k_norm,0.006482617060343424,60
gemma4,4,8,norm,model.layers.27.self_attn.q_norm,0.006797822316487631,60
gemma4,4,8,norm,model.layers.27.self_attn.v_norm,0.006372912724812826,60
gemma4,4,8,norm,model.layers.28.input_layernorm,0.006545066833496094,60
gemma4,4,8,norm,model.layers.28.post_attention_layernorm,0.006719462076822917,60
gemma4,4,8,norm,model.layers.28.post_feedforward_layernorm,0.006554619471232096,60
gemma4,4,8,norm,model.layers.28.post_feedforward_layernorm_1,0.006596136093139649,60
gemma4,4,8,norm,model.layers.28.post_feedforward_layernorm_2,0.006624968846638998,60
gemma4,4,8,norm,model.layers.28.pre_feedforward_layernorm,0.006564887364705404,60
gemma4,4,8,norm,model.layers.28.pre_feedforward_layernorm_2,0.006894493103027343,60
gemma4,4,8,norm,model.layers.28.router.norm,0.006284745534261068,60
gemma4,4,8,norm,model.layers.28.self_attn.k_norm,0.006455898284912109,60
gemma4,4,8,norm,model.layers.28.self_attn.q_norm,0.006642738978068034,60
gemma4,4,8,norm,model.layers.28.self_attn.v_norm,0.006393559773763021,60
gemma4,4,8,norm,model.layers.29.input_layernorm,0.006529013315836589,60
gemma4,4,8,norm,model.layers.29.post_attention_layernorm,0.00654603640238444,60
gemma4,4,8,norm,model.layers.29.post_feedforward_layernorm,0.006610107421875,60
gemma4,4,8,norm,model.layers.29.post_feedforward_layernorm_1,0.006539233525594075,60
gemma4,4,8,norm,model.layers.29.post_feedforward_layernorm_2,0.006715202331542968,60
gemma4,4,8,norm,model.layers.29.pre_feedforward_layernorm,0.0065678755442301435,60
gemma4,4,8,norm,model.layers.29.pre_feedforward_layernorm_2,0.0067744572957356775,60
gemma4,4,8,norm,model.layers.29.router.norm,0.006274223327636719,60
gemma4,4,8,norm,model.layers.29.self_attn.k_norm,0.006420199076334635,60
gemma4,4,8,norm,model.layers.29.self_attn.q_norm,0.006678358713785807,60
gemma4,4,8,norm,model.layers.29.self_attn.v_norm,0.00631562868754069,60
gemma4,4,8,norm,model.layers.3.input_layernorm,0.00649067759513855,60
gemma4,4,8,norm,model.layers.3.post_attention_layernorm,0.0067669351895650225,60
gemma4,4,8,norm,model.layers.3.post_feedforward_layernorm,0.006499199072519938,60
gemma4,4,8,norm,model.layers.3.post_feedforward_layernorm_1,0.006659716367721558,60
gemma4,4,8,norm,model.layers.3.post_feedforward_layernorm_2,0.006865066289901733,60
gemma4,4,8,norm,model.layers.3.pre_feedforward_layernorm,0.006533340613047282,60
gemma4,4,8,norm,model.layers.3.pre_feedforward_layernorm_2,0.006647475560506185,60
gemma4,4,8,norm,model.layers.3.router.norm,0.006284803152084351,60
gemma4,4,8,norm,model.layers.3.self_attn.k_norm,0.006465609868367513,60
gemma4,4,8,norm,model.layers.3.self_attn.q_norm,0.006786670287450155,60
gemma4,4,8,norm,model.layers.3.self_attn.v_norm,0.0063898583253224695,60
gemma4,4,8,norm,model.layers.4.input_layernorm,0.006565884749094645,60
gemma4,4,8,norm,model.layers.4.post_attention_layernorm,0.006750412782033284,60
gemma4,4,8,norm,model.layers.4.post_feedforward_layernorm,0.006534409523010254,60
gemma4,4,8,norm,model.layers.4.post_feedforward_layernorm_1,0.006653328736623128,60
gemma4,4,8,norm,model.layers.4.post_feedforward_layernorm_2,0.006629327932993571,60
gemma4,4,8,norm,model.layers.4.pre_feedforward_layernorm,0.0065594633420308435,60
gemma4,4,8,norm,model.layers.4.pre_feedforward_layernorm_2,0.00675038496653239,60
gemma4,4,8,norm,model.layers.4.router.norm,0.006298156579335531,60
gemma4,4,8,norm,model.layers.4.self_attn.k_norm,0.006437865893046061,60
gemma4,4,8,norm,model.layers.4.self_attn.q_norm,0.0066586534182230634,60
gemma4,4,8,norm,model.layers.4.self_attn.v_norm,0.0064463973045349125,60
gemma4,4,8,norm,model.layers.5.input_layernorm,0.006582943598429362,60
gemma4,4,8,norm,model.layers.5.post_attention_layernorm,0.006603729724884033,60
gemma4,4,8,norm,model.layers.5.post_feedforward_layernorm,0.0066384077072143555,60
gemma4,4,8,norm,model.layers.5.post_feedforward_layernorm_1,0.006658665339152018,60
gemma4,4,8,norm,model.layers.5.post_feedforward_layernorm_2,0.006687450408935547,60
gemma4,4,8,norm,model.layers.5.pre_feedforward_layernorm,0.0065386414527893065,60
gemma4,4,8,norm,model.layers.5.pre_feedforward_layernorm_2,0.006910407543182373,60
gemma4,4,8,norm,model.layers.5.router.norm,0.006257601579030355,60
gemma4,4,8,norm,model.layers.5.self_attn.k_norm,0.006356831391652425,60
gemma4,4,8,norm,model.layers.5.self_attn.q_norm,0.006744519869486491,60
gemma4,4,8,norm,model.layers.5.self_attn.v_norm,0.006388282775878907,60
gemma4,4,8,norm,model.layers.6.input_layernorm,0.006505068143208822,60
gemma4,4,8,norm,model.layers.6.post_attention_layernorm,0.006716787815093994,60
gemma4,4,8,norm,model.layers.6.post_feedforward_layernorm,0.006554647286732992,60
gemma4,4,8,norm,model.layers.6.post_feedforward_layernorm_1,0.00669867992401123,60
gemma4,4,8,norm,model.layers.6.post_feedforward_layernorm_2,0.006626137097676595,60
gemma4,4,8,norm,model.layers.6.pre_feedforward_layernorm,0.0066021203994750975,60
gemma4,4,8,norm,model.layers.6.pre_feedforward_layernorm_2,0.006781339645385742,60
gemma4,4,8,norm,model.layers.6.router.norm,0.006266105175018311,60
gemma4,4,8,norm,model.layers.6.self_attn.k_norm,0.0063866416613260904,60
gemma4,4,8,norm,model.layers.6.self_attn.q_norm,0.006753615538279216,60
gemma4,4,8,norm,model.layers.6.self_attn.v_norm,0.006425599257151286,60
gemma4,4,8,norm,model.layers.7.input_layernorm,0.006518423557281494,60
gemma4,4,8,norm,model.layers.7.post_attention_layernorm,0.006779205799102783,60
gemma4,4,8,norm,model.layers.7.post_feedforward_layernorm,0.006491740544637044,60
gemma4,4,8,norm,model.layers.7.post_feedforward_layernorm_1,0.006626145044962565,60
gemma4,4,8,norm,model.layers.7.post_feedforward_layernorm_2,0.006875181198120117,60
gemma4,4,8,norm,model.layers.7.pre_feedforward_layernorm,0.006580253442128499,60
gemma4,4,8,norm,model.layers.7.pre_feedforward_layernorm_2,0.006721595923105876,60
gemma4,4,8,norm,model.layers.7.router.norm,0.006271465619405111,60
gemma4,4,8,norm,model.layers.7.self_attn.k_norm,0.006408528486887614,60
gemma4,4,8,norm,model.layers.7.self_attn.q_norm,0.006701330343882243,60
gemma4,4,8,norm,model.layers.7.self_attn.v_norm,0.0065013607343037925,60
gemma4,4,8,norm,model.layers.8.input_layernorm,0.006501829624176026,60
gemma4,4,8,norm,model.layers.8.post_attention_layernorm,0.0068389256795247395,60
gemma4,4,8,norm,model.layers.8.post_feedforward_layernorm,0.006463464101155599,60
gemma4,4,8,norm,model.layers.8.post_feedforward_layernorm_1,0.006713056564331054,60
gemma4,4,8,norm,model.layers.8.post_feedforward_layernorm_2,0.006591471036275228,60
gemma4,4,8,norm,model.layers.8.pre_feedforward_layernorm,0.00658877690633138,60
gemma4,4,8,norm,model.layers.8.pre_feedforward_layernorm_2,0.006825049718221028,60
gemma4,4,8,norm,model.layers.8.router.norm,0.00626826286315918,60
gemma4,4,8,norm,model.layers.8.self_attn.k_norm,0.00660696824391683,60
gemma4,4,8,norm,model.layers.8.self_attn.q_norm,0.0067125479380289715,60
gemma4,4,8,norm,model.layers.8.self_attn.v_norm,0.006462947527567545,60
gemma4,4,8,norm,model.layers.9.input_layernorm,0.00652159849802653,60
gemma4,4,8,norm,model.layers.9.post_attention_layernorm,0.006691130002339681,60
gemma4,4,8,norm,model.layers.9.post_feedforward_layernorm,0.006581338246663412,60
gemma4,4,8,norm,model.layers.9.post_feedforward_layernorm_1,0.006535442670186361,60
gemma4,4,8,norm,model.layers.9.post_feedforward_layernorm_2,0.006659746170043945,60
gemma4,4,8,norm,model.layers.9.pre_feedforward_layernorm,0.006610194842020671,60
gemma4,4,8,norm,model.layers.9.pre_feedforward_layernorm_2,0.006821886698404948,60
gemma4,4,8,norm,model.layers.9.router.norm,0.006220245361328125,60
gemma4,4,8,norm,model.layers.9.self_attn.k_norm,0.006375463803609213,60
gemma4,4,8,norm,model.layers.9.self_attn.q_norm,0.006642659505208333,60
gemma4,4,8,norm,model.layers.9.self_attn.v_norm,0.006500840187072754,60
gemma4,4,8,norm,model.norm,0.006470902760823568,60
gemma4,4,8,routed,model.layers.0.moe.experts,0.21926826735337576,60
gemma4,4,8,routed,model.layers.1.moe.experts,0.2324906716744105,60
gemma4,4,8,routed,model.layers.10.moe.experts,0.2202197790145874,60
gemma4,4,8,routed,model.layers.11.moe.experts,0.21716640790303549,60
gemma4,4,8,routed,model.layers.12.moe.experts,0.21654239495595295,60
gemma4,4,8,routed,model.layers.13.moe.experts,0.21076051394144693,60
gemma4,4,8,routed,model.layers.14.moe.experts,0.21571041742960612,60
gemma4,4,8,routed,model.layers.15.moe.experts,0.22035626570383707,60
gemma4,4,8,routed,model.layers.16.moe.experts,0.2152635097503662,60
gemma4,4,8,routed,model.layers.17.moe.experts,0.2194054126739502,60
gemma4,4,8,routed,model.layers.18.moe.experts,0.22294878959655762,60
gemma4,4,8,routed,model.layers.19.moe.experts,0.22217652002970378,60
gemma4,4,8,routed,model.layers.2.moe.experts,0.22854719758033754,60
gemma4,4,8,routed,model.layers.20.moe.experts,0.22548688252766927,60
gemma4,4,8,routed,model.layers.21.moe.experts,0.22337759335835775,60
gemma4,4,8,routed,model.layers.22.moe.experts,0.21655211448669434,60
gemma4,4,8,routed,model.layers.23.moe.experts,0.2245818773905436,60
gemma4,4,8,routed,model.layers.24.moe.experts,0.22820062637329103,60
gemma4,4,8,routed,model.layers.25.moe.experts,0.2160186767578125,60
gemma4,4,8,routed,model.layers.26.moe.experts,0.22156263987223307,60
gemma4,4,8,routed,model.layers.27.moe.experts,0.22415037155151368,60
gemma4,4,8,routed,model.layers.28.moe.experts,0.2281728744506836,60
gemma4,4,8,routed,model.layers.29.moe.experts,0.21461698214213054,60
gemma4,4,8,routed,model.layers.3.moe.experts,0.22506454785664876,60
gemma4,4,8,routed,model.layers.4.moe.experts,0.21777599255243937,60
gemma4,4,8,routed,model.layers.5.moe.experts,0.2174394408861796,60
gemma4,4,8,routed,model.layers.6.moe.experts,0.22069493134816487,60
gemma4,4,8,routed,model.layers.7.moe.experts,0.21768852472305297,60
gemma4,4,8,routed,model.layers.8.moe.experts,0.2232880194981893,60
gemma4,4,8,routed,model.layers.9.moe.experts,0.22320693333943684,60
gemma4,4,8,routing,model.layers.0.moe.experts.topk,0.0070720002055168155,60
gemma4,4,8,routing,model.layers.0.router,0.025980265438556673,60
gemma4,4,8,routing,model.layers.1.moe.experts.topk,0.0071722656488418576,60
gemma4,4,8,routing,model.layers.1.router,0.02588373323281606,60
gemma4,4,8,routing,model.layers.10.moe.experts.topk,0.0071135838826497395,60
gemma4,4,8,routing,model.layers.10.router,0.02598295211791992,60
gemma4,4,8,routing,model.layers.11.moe.experts.topk,0.007121618588765462,60
gemma4,4,8,routing,model.layers.11.router,0.026040005683898925,60
gemma4,4,8,routing,model.layers.12.moe.experts.topk,0.007110428810119629,60
gemma4,4,8,routing,model.layers.12.router,0.025881036122639974,60
gemma4,4,8,routing,model.layers.13.moe.experts.topk,0.007132283846537272,60
gemma4,4,8,routing,model.layers.13.router,0.026041038831075034,60
gemma4,4,8,routing,model.layers.14.moe.experts.topk,0.007099723815917969,60
gemma4,4,8,routing,model.layers.14.router,0.026160001754760742,60
gemma4,4,8,routing,model.layers.15.moe.experts.topk,0.007140262921651205,60
gemma4,4,8,routing,model.layers.15.router,0.026021337509155272,60
gemma4,4,8,routing,model.layers.16.moe.experts.topk,0.007112471262613932,60
gemma4,4,8,routing,model.layers.16.router,0.02580424944559733,60
gemma4,4,8,routing,model.layers.17.moe.experts.topk,0.007166417439778646,60
gemma4,4,8,routing,model.layers.17.router,0.026059786478678387,60
gemma4,4,8,routing,model.layers.18.moe.experts.topk,0.007115713755289714,60
gemma4,4,8,routing,model.layers.18.router,0.02609710693359375,60
gemma4,4,8,routing,model.layers.19.moe.experts.topk,0.007132291793823242,60
gemma4,4,8,routing,model.layers.19.router,0.026019763946533204,60
gemma4,4,8,routing,model.layers.2.moe.experts.topk,0.007162145773569743,60
gemma4,4,8,routing,model.layers.2.router,0.025989864269892374,60
gemma4,4,8,routing,model.layers.20.moe.experts.topk,0.0072138468424479164,60
gemma4,4,8,routing,model.layers.20.router,0.026039489110310874,60
gemma4,4,8,routing,model.layers.21.moe.experts.topk,0.007090600331624349,60
gemma4,4,8,routing,model.layers.21.router,0.025924889246622722,60
gemma4,4,8,routing,model.layers.22.moe.experts.topk,0.007185633977254232,60
gemma4,4,8,routing,model.layers.22.router,0.02610026995340983,60
gemma4,4,8,routing,model.layers.23.moe.experts.topk,0.007156864802042643,60
gemma4,4,8,routing,model.layers.23.router,0.025931183497111,60
gemma4,4,8,routing,model.layers.24.moe.experts.topk,0.007062292098999024,60
gemma4,4,8,routing,model.layers.24.router,0.025908724466959635,60
gemma4,4,8,routing,model.layers.25.moe.experts.topk,0.007085275650024414,60
gemma4,4,8,routing,model.layers.25.router,0.026095453898111978,60
gemma4,4,8,routing,model.layers.26.moe.experts.topk,0.007166465123494466,60
gemma4,4,8,routing,model.layers.26.router,0.026020256678263347,60
gemma4,4,8,routing,model.layers.27.moe.experts.topk,0.007110961278279622,60
gemma4,4,8,routing,model.layers.27.router,0.025883865356445313,60
gemma4,4,8,routing,model.layers.28.moe.experts.topk,0.007049671808878581,60
gemma4,4,8,routing,model.layers.28.router,0.02593819300333659,60
gemma4,4,8,routing,model.layers.29.moe.experts.topk,0.007175970077514649,60
gemma4,4,8,routing,model.layers.29.router,0.026068687438964844,60
gemma4,4,8,routing,model.layers.3.moe.experts.topk,0.007055987914403279,60
gemma4,4,8,routing,model.layers.3.router,0.026000529527664185,60
gemma4,4,8,routing,model.layers.4.moe.experts.topk,0.00707624355951945,60
gemma4,4,8,routing,model.layers.4.router,0.025957306226094563,60
gemma4,4,8,routing,model.layers.5.moe.experts.topk,0.00709067980448405,60
gemma4,4,8,routing,model.layers.5.router,0.025928004582722982,60
gemma4,4,8,routing,model.layers.6.moe.experts.topk,0.007091712951660156,60
gemma4,4,8,routing,model.layers.6.router,0.02599358558654785,60
gemma4,4,8,routing,model.layers.7.moe.experts.topk,0.007076819737752278,60
gemma4,4,8,routing,model.layers.7.router,0.02602667808532715,60
gemma4,4,8,routing,model.layers.8.moe.experts.topk,0.007038386662801107,60
gemma4,4,8,routing,model.layers.8.router,0.02593706448872884,60
gemma4,4,8,routing,model.layers.9.moe.experts.topk,0.007020831108093262,60
gemma4,4,8,routing,model.layers.9.router,0.02591574192047119,60
gemma4,5,4,attention,model.layers.0.self_attn,0.11324533379326264,60
gemma4,5,4,attention,model.layers.1.self_attn,0.11043520321448644,60
gemma4,5,4,attention,model.layers.10.self_attn,0.10920531749725342,60
gemma4,5,4,attention,model.layers.11.self_attn,0.13271568616231283,60
gemma4,5,4,attention,model.layers.12.self_attn,0.10972052415211996,60
gemma4,5,4,attention,model.layers.13.self_attn,0.11028266747792562,60
gemma4,5,4,attention,model.layers.14.self_attn,0.10947896639506022,60
gemma4,5,4,attention,model.layers.15.self_attn,0.10946556727091471,60
gemma4,5,4,attention,model.layers.16.self_attn,0.10935039520263672,60
gemma4,5,4,attention,model.layers.17.self_attn,0.13209975560506185,60
gemma4,5,4,attention,model.layers.18.self_attn,0.1099440336227417,60
gemma4,5,4,attention,model.layers.19.self_attn,0.10975673993428549,60
gemma4,5,4,attention,model.layers.2.self_attn,0.11051253577073415,60
gemma4,5,4,attention,model.layers.20.self_attn,0.10901602109273274,60
gemma4,5,4,attention,model.layers.21.self_attn,0.10910080273946127,60
gemma4,5,4,attention,model.layers.22.self_attn,0.1090447743733724,60
gemma4,5,4,attention,model.layers.23.self_attn,0.13295520146687825,60
gemma4,5,4,attention,model.layers.24.self_attn,0.10997767448425293,60
gemma4,5,4,attention,model.layers.25.self_attn,0.1087824026743571,60
gemma4,5,4,attention,model.layers.26.self_attn,0.10911367734273275,60
gemma4,5,4,attention,model.layers.27.self_attn,0.10979042053222657,60
gemma4,5,4,attention,model.layers.28.self_attn,0.10957061449686686,60
gemma4,5,4,attention,model.layers.29.self_attn,0.13333112398783367,60
gemma4,5,4,attention,model.layers.3.self_attn,0.11021866003672282,60
gemma4,5,4,attention,model.layers.4.self_attn,0.11036799550056457,60
gemma4,5,4,attention,model.layers.5.self_attn,0.13419572114944459,60
gemma4,5,4,attention,model.layers.6.self_attn,0.10934988657633464,60
gemma4,5,4,attention,model.layers.7.self_attn,0.10958772897720337,60
gemma4,5,4,attention,model.layers.8.self_attn,0.10969067414601644,60
gemma4,5,4,attention,model.layers.9.self_attn,0.11039737065633139,60
gemma4,5,4,dense_mlp,model.layers.0.mlp,0.042301332702239354,60
gemma4,5,4,dense_mlp,model.layers.1.mlp,0.042932792504628496,60
gemma4,5,4,dense_mlp,model.layers.10.mlp,0.043065611521402994,60
gemma4,5,4,dense_mlp,model.layers.11.mlp,0.042328500747680665,60
gemma4,5,4,dense_mlp,model.layers.12.mlp,0.04312103589375814,60
gemma4,5,4,dense_mlp,model.layers.13.mlp,0.04288591543833415,60
gemma4,5,4,dense_mlp,model.layers.14.mlp,0.042126909891764326,60
gemma4,5,4,dense_mlp,model.layers.15.mlp,0.04268852869669596,60
gemma4,5,4,dense_mlp,model.layers.16.mlp,0.04261225859324137,60
gemma4,5,4,dense_mlp,model.layers.17.mlp,0.042603707313537596,60
gemma4,5,4,dense_mlp,model.layers.18.mlp,0.042836753527323405,60
gemma4,5,4,dense_mlp,model.layers.19.mlp,0.04279357592264811,60
gemma4,5,4,dense_mlp,model.layers.2.mlp,0.042991999785105386,60
gemma4,5,4,dense_mlp,model.layers.20.mlp,0.042715263366699216,60
gemma4,5,4,dense_mlp,model.layers.21.mlp,0.0428347110748291,60
gemma4,5,4,dense_mlp,model.layers.22.mlp,0.04325923919677734,60
gemma4,5,4,dense_mlp,model.layers.23.mlp,0.04246290524800619,60
gemma4,5,4,dense_mlp,model.layers.24.mlp,0.042317867279052734,60
gemma4,5,4,dense_mlp,model.layers.25.mlp,0.04275253613789876,60
gemma4,5,4,dense_mlp,model.layers.26.mlp,0.04271780649820964,60
gemma4,5,4,dense_mlp,model.layers.27.mlp,0.04300963083902995,60
gemma4,5,4,dense_mlp,model.layers.28.mlp,0.04307246208190918,60
gemma4,5,4,dense_mlp,model.layers.29.mlp,0.0416784127553304,60
gemma4,5,4,dense_mlp,model.layers.3.mlp,0.04330986738204956,60
gemma4,5,4,dense_mlp,model.layers.4.mlp,0.04270827770233154,60
gemma4,5,4,dense_mlp,model.layers.5.mlp,0.04195467233657837,60
gemma4,5,4,dense_mlp,model.layers.6.mlp,0.04237225850423177,60
gemma4,5,4,dense_mlp,model.layers.7.mlp,0.04298295577367147,60
gemma4,5,4,dense_mlp,model.layers.8.mlp,0.042548795541127525,60
gemma4,5,4,dense_mlp,model.layers.9.mlp,0.04260210593541463,60
gemma4,5,4,embedding,model.embed_tokens,0.017124800151214002,60
gemma4,5,4,lm_head,compute_logits,0.9014240105946859,60
gemma4,5,4,moe_envelope,model.layers.0.moe.experts,0.1568767989675204,60
gemma4,5,4,moe_envelope,model.layers.1.moe.experts,0.1639279991388321,60
gemma4,5,4,moe_envelope,model.layers.10.moe.experts,0.14072003364562988,60
gemma4,5,4,moe_envelope,model.layers.11.moe.experts,0.13767040570576985,60
gemma4,5,4,moe_envelope,model.layers.12.moe.experts,0.14275896549224854,60
gemma4,5,4,moe_envelope,model.layers.13.moe.experts,0.14212373892466226,60
gemma4,5,4,moe_envelope,model.layers.14.moe.experts,0.14170453548431397,60
gemma4,5,4,moe_envelope,model.layers.15.moe.experts,0.1498736302057902,60
gemma4,5,4,moe_envelope,model.layers.16.moe.experts,0.14245224793752034,60
gemma4,5,4,moe_envelope,model.layers.17.moe.experts,0.15292213757832845,60
gemma4,5,4,moe_envelope,model.layers.18.moe.experts,0.15314238866170246,60
gemma4,5,4,moe_envelope,model.layers.19.moe.experts,0.15091516176859537,60
gemma4,5,4,moe_envelope,model.layers.2.moe.experts,0.1550362726052602,60
gemma4,5,4,moe_envelope,model.layers.20.moe.experts,0.1526511828104655,60
gemma4,5,4,moe_envelope,model.layers.21.moe.experts,0.14819998741149903,60
gemma4,5,4,moe_envelope,model.layers.22.moe.experts,0.14634563128153483,60
gemma4,5,4,moe_envelope,model.layers.23.moe.experts,0.14645066261291503,60
gemma4,5,4,moe_envelope,model.layers.24.moe.experts,0.15181125005086263,60
gemma4,5,4,moe_envelope,model.layers.25.moe.experts,0.14801007906595867,60
gemma4,5,4,moe_envelope,model.layers.26.moe.experts,0.15011995633443195,60
gemma4,5,4,moe_envelope,model.layers.27.moe.experts,0.15121177037556965,60
gemma4,5,4,moe_envelope,model.layers.28.moe.experts,0.14385277430216473,60
gemma4,5,4,moe_envelope,model.layers.29.moe.experts,0.1411147117614746,60
gemma4,5,4,moe_envelope,model.layers.3.moe.experts,0.14785706202189128,60
gemma4,5,4,moe_envelope,model.layers.4.moe.experts,0.14157918492952984,60
gemma4,5,4,moe_envelope,model.layers.5.moe.experts,0.14883042176564534,60
gemma4,5,4,moe_envelope,model.layers.6.moe.experts,0.15024478832880656,60
gemma4,5,4,moe_envelope,model.layers.7.moe.experts,0.14632534980773926,60
gemma4,5,4,moe_envelope,model.layers.8.moe.experts,0.14799412886301677,60
gemma4,5,4,moe_envelope,model.layers.9.moe.experts,0.1457616130510966,60
gemma4,5,4,norm,model.layers.0.input_layernorm,0.006739733275026083,60
gemma4,5,4,norm,model.layers.0.post_attention_layernorm,0.0068693344791730246,60
gemma4,5,4,norm,model.layers.0.post_feedforward_layernorm,0.006698131064573924,60
gemma4,5,4,norm,model.layers.0.post_feedforward_layernorm_1,0.006852267185846964,60
gemma4,5,4,norm,model.layers.0.post_feedforward_layernorm_2,0.006681598722934723,60
gemma4,5,4,norm,model.layers.0.pre_feedforward_layernorm,0.006548799574375153,60
gemma4,5,4,norm,model.layers.0.pre_feedforward_layernorm_2,0.006843734035889308,60
gemma4,5,4,norm,model.layers.0.router.norm,0.0063973349829514825,60
gemma4,5,4,norm,model.layers.0.self_attn.k_norm,0.006614933535456657,60
gemma4,5,4,norm,model.layers.0.self_attn.q_norm,0.006911466519037883,60
gemma4,5,4,norm,model.layers.0.self_attn.v_norm,0.006543466697136561,60
gemma4,5,4,norm,model.layers.1.input_layernorm,0.006659198800722758,60
gemma4,5,4,norm,model.layers.1.post_attention_layernorm,0.006745068232218424,60
gemma4,5,4,norm,model.layers.1.post_feedforward_layernorm,0.006695472200711568,60
gemma4,5,4,norm,model.layers.1.post_feedforward_layernorm_1,0.006691733996073405,60
gemma4,5,4,norm,model.layers.1.post_feedforward_layernorm_2,0.00673120121161143,60
gemma4,5,4,norm,model.layers.1.pre_feedforward_layernorm,0.006594667832056682,60
gemma4,5,4,norm,model.layers.1.pre_feedforward_layernorm_2,0.006952536106109619,60
gemma4,5,4,norm,model.layers.1.router.norm,0.006330671906471253,60
gemma4,5,4,norm,model.layers.1.self_attn.k_norm,0.006586132446924845,60
gemma4,5,4,norm,model.layers.1.self_attn.q_norm,0.006929604709148407,60
gemma4,5,4,norm,model.layers.1.self_attn.v_norm,0.006561598181724549,60
gemma4,5,4,norm,model.layers.10.input_layernorm,0.006581838925679525,60
gemma4,5,4,norm,model.layers.10.post_attention_layernorm,0.006743494669596354,60
gemma4,5,4,norm,model.layers.10.post_feedforward_layernorm,0.006793101628621419,60
gemma4,5,4,norm,model.layers.10.post_feedforward_layernorm_1,0.006684796015421549,60
gemma4,5,4,norm,model.layers.10.post_feedforward_layernorm_2,0.006691749890645345,60
gemma4,5,4,norm,model.layers.10.pre_feedforward_layernorm,0.006476791699727377,60
gemma4,5,4,norm,model.layers.10.pre_feedforward_layernorm_2,0.006718889872233073,60
gemma4,5,4,norm,model.layers.10.router.norm,0.006352527936299642,60
gemma4,5,4,norm,model.layers.10.self_attn.k_norm,0.0065103689829508465,60
gemma4,5,4,norm,model.layers.10.self_attn.q_norm,0.006721059481302897,60
gemma4,5,4,norm,model.layers.10.self_attn.v_norm,0.00654454231262207,60
gemma4,5,4,norm,model.layers.11.input_layernorm,0.006618134180704753,60
gemma4,5,4,norm,model.layers.11.post_attention_layernorm,0.006757338841756185,60
gemma4,5,4,norm,model.layers.11.post_feedforward_layernorm,0.006633591651916504,60
gemma4,5,4,norm,model.layers.11.post_feedforward_layernorm_1,0.006699212392171224,60
gemma4,5,4,norm,model.layers.11.post_feedforward_layernorm_2,0.006832488377888997,60
gemma4,5,4,norm,model.layers.11.pre_feedforward_layernorm,0.006573859850565592,60
gemma4,5,4,norm,model.layers.11.pre_feedforward_layernorm_2,0.006723745663960775,60
gemma4,5,4,norm,model.layers.11.router.norm,0.006387750307718913,60
gemma4,5,4,norm,model.layers.11.self_attn.k_norm,0.006508262952168783,60
gemma4,5,4,norm,model.layers.11.self_attn.q_norm,0.006983502705891927,60
gemma4,5,4,norm,model.layers.11.self_attn.v_norm,0.006388330459594726,60
gemma4,5,4,norm,model.layers.12.input_layernorm,0.006534417470296224,60
gemma4,5,4,norm,model.layers.12.post_attention_layernorm,0.0069002469380696615,60
gemma4,5,4,norm,model.layers.12.post_feedforward_layernorm,0.0065349181493123375,60
gemma4,5,4,norm,model.layers.12.post_feedforward_layernorm_1,0.006772295633951823,60
gemma4,5,4,norm,model.layers.12.post_feedforward_layernorm_2,0.006657608350118001,60
gemma4,5,4,norm,model.layers.12.pre_feedforward_layernorm,0.006552004814147949,60
gemma4,5,4,norm,model.layers.12.pre_feedforward_layernorm_2,0.006757823626200358,60
gemma4,5,4,norm,model.layers.12.router.norm,0.006365370750427246,60
gemma4,5,4,norm,model.layers.12.self_attn.k_norm,0.006678390502929688,60
gemma4,5,4,norm,model.layers.12.self_attn.q_norm,0.006862950325012207,60
gemma4,5,4,norm,model.layers.12.self_attn.v_norm,0.006502421696980795,60
gemma4,5,4,norm,model.layers.13.input_layernorm,0.006746125221252441,60
gemma4,5,4,norm,model.layers.13.post_attention_layernorm,0.006665579477945964,60
gemma4,5,4,norm,model.layers.13.post_feedforward_layernorm,0.006795756022135417,60
gemma4,5,4,norm,model.layers.13.post_feedforward_layernorm_1,0.0065834363301595054,60
gemma4,5,4,norm,model.layers.13.post_feedforward_layernorm_2,0.006692798932393392,60
gemma4,5,4,norm,model.layers.13.pre_feedforward_layernorm,0.006536539395650228,60
gemma4,5,4,norm,model.layers.13.pre_feedforward_layernorm_2,0.006943988800048828,60
gemma4,5,4,norm,model.layers.13.router.norm,0.006368533770243327,60
gemma4,5,4,norm,model.layers.13.self_attn.k_norm,0.0065157413482666016,60
gemma4,5,4,norm,model.layers.13.self_attn.q_norm,0.006649589538574219,60
gemma4,5,4,norm,model.layers.13.self_attn.v_norm,0.0065120299657185875,60
gemma4,5,4,norm,model.layers.14.input_layernorm,0.006628831227620442,60
gemma4,5,4,norm,model.layers.14.post_attention_layernorm,0.006714661916097005,60
gemma4,5,4,norm,model.layers.14.post_feedforward_layernorm,0.00680852731068929,60
gemma4,5,4,norm,model.layers.14.post_feedforward_layernorm_1,0.006617053349812826,60
gemma4,5,4,norm,model.layers.14.post_feedforward_layernorm_2,0.006662933031717936,60
gemma4,5,4,norm,model.layers.14.pre_feedforward_layernorm,0.006504559516906738,60
gemma4,5,4,norm,model.layers.14.pre_feedforward_layernorm_2,0.006704497337341309,60
gemma4,5,4,norm,model.layers.14.router.norm,0.0063482840855916345,60
gemma4,5,4,norm,model.layers.14.self_attn.k_norm,0.006508278846740723,60
gemma4,5,4,norm,model.layers.14.self_attn.q_norm,0.006774425506591797,60
gemma4,5,4,norm,model.layers.14.self_attn.v_norm,0.006488490104675293,60
gemma4,5,4,norm,model.layers.15.input_layernorm,0.006601587931315104,60
gemma4,5,4,norm,model.layers.15.post_attention_layernorm,0.006679995854695638,60
gemma4,5,4,norm,model.layers.15.post_feedforward_layernorm,0.006588800748189291,60
gemma4,5,4,norm,model.layers.15.post_feedforward_layernorm_1,0.006649104754130045,60
gemma4,5,4,norm,model.layers.15.post_feedforward_layernorm_2,0.006850115458170573,60
gemma4,5,4,norm,model.layers.15.pre_feedforward_layernorm,0.006510392824808756,60
gemma4,5,4,norm,model.layers.15.pre_feedforward_layernorm_2,0.006819725036621094,60
gemma4,5,4,norm,model.layers.15.router.norm,0.0063637495040893555,60
gemma4,5,4,norm,model.layers.15.self_attn.k_norm,0.006548237800598144,60
gemma4,5,4,norm,model.layers.15.self_attn.q_norm,0.006978154182434082,60
gemma4,5,4,norm,model.layers.15.self_attn.v_norm,0.006537612279256185,60
gemma4,5,4,norm,model.layers.16.input_layernorm,0.006603749593098959,60
gemma4,5,4,norm,model.layers.16.post_attention_layernorm,0.006893380482991537,60
gemma4,5,4,norm,model.layers.16.post_feedforward_layernorm,0.006626129150390625,60
gemma4,5,4,norm,model.layers.16.post_feedforward_layernorm_1,0.006831995646158854,60
gemma4,5,4,norm,model.layers.16.post_feedforward_layernorm_2,0.006708780924479167,60
gemma4,5,4,norm,model.layers.16.pre_feedforward_layernorm,0.0065674940745035805,60
gemma4,5,4,norm,model.layers.16.pre_feedforward_layernorm_2,0.0068223873774210615,60
gemma4,5,4,norm,model.layers.16.router.norm,0.006336506207784017,60
gemma4,5,4,norm,model.layers.16.self_attn.k_norm,0.006708677609761556,60
gemma4,5,4,norm,model.layers.16.self_attn.q_norm,0.006861344973246256,60
gemma4,5,4,norm,model.layers.16.self_attn.v_norm,0.006460801760355631,60
gemma4,5,4,norm,model.layers.17.input_layernorm,0.0067733367284139,60
gemma4,5,4,norm,model.layers.17.post_attention_layernorm,0.006652275721232097,60
gemma4,5,4,norm,model.layers.17.post_feedforward_layernorm,0.006789867083231608,60
gemma4,5,4,norm,model.layers.17.post_feedforward_layernorm_1,0.006681092580159505,60
gemma4,5,4,norm,model.layers.17.post_feedforward_layernorm_2,0.006669314702351888,60
gemma4,5,4,norm,model.layers.17.pre_feedforward_layernorm,0.0064773082733154295,60
gemma4,5,4,norm,model.layers.17.pre_feedforward_layernorm_2,0.006991457939147949,60
gemma4,5,4,norm,model.layers.17.router.norm,0.006369566917419434,60
gemma4,5,4,norm,model.layers.17.self_attn.k_norm,0.006458139419555664,60
gemma4,5,4,norm,model.layers.17.self_attn.q_norm,0.006921076774597168,60
gemma4,5,4,norm,model.layers.17.self_attn.v_norm,0.00653386116027832,60
gemma4,5,4,norm,model.layers.18.input_layernorm,0.006653285026550293,60
gemma4,5,4,norm,model.layers.18.post_attention_layernorm,0.006649589538574219,60
gemma4,5,4,norm,model.layers.18.post_feedforward_layernorm,0.006798386573791504,60
gemma4,5,4,norm,model.layers.18.post_feedforward_layernorm_1,0.006657099723815918,60
gemma4,5,4,norm,model.layers.18.post_feedforward_layernorm_2,0.006607484817504883,60
gemma4,5,4,norm,model.layers.18.pre_feedforward_layernorm,0.006579748789469401,60
gemma4,5,4,norm,model.layers.18.pre_feedforward_layernorm_2,0.006774934132893881,60
gemma4,5,4,norm,model.layers.18.router.norm,0.006373858451843262,60
gemma4,5,4,norm,model.layers.18.self_attn.k_norm,0.006545615196228027,60
gemma4,5,4,norm,model.layers.18.self_attn.q_norm,0.006865572929382324,60
gemma4,5,4,norm,model.layers.18.self_attn.v_norm,0.006552004814147949,60
gemma4,5,4,norm,model.layers.19.input_layernorm,0.006611680984497071,60
gemma4,5,4,norm,model.layers.19.post_attention_layernorm,0.006695000330607096,60
gemma4,5,4,norm,model.layers.19.post_feedforward_layernorm,0.006589317321777343,60
gemma4,5,4,norm,model.layers.19.post_feedforward_layernorm_1,0.006621853510538737,60
gemma4,5,4,norm,model.layers.19.post_feedforward_layernorm_2,0.006819756825764974,60
gemma4,5,4,norm,model.layers.19.pre_feedforward_layernorm,0.006591478983561198,60
gemma4,5,4,norm,model.layers.19.pre_feedforward_layernorm_2,0.0067780812581380205,60
gemma4,5,4,norm,model.layers.19.router.norm,0.006373294194539388,60
gemma4,5,4,norm,model.layers.19.self_attn.k_norm,0.006549334526062012,60
gemma4,5,4,norm,model.layers.19.self_attn.q_norm,0.006769617398579915,60
gemma4,5,4,norm,model.layers.19.self_attn.v_norm,0.006499195098876953,60
gemma4,5,4,norm,model.layers.2.input_layernorm,0.006516268849372864,60
gemma4,5,4,norm,model.layers.2.post_attention_layernorm,0.006753050287564595,60
gemma4,5,4,norm,model.layers.2.post_feedforward_layernorm,0.006719464063644409,60
gemma4,5,4,norm,model.layers.2.post_feedforward_layernorm_1,0.0067829430103302,60
gemma4,5,4,norm,model.layers.2.post_feedforward_layernorm_2,0.006701326370239258,60
gemma4,5,4,norm,model.layers.2.pre_feedforward_layernorm,0.006570136547088623,60
gemma4,5,4,norm,model.layers.2.pre_feedforward_layernorm_2,0.006804263591766358,60
gemma4,5,4,norm,model.layers.2.router.norm,0.006343462069829305,60
gemma4,5,4,norm,model.layers.2.self_attn.k_norm,0.006619198123613993,60
gemma4,5,4,norm,model.layers.2.self_attn.q_norm,0.00684959590435028,60
gemma4,5,4,norm,model.layers.2.self_attn.v_norm,0.006449067592620849,60
gemma4,5,4,norm,model.layers.20.input_layernorm,0.00662075678507487,60
gemma4,5,4,norm,model.layers.20.post_attention_layernorm,0.006916236877441406,60
gemma4,5,4,norm,model.layers.20.post_feedforward_layernorm,0.00663142204284668,60
gemma4,5,4,norm,model.layers.20.post_feedforward_layernorm_1,0.006760009129842122,60
gemma4,5,4,norm,model.layers.20.post_feedforward_layernorm_2,0.006676197052001953,60
gemma4,5,4,norm,model.layers.20.pre_feedforward_layernorm,0.006551043192545573,60
gemma4,5,4,norm,model.layers.20.pre_feedforward_layernorm_2,0.006773900985717773,60
gemma4,5,4,norm,model.layers.20.router.norm,0.006361675262451172,60
gemma4,5,4,norm,model.layers.20.self_attn.k_norm,0.006594069798787435,60
gemma4,5,4,norm,model.layers.20.self_attn.q_norm,0.006682793299357097,60
gemma4,5,4,norm,model.layers.20.self_attn.v_norm,0.006500275929768881,60
gemma4,5,4,norm,model.layers.21.input_layernorm,0.006769561767578125,60
gemma4,5,4,norm,model.layers.21.post_attention_layernorm,0.006705633799235026,60
gemma4,5,4,norm,model.layers.21.post_feedforward_layernorm,0.006766955057779948,60
gemma4,5,4,norm,model.layers.21.post_feedforward_layernorm_1,0.006715138753255208,60
gemma4,5,4,norm,model.layers.21.post_feedforward_layernorm_2,0.006672557195027669,60
gemma4,5,4,norm,model.layers.21.pre_feedforward_layernorm,0.0065658251444498696,60
gemma4,5,4,norm,model.layers.21.pre_feedforward_layernorm_2,0.00686189333597819,60
gemma4,5,4,norm,model.layers.21.router.norm,0.006413904825846354,60
gemma4,5,4,norm,model.layers.21.self_attn.k_norm,0.0064975579579671225,60
gemma4,5,4,norm,model.layers.21.self_attn.q_norm,0.006698195139567057,60
gemma4,5,4,norm,model.layers.21.self_attn.v_norm,0.006479914983113607,60
gemma4,5,4,norm,model.layers.22.input_layernorm,0.006590827306111654,60
gemma4,5,4,norm,model.layers.22.post_attention_layernorm,0.006700325012207031,60
gemma4,5,4,norm,model.layers.22.post_feedforward_layernorm,0.006685940424601237,60
gemma4,5,4,norm,model.layers.22.post_feedforward_layernorm_1,0.00663461685180664,60
gemma4,5,4,norm,model.layers.22.post_feedforward_layernorm_2,0.006629371643066406,60
gemma4,5,4,norm,model.layers.22.pre_feedforward_layernorm,0.006628847122192383,60
gemma4,5,4,norm,model.layers.22.pre_feedforward_layernorm_2,0.006722211837768555,60
gemma4,5,4,norm,model.layers.22.router.norm,0.006356684366861979,60
gemma4,5,4,norm,model.layers.22.self_attn.k_norm,0.0065339406331380205,60
gemma4,5,4,norm,model.layers.22.self_attn.q_norm,0.006775363286336263,60
gemma4,5,4,norm,model.layers.22.self_attn.v_norm,0.0065503756205240885,60
gemma4,5,4,norm,model.layers.23.input_layernorm,0.006579685211181641,60
gemma4,5,4,norm,model.layers.23.post_attention_layernorm,0.006644821166992188,60
gemma4,5,4,norm,model.layers.23.post_feedforward_layernorm,0.00664372444152832,60
gemma4,5,4,norm,model.layers.23.post_feedforward_layernorm_1,0.006575965881347656,60
gemma4,5,4,norm,model.layers.23.post_feedforward_layernorm_2,0.006839958826700846,60
gemma4,5,4,norm,model.layers.23.pre_feedforward_layernorm,0.00658877690633138,60
gemma4,5,4,norm,model.layers.23.pre_feedforward_layernorm_2,0.006754159927368164,60
gemma4,5,4,norm,model.layers.23.router.norm,0.0063568115234375,60
gemma4,5,4,norm,model.layers.23.self_attn.k_norm,0.006469869613647461,60
gemma4,5,4,norm,model.layers.23.self_attn.q_norm,0.006934436162312826,60
gemma4,5,4,norm,model.layers.23.self_attn.v_norm,0.006429799397786458,60
gemma4,5,4,norm,model.layers.24.input_layernorm,0.006606356302897135,60
gemma4,5,4,norm,model.layers.24.post_attention_layernorm,0.006945117314656576,60
gemma4,5,4,norm,model.layers.24.post_feedforward_layernorm,0.006601492563883464,60
gemma4,5,4,norm,model.layers.24.post_feedforward_layernorm_1,0.006769021352132161,60
gemma4,5,4,norm,model.layers.24.post_feedforward_layernorm_2,0.006707604726155599,60
gemma4,5,4,norm,model.layers.24.pre_feedforward_layernorm,0.006513627370198568,60
gemma4,5,4,norm,model.layers.24.pre_feedforward_layernorm_2,0.006708860397338867,60
gemma4,5,4,norm,model.layers.24.router.norm,0.006364758809407552,60
gemma4,5,4,norm,model.layers.24.self_attn.k_norm,0.006632010142008464,60
gemma4,5,4,norm,model.layers.24.self_attn.q_norm,0.006738742192586263,60
gemma4,5,4,norm,model.layers.24.self_attn.v_norm,0.00650933583577474,60
gemma4,5,4,norm,model.layers.25.input_layernorm,0.006775426864624024,60
gemma4,5,4,norm,model.layers.25.post_attention_layernorm,0.006699212392171224,60
gemma4,5,4,norm,model.layers.25.post_feedforward_layernorm,0.006778144836425781,60
gemma4,5,4,norm,model.layers.25.post_feedforward_layernorm_1,0.006714153289794922,60
gemma4,5,4,norm,model.layers.25.post_feedforward_layernorm_2,0.006729634602864584,60
gemma4,5,4,norm,model.layers.25.pre_feedforward_layernorm,0.006560484568277995,60
gemma4,5,4,norm,model.layers.25.pre_feedforward_layernorm_2,0.006960519154866536,60
gemma4,5,4,norm,model.layers.25.router.norm,0.006360530853271484,60
gemma4,5,4,norm,model.layers.25.self_attn.k_norm,0.006517346700032552,60
gemma4,5,4,norm,model.layers.25.self_attn.q_norm,0.00681606928507487,60
gemma4,5,4,norm,model.layers.25.self_attn.v_norm,0.006449079513549805,60
gemma4,5,4,norm,model.layers.26.input_layernorm,0.006646919250488281,60
gemma4,5,4,norm,model.layers.26.post_attention_layernorm,0.006693394978841146,60
gemma4,5,4,norm,model.layers.26.post_feedforward_layernorm,0.006725247701009115,60
gemma4,5,4,norm,model.layers.26.post_feedforward_layernorm_1,0.006651830673217773,60
gemma4,5,4,norm,model.layers.26.post_feedforward_layernorm_2,0.0066170851389567055,60
gemma4,5,4,norm,model.layers.26.pre_feedforward_layernorm,0.006573311487833659,60
gemma4,5,4,norm,model.layers.26.pre_feedforward_layernorm_2,0.006726900736490886,60
gemma4,5,4,norm,model.layers.26.router.norm,0.006405305862426758,60
gemma4,5,4,norm,model.layers.26.self_attn.k_norm,0.0065563360850016275,60
gemma4,5,4,norm,model.layers.26.self_attn.q_norm,0.006738710403442383,60
gemma4,5,4,norm,model.layers.26.self_attn.v_norm,0.006530141830444336,60
gemma4,5,4,norm,model.layers.27.input_layernorm,0.0066538651784261065,60
gemma4,5,4,norm,model.layers.27.post_attention_layernorm,0.006763744354248047,60
gemma4,5,4,norm,model.layers.27.post_feedforward_layernorm,0.0065813859303792315,60
gemma4,5,4,norm,model.layers.27.post_feedforward_layernorm_1,0.006725804011027018,60
gemma4,5,4,norm,model.layers.27.post_feedforward_layernorm_2,0.006911484400431315,60
gemma4,5,4,norm,model.layers.27.pre_feedforward_layernorm,0.00657811164855957,60
gemma4,5,4,norm,model.layers.27.pre_feedforward_layernorm_2,0.006791003545125325,60
gemma4,5,4,norm,model.layers.27.router.norm,0.006379222869873047,60
gemma4,5,4,norm,model.layers.27.self_attn.k_norm,0.00656429926554362,60
gemma4,5,4,norm,model.layers.27.self_attn.q_norm,0.006997299194335937,60
gemma4,5,4,norm,model.layers.27.self_attn.v_norm,0.006507762273152669,60
gemma4,5,4,norm,model.layers.28.input_layernorm,0.00656431516011556,60
gemma4,5,4,norm,model.layers.28.post_attention_layernorm,0.006935437520345052,60
gemma4,5,4,norm,model.layers.28.post_feedforward_layernorm,0.006622902552286784,60
gemma4,5,4,norm,model.layers.28.post_feedforward_layernorm_1,0.006849050521850586,60
gemma4,5,4,norm,model.layers.28.post_feedforward_layernorm_2,0.006691757837931315,60
gemma4,5,4,norm,model.layers.28.pre_feedforward_layernorm,0.006545543670654297,60
gemma4,5,4,norm,model.layers.28.pre_feedforward_layernorm_2,0.0067386627197265625,60
gemma4,5,4,norm,model.layers.28.router.norm,0.006400458017985026,60
gemma4,5,4,norm,model.layers.28.self_attn.k_norm,0.006645313898722331,60
gemma4,5,4,norm,model.layers.28.self_attn.q_norm,0.006795247395833333,60
gemma4,5,4,norm,model.layers.28.self_attn.v_norm,0.006443150838216146,60
gemma4,5,4,norm,model.layers.29.input_layernorm,0.00679787000020345,60
gemma4,5,4,norm,model.layers.29.post_attention_layernorm,0.006645886103312174,60
gemma4,5,4,norm,model.layers.29.post_feedforward_layernorm,0.0067119598388671875,60
gemma4,5,4,norm,model.layers.29.post_feedforward_layernorm_1,0.006583992640177409,60
gemma4,5,4,norm,model.layers.29.post_feedforward_layernorm_2,0.006692775090535482,60
gemma4,5,4,norm,model.layers.29.pre_feedforward_layernorm,0.006570068995157877,60
gemma4,5,4,norm,model.layers.29.pre_feedforward_layernorm_2,0.006717872619628906,60
gemma4,5,4,norm,model.layers.29.router.norm,0.00636747678120931,60
gemma4,5,4,norm,model.layers.29.self_attn.k_norm,0.006403779983520508,60
gemma4,5,4,norm,model.layers.29.self_attn.q_norm,0.006848001480102539,60
gemma4,5,4,norm,model.layers.29.self_attn.v_norm,0.006510400772094726,60
gemma4,5,4,norm,model.layers.3.input_layernorm,0.0066549340883890785,60
gemma4,5,4,norm,model.layers.3.post_attention_layernorm,0.006684269507726034,60
gemma4,5,4,norm,model.layers.3.post_feedforward_layernorm,0.006597850720087687,60
gemma4,5,4,norm,model.layers.3.post_feedforward_layernorm_1,0.006667725245157878,60
gemma4,5,4,norm,model.layers.3.post_feedforward_layernorm_2,0.0068186660607655845,60
gemma4,5,4,norm,model.layers.3.pre_feedforward_layernorm,0.0065583964188893635,60
gemma4,5,4,norm,model.layers.3.pre_feedforward_layernorm_2,0.006814936796824138,60
gemma4,5,4,norm,model.layers.3.router.norm,0.006290658315022787,60
gemma4,5,4,norm,model.layers.3.self_attn.k_norm,0.006578673919041951,60
gemma4,5,4,norm,model.layers.3.self_attn.q_norm,0.007012271881103515,60
gemma4,5,4,norm,model.layers.3.self_attn.v_norm,0.006509864330291748,60
gemma4,5,4,norm,model.layers.4.input_layernorm,0.006622930367787679,60
gemma4,5,4,norm,model.layers.4.post_attention_layernorm,0.006879482666651408,60
gemma4,5,4,norm,model.layers.4.post_feedforward_layernorm,0.006652275721232097,60
gemma4,5,4,norm,model.layers.4.post_feedforward_layernorm_1,0.006829871733983358,60
gemma4,5,4,norm,model.layers.4.post_feedforward_layernorm_2,0.006761046250661215,60
gemma4,5,4,norm,model.layers.4.pre_feedforward_layernorm,0.0065749287605285645,60
gemma4,5,4,norm,model.layers.4.pre_feedforward_layernorm_2,0.006783473491668701,60
gemma4,5,4,norm,model.layers.4.router.norm,0.006387742360432943,60
gemma4,5,4,norm,model.layers.4.self_attn.k_norm,0.006615465879440308,60
gemma4,5,4,norm,model.layers.4.self_attn.q_norm,0.00676160454750061,60
gemma4,5,4,norm,model.layers.4.self_attn.v_norm,0.006557333469390869,60
gemma4,5,4,norm,model.layers.5.input_layernorm,0.0067514777183532715,60
gemma4,5,4,norm,model.layers.5.post_attention_layernorm,0.006710378328959147,60
gemma4,5,4,norm,model.layers.5.post_feedforward_layernorm,0.0067914764086405436,60
gemma4,5,4,norm,model.layers.5.post_feedforward_layernorm_1,0.006714133421579996,60
gemma4,5,4,norm,model.layers.5.post_feedforward_layernorm_2,0.006759472688039144,60
gemma4,5,4,norm,model.layers.5.pre_feedforward_layernorm,0.006600530942281088,60
gemma4,5,4,norm,model.layers.5.pre_feedforward_layernorm_2,0.006931742032368978,60
gemma4,5,4,norm,model.layers.5.router.norm,0.006322129567464193,60
gemma4,5,4,norm,model.layers.5.self_attn.k_norm,0.0064826766649882,60
gemma4,5,4,norm,model.layers.5.self_attn.q_norm,0.006930144627888998,60
gemma4,5,4,norm,model.layers.5.self_attn.v_norm,0.0064640124638875324,60
gemma4,5,4,norm,model.layers.6.input_layernorm,0.00658188263575236,60
gemma4,5,4,norm,model.layers.6.post_attention_layernorm,0.006835734844207764,60
gemma4,5,4,norm,model.layers.6.post_feedforward_layernorm,0.00677492618560791,60
gemma4,5,4,norm,model.layers.6.post_feedforward_layernorm_1,0.006716791788736979,60
gemma4,5,4,norm,model.layers.6.post_feedforward_layernorm_2,0.0066917220751444495,60
gemma4,5,4,norm,model.layers.6.pre_feedforward_layernorm,0.006622958183288574,60
gemma4,5,4,norm,model.layers.6.pre_feedforward_layernorm_2,0.006826122601826985,60
gemma4,5,4,norm,model.layers.6.router.norm,0.006412275632222493,60
gemma4,5,4,norm,model.layers.6.self_attn.k_norm,0.0066490610440572105,60
gemma4,5,4,norm,model.layers.6.self_attn.q_norm,0.006894922256469727,60
gemma4,5,4,norm,model.layers.6.self_attn.v_norm,0.006531743208567301,60
gemma4,5,4,norm,model.layers.7.input_layernorm,0.006687462329864502,60
gemma4,5,4,norm,model.layers.7.post_attention_layernorm,0.006688026587168375,60
gemma4,5,4,norm,model.layers.7.post_feedforward_layernorm,0.00677334467569987,60
gemma4,5,4,norm,model.layers.7.post_feedforward_layernorm_1,0.006756822268168132,60
gemma4,5,4,norm,model.layers.7.post_feedforward_layernorm_2,0.006853866577148438,60
gemma4,5,4,norm,model.layers.7.pre_feedforward_layernorm,0.006577591101328532,60
gemma4,5,4,norm,model.layers.7.pre_feedforward_layernorm_2,0.006878948211669922,60
gemma4,5,4,norm,model.layers.7.router.norm,0.006436785062154134,60
gemma4,5,4,norm,model.layers.7.self_attn.k_norm,0.006476255257924398,60
gemma4,5,4,norm,model.layers.7.self_attn.q_norm,0.006822407245635986,60
gemma4,5,4,norm,model.layers.7.self_attn.v_norm,0.00650559663772583,60
gemma4,5,4,norm,model.layers.8.input_layernorm,0.006640533606211345,60
gemma4,5,4,norm,model.layers.8.post_attention_layernorm,0.006868278980255127,60
gemma4,5,4,norm,model.layers.8.post_feedforward_layernorm,0.006758399804433187,60
gemma4,5,4,norm,model.layers.8.post_feedforward_layernorm_1,0.006792537371317546,60
gemma4,5,4,norm,model.layers.8.post_feedforward_layernorm_2,0.006788810094197591,60
gemma4,5,4,norm,model.layers.8.pre_feedforward_layernorm,0.00659414529800415,60
gemma4,5,4,norm,model.layers.8.pre_feedforward_layernorm_2,0.006780282656351725,60
gemma4,5,4,norm,model.layers.8.router.norm,0.0063285390535990395,60
gemma4,5,4,norm,model.layers.8.self_attn.k_norm,0.0067360122998555505,60
gemma4,5,4,norm,model.layers.8.self_attn.q_norm,0.00683521032333374,60
gemma4,5,4,norm,model.layers.8.self_attn.v_norm,0.006604798634847005,60
gemma4,5,4,norm,model.layers.9.input_layernorm,0.006721079349517822,60
gemma4,5,4,norm,model.layers.9.post_attention_layernorm,0.00672905445098877,60
gemma4,5,4,norm,model.layers.9.post_feedforward_layernorm,0.006782960891723633,60
gemma4,5,4,norm,model.layers.9.post_feedforward_layernorm_1,0.006646386782328288,60
gemma4,5,4,norm,model.layers.9.post_feedforward_layernorm_2,0.006767463684082031,60
gemma4,5,4,norm,model.layers.9.pre_feedforward_layernorm,0.006567994753519694,60
gemma4,5,4,norm,model.layers.9.pre_feedforward_layernorm_2,0.006907212734222412,60
gemma4,5,4,norm,model.layers.9.router.norm,0.00638507604598999,60
gemma4,5,4,norm,model.layers.9.self_attn.k_norm,0.006491720676422119,60
gemma4,5,4,norm,model.layers.9.self_attn.q_norm,0.006708252429962158,60
gemma4,5,4,norm,model.layers.9.self_attn.v_norm,0.006490147113800049,60
gemma4,5,4,norm,model.norm,0.006578683853149414,60
gemma4,5,4,routed,model.layers.0.moe.experts,0.14249279946088791,60
gemma4,5,4,routed,model.layers.1.moe.experts,0.14952639738718668,60
gemma4,5,4,routed,model.layers.10.moe.experts,0.1261717398961385,60
gemma4,5,4,routed,model.layers.11.moe.experts,0.12312158743540445,60
gemma4,5,4,routed,model.layers.12.moe.experts,0.1283994515736898,60
gemma4,5,4,routed,model.layers.13.moe.experts,0.12777703603108723,60
gemma4,5,4,routed,model.layers.14.moe.experts,0.12724478244781495,60
gemma4,5,4,routed,model.layers.15.moe.experts,0.1353808085123698,60
gemma4,5,4,routed,model.layers.16.moe.experts,0.12798826694488524,60
gemma4,5,4,routed,model.layers.17.moe.experts,0.13838613033294678,60
gemma4,5,4,routed,model.layers.18.moe.experts,0.1386709690093994,60
gemma4,5,4,routed,model.layers.19.moe.experts,0.1363371213277181,60
gemma4,5,4,routed,model.layers.2.moe.experts,0.14060425957043965,60
gemma4,5,4,routed,model.layers.20.moe.experts,0.13819141387939454,60
gemma4,5,4,routed,model.layers.21.moe.experts,0.13377647399902343,60
gemma4,5,4,routed,model.layers.22.moe.experts,0.13181912104288737,60
gemma4,5,4,routed,model.layers.23.moe.experts,0.13197919527689617,60
gemma4,5,4,routed,model.layers.24.moe.experts,0.13736265500386555,60
gemma4,5,4,routed,model.layers.25.moe.experts,0.13348841667175293,60
gemma4,5,4,routed,model.layers.26.moe.experts,0.13562018076578777,60
gemma4,5,4,routed,model.layers.27.moe.experts,0.13666550318400064,60
gemma4,5,4,routed,model.layers.28.moe.experts,0.12944428126017252,60
gemma4,5,4,routed,model.layers.29.moe.experts,0.12664915720621744,60
gemma4,5,4,routed,model.layers.3.moe.experts,0.13347626328468323,60
gemma4,5,4,routed,model.layers.4.moe.experts,0.12717706163724263,60
gemma4,5,4,routed,model.layers.5.moe.experts,0.13429280122121176,60
gemma4,5,4,routed,model.layers.6.moe.experts,0.13578346172968547,60
gemma4,5,4,routed,model.layers.7.moe.experts,0.1316858688990275,60
gemma4,5,4,routed,model.layers.8.moe.experts,0.13357868194580078,60
gemma4,5,4,routed,model.layers.9.moe.experts,0.13135839700698854,60
gemma4,5,4,routing,model.layers.0.moe.experts.topk,0.007072535653909047,60
gemma4,5,4,routing,model.layers.0.router,0.026171198735634487,60
gemma4,5,4,routing,model.layers.1.moe.experts.topk,0.0070922652880350745,60
gemma4,5,4,routing,model.layers.1.router,0.026275734106699627,60
gemma4,5,4,routing,model.layers.10.moe.experts.topk,0.00719145933787028,60
gemma4,5,4,routing,model.layers.10.router,0.02606348196665446,60
gemma4,5,4,routing,model.layers.11.moe.experts.topk,0.007210675875345866,60
gemma4,5,4,routing,model.layers.11.router,0.02630613644917806,60
gemma4,5,4,routing,model.layers.12.moe.experts.topk,0.007022953033447266,60
gemma4,5,4,routing,model.layers.12.router,0.026139171918233235,60
gemma4,5,4,routing,model.layers.13.moe.experts.topk,0.007020815213521322,60
gemma4,5,4,routing,model.layers.13.router,0.026282127698262533,60
gemma4,5,4,routing,model.layers.14.moe.experts.topk,0.007124805450439453,60
gemma4,5,4,routing,model.layers.14.router,0.026082094510396323,60
gemma4,5,4,routing,model.layers.15.moe.experts.topk,0.007129057248433431,60
gemma4,5,4,routing,model.layers.15.router,0.02628319263458252,60
gemma4,5,4,routing,model.layers.16.moe.experts.topk,0.007124789555867513,60
gemma4,5,4,routing,model.layers.16.router,0.02610936164855957,60
gemma4,5,4,routing,model.layers.17.moe.experts.topk,0.007223987579345703,60
gemma4,5,4,routing,model.layers.17.router,0.026123722394307453,60
gemma4,5,4,routing,model.layers.18.moe.experts.topk,0.007118399937947591,60
gemma4,5,4,routing,model.layers.18.router,0.02629274527231852,60
gemma4,5,4,routing,model.layers.19.moe.experts.topk,0.007230361302693685,60
gemma4,5,4,routing,model.layers.19.router,0.02632004419962565,60
gemma4,5,4,routing,model.layers.2.moe.experts.topk,0.007096004486083984,60
gemma4,5,4,routing,model.layers.2.router,0.02619519829750061,60
gemma4,5,4,routing,model.layers.20.moe.experts.topk,0.00713504155476888,60
gemma4,5,4,routing,model.layers.20.router,0.02611845334370931,60
gemma4,5,4,routing,model.layers.21.moe.experts.topk,0.007096497217814127,60
gemma4,5,4,routing,model.layers.21.router,0.02629553476969401,60
gemma4,5,4,routing,model.layers.22.moe.experts.topk,0.007192055384318034,60
gemma4,5,4,routing,model.layers.22.router,0.02622089385986328,60
gemma4,5,4,routing,model.layers.23.moe.experts.topk,0.007128524780273438,60
gemma4,5,4,routing,model.layers.23.router,0.026303911209106447,60
gemma4,5,4,routing,model.layers.24.moe.experts.topk,0.007084703445434571,60
gemma4,5,4,routing,model.layers.24.router,0.026096518834431967,60
gemma4,5,4,routing,model.layers.25.moe.experts.topk,0.007172330220540365,60
gemma4,5,4,routing,model.layers.25.router,0.026282596588134765,60
gemma4,5,4,routing,model.layers.26.moe.experts.topk,0.007149887084960937,60
gemma4,5,4,routing,model.layers.26.router,0.02619616190592448,60
gemma4,5,4,routing,model.layers.27.moe.experts.topk,0.007227754592895508,60
gemma4,5,4,routing,model.layers.27.router,0.026415443420410155,60
gemma4,5,4,routing,model.layers.28.moe.experts.topk,0.007087484995524088,60
gemma4,5,4,routing,model.layers.28.router,0.0262912114461263,60
gemma4,5,4,routing,model.layers.29.moe.experts.topk,0.007124805450439453,60
gemma4,5,4,routing,model.layers.29.router,0.026090081532796225,60
gemma4,5,4,routing,model.layers.3.moe.experts.topk,0.0070992052555084225,60
gemma4,5,4,routing,model.layers.3.router,0.026222413778305052,60
gemma4,5,4,routing,model.layers.4.moe.experts.topk,0.007100798686345418,60
gemma4,5,4,routing,model.layers.4.router,0.026303996642430622,60
gemma4,5,4,routing,model.layers.5.moe.experts.topk,0.007195210456848145,60
gemma4,5,4,routing,model.layers.5.router,0.026103484630584716,60
gemma4,5,4,routing,model.layers.6.moe.experts.topk,0.007110389073689779,60
gemma4,5,4,routing,model.layers.6.router,0.026262406508127847,60
gemma4,5,4,routing,model.layers.7.moe.experts.topk,0.007271452744801839,60
gemma4,5,4,routing,model.layers.7.router,0.02649067242940267,60
gemma4,5,4,routing,model.layers.8.moe.experts.topk,0.0070757230122884115,60
gemma4,5,4,routing,model.layers.8.router,0.026182425022125245,60
gemma4,5,4,routing,model.layers.9.moe.experts.topk,0.007066110769907634,60
gemma4,5,4,routing,model.layers.9.router,0.026236295700073242,60
gemma4,5,8,attention,model.layers.0.self_attn,0.11342666602383057,60
gemma4,5,8,attention,model.layers.1.self_attn,0.11038079857826233,60
gemma4,5,8,attention,model.layers.10.self_attn,0.10927949746449789,60
gemma4,5,8,attention,model.layers.11.self_attn,0.13280854225158692,60
gemma4,5,8,attention,model.layers.12.self_attn,0.1100757360458374,60
gemma4,5,8,attention,model.layers.13.self_attn,0.1097200075785319,60
gemma4,5,8,attention,model.layers.14.self_attn,0.10964155991872152,60
gemma4,5,8,attention,model.layers.15.self_attn,0.10986772378285727,60
gemma4,5,8,attention,model.layers.16.self_attn,0.11032854715983073,60
gemma4,5,8,attention,model.layers.17.self_attn,0.1321621576944987,60
gemma4,5,8,attention,model.layers.18.self_attn,0.10981705983479818,60
gemma4,5,8,attention,model.layers.19.self_attn,0.10983411471048991,60
gemma4,5,8,attention,model.layers.2.self_attn,0.1111877312262853,60
gemma4,5,8,attention,model.layers.20.self_attn,0.1092789649963379,60
gemma4,5,8,attention,model.layers.21.self_attn,0.10942765871683756,60
gemma4,5,8,attention,model.layers.22.self_attn,0.1094918409983317,60
gemma4,5,8,attention,model.layers.23.self_attn,0.13313032786051432,60
gemma4,5,8,attention,model.layers.24.self_attn,0.10995620091756185,60
gemma4,5,8,attention,model.layers.25.self_attn,0.10948370297749838,60
gemma4,5,8,attention,model.layers.26.self_attn,0.10948112805684408,60
gemma4,5,8,attention,model.layers.27.self_attn,0.10958657264709473,60
gemma4,5,8,attention,model.layers.28.self_attn,0.10966931978861491,60
gemma4,5,8,attention,model.layers.29.self_attn,0.13418405850728352,60
gemma4,5,8,attention,model.layers.3.self_attn,0.1102485438187917,60
gemma4,5,8,attention,model.layers.4.self_attn,0.11004800001780192,60
gemma4,5,8,attention,model.layers.5.self_attn,0.13379734754562378,60
gemma4,5,8,attention,model.layers.6.self_attn,0.10891785224278767,60
gemma4,5,8,attention,model.layers.7.self_attn,0.109611709912618,60
gemma4,5,8,attention,model.layers.8.self_attn,0.10898077090581258,60
gemma4,5,8,attention,model.layers.9.self_attn,0.11026404698689779,60
gemma4,5,8,dense_mlp,model.layers.0.mlp,0.0424309325714906,60
gemma4,5,8,dense_mlp,model.layers.1.mlp,0.042838399608929954,60
gemma4,5,8,dense_mlp,model.layers.10.mlp,0.04309546152750651,60
gemma4,5,8,dense_mlp,model.layers.11.mlp,0.04225915273030599,60
gemma4,5,8,dense_mlp,model.layers.12.mlp,0.0425621509552002,60
gemma4,5,8,dense_mlp,model.layers.13.mlp,0.04293542702992757,60
gemma4,5,8,dense_mlp,model.layers.14.mlp,0.042098649342854816,60
gemma4,5,8,dense_mlp,model.layers.15.mlp,0.04261868000030518,60
gemma4,5,8,dense_mlp,model.layers.16.mlp,0.04301121234893799,60
gemma4,5,8,dense_mlp,model.layers.17.mlp,0.04250935713450114,60
gemma4,5,8,dense_mlp,model.layers.18.mlp,0.04265171686808268,60
gemma4,5,8,dense_mlp,model.layers.19.mlp,0.042336527506510416,60
gemma4,5,8,dense_mlp,model.layers.2.mlp,0.0430336058139801,60
gemma4,5,8,dense_mlp,model.layers.20.mlp,0.04253651301066081,60
gemma4,5,8,dense_mlp,model.layers.21.mlp,0.04269868532816569,60
gemma4,5,8,dense_mlp,model.layers.22.mlp,0.04294935862223307,60
gemma4,5,8,dense_mlp,model.layers.23.mlp,0.04268002510070801,60
gemma4,5,8,dense_mlp,model.layers.24.mlp,0.04230661392211914,60
gemma4,5,8,dense_mlp,model.layers.25.mlp,0.04280109405517578,60
gemma4,5,8,dense_mlp,model.layers.26.mlp,0.042504072189331055,60
gemma4,5,8,dense_mlp,model.layers.27.mlp,0.04293333689371745,60
gemma4,5,8,dense_mlp,model.layers.28.mlp,0.04286031723022461,60
gemma4,5,8,dense_mlp,model.layers.29.mlp,0.04188370704650879,60
gemma4,5,8,dense_mlp,model.layers.3.mlp,0.04339680473009745,60
gemma4,5,8,dense_mlp,model.layers.4.mlp,0.04304798444112142,60
gemma4,5,8,dense_mlp,model.layers.5.mlp,0.04224641323089599,60
gemma4,5,8,dense_mlp,model.layers.6.mlp,0.042689581712087,60
gemma4,5,8,dense_mlp,model.layers.7.mlp,0.04306934277216593,60
gemma4,5,8,dense_mlp,model.layers.8.mlp,0.04270561536153158,60
gemma4,5,8,dense_mlp,model.layers.9.mlp,0.04288800557454427,60
gemma4,5,8,embedding,model.embed_tokens,0.016691200078154604,60
gemma4,5,8,lm_head,compute_logits,0.9168288548787434,60
gemma4,5,8,moe_envelope,model.layers.0.moe.experts,0.21564693450927735,60
gemma4,5,8,moe_envelope,model.layers.1.moe.experts,0.2449285328388214,60
gemma4,5,8,moe_envelope,model.layers.10.moe.experts,0.16310824553171793,60
gemma4,5,8,moe_envelope,model.layers.11.moe.experts,0.15913604100545248,60
gemma4,5,8,moe_envelope,model.layers.12.moe.experts,0.17024428049723309,60
gemma4,5,8,moe_envelope,model.layers.13.moe.experts,0.15612905820210773,60
gemma4,5,8,moe_envelope,model.layers.14.moe.experts,0.16111042499542236,60
gemma4,5,8,moe_envelope,model.layers.15.moe.experts,0.18258346716562907,60
gemma4,5,8,moe_envelope,model.layers.16.moe.experts,0.17804640928904217,60
gemma4,5,8,moe_envelope,model.layers.17.moe.experts,0.1894575834274292,60
gemma4,5,8,moe_envelope,model.layers.18.moe.experts,0.1997796853383382,60
gemma4,5,8,moe_envelope,model.layers.19.moe.experts,0.19493548075358072,60
gemma4,5,8,moe_envelope,model.layers.2.moe.experts,0.21226080258687338,60
gemma4,5,8,moe_envelope,model.layers.20.moe.experts,0.19964529673258463,60
gemma4,5,8,moe_envelope,model.layers.21.moe.experts,0.19093173344930012,60
gemma4,5,8,moe_envelope,model.layers.22.moe.experts,0.17315522829691568,60
gemma4,5,8,moe_envelope,model.layers.23.moe.experts,0.1938864231109619,60
gemma4,5,8,moe_envelope,model.layers.24.moe.experts,0.1925264358520508,60
gemma4,5,8,moe_envelope,model.layers.25.moe.experts,0.1852244218190511,60
gemma4,5,8,moe_envelope,model.layers.26.moe.experts,0.18129218419392903,60
gemma4,5,8,moe_envelope,model.layers.27.moe.experts,0.17864109675089518,60
gemma4,5,8,moe_envelope,model.layers.28.moe.experts,0.1892885367075602,60
gemma4,5,8,moe_envelope,model.layers.29.moe.experts,0.17742179234822592,60
gemma4,5,8,moe_envelope,model.layers.3.moe.experts,0.19162400166193644,60
gemma4,5,8,moe_envelope,model.layers.4.moe.experts,0.15492851336797078,60
gemma4,5,8,moe_envelope,model.layers.5.moe.experts,0.20788214206695557,60
gemma4,5,8,moe_envelope,model.layers.6.moe.experts,0.19454294840494793,60
gemma4,5,8,moe_envelope,model.layers.7.moe.experts,0.19340426921844484,60
gemma4,5,8,moe_envelope,model.layers.8.moe.experts,0.1937008221944173,60
gemma4,5,8,moe_envelope,model.layers.9.moe.experts,0.17822345892588298,60
gemma4,5,8,norm,model.layers.0.input_layernorm,0.006731199907759825,60
gemma4,5,8,norm,model.layers.0.post_attention_layernorm,0.006761068602403005,60
gemma4,5,8,norm,model.layers.0.post_feedforward_layernorm,0.006759999692440033,60
gemma4,5,8,norm,model.layers.0.post_feedforward_layernorm_1,0.006814932574828466,60
gemma4,5,8,norm,model.layers.0.post_feedforward_layernorm_2,0.006724798679351806,60
gemma4,5,8,norm,model.layers.0.pre_feedforward_layernorm,0.006662932783365249,60
gemma4,5,8,norm,model.layers.0.pre_feedforward_layernorm_2,0.006819200267394384,60
gemma4,5,8,norm,model.layers.0.router.norm,0.006431467334429423,60
gemma4,5,8,norm,model.layers.0.self_attn.k_norm,0.00660800039768219,60
gemma4,5,8,norm,model.layers.0.self_attn.q_norm,0.0068677333494027454,60
gemma4,5,8,norm,model.layers.0.self_attn.v_norm,0.0066293332725763324,60
gemma4,5,8,norm,model.layers.1.input_layernorm,0.006584001580874125,60
gemma4,5,8,norm,model.layers.1.post_attention_layernorm,0.006865066289901733,60
gemma4,5,8,norm,model.layers.1.post_feedforward_layernorm,0.006739201148351034,60
gemma4,5,8,norm,model.layers.1.post_feedforward_layernorm_1,0.006699740886688232,60
gemma4,5,8,norm,model.layers.1.post_feedforward_layernorm_2,0.006725327173868815,60
gemma4,5,8,norm,model.layers.1.pre_feedforward_layernorm,0.006578666965166727,60
gemma4,5,8,norm,model.layers.1.pre_feedforward_layernorm_2,0.006885329882303874,60
gemma4,5,8,norm,model.layers.1.router.norm,0.006433600187301635,60
gemma4,5,8,norm,model.layers.1.self_attn.k_norm,0.006673601269721985,60
gemma4,5,8,norm,model.layers.1.self_attn.q_norm,0.006903467575709025,60
gemma4,5,8,norm,model.layers.1.self_attn.v_norm,0.006594668825467428,60
gemma4,5,8,norm,model.layers.10.input_layernorm,0.006555724143981934,60
gemma4,5,8,norm,model.layers.10.post_attention_layernorm,0.006717332204182943,60
gemma4,5,8,norm,model.layers.10.post_feedforward_layernorm,0.0065776586532592775,60
gemma4,5,8,norm,model.layers.10.post_feedforward_layernorm_1,0.006729602813720703,60
gemma4,5,8,norm,model.layers.10.post_feedforward_layernorm_2,0.00666507085164388,60
gemma4,5,8,norm,model.layers.10.pre_feedforward_layernorm,0.006485875447591146,60
gemma4,5,8,norm,model.layers.10.pre_feedforward_layernorm_2,0.006801096598307291,60
gemma4,5,8,norm,model.layers.10.router.norm,0.006244834264119466,60
gemma4,5,8,norm,model.layers.10.self_attn.k_norm,0.006483721733093262,60
gemma4,5,8,norm,model.layers.10.self_attn.q_norm,0.006732813517252604,60
gemma4,5,8,norm,model.layers.10.self_attn.v_norm,0.006458671887715658,60
gemma4,5,8,norm,model.layers.11.input_layernorm,0.006524793306986491,60
gemma4,5,8,norm,model.layers.11.post_attention_layernorm,0.006674623489379883,60
gemma4,5,8,norm,model.layers.11.post_feedforward_layernorm,0.006567478179931641,60
gemma4,5,8,norm,model.layers.11.post_feedforward_layernorm_1,0.0066479921340942385,60
gemma4,5,8,norm,model.layers.11.post_feedforward_layernorm_2,0.006648548444112142,60
gemma4,5,8,norm,model.layers.11.pre_feedforward_layernorm,0.006563218434651693,60
gemma4,5,8,norm,model.layers.11.pre_feedforward_layernorm_2,0.006805857022603353,60
gemma4,5,8,norm,model.layers.11.router.norm,0.006336514155069987,60
gemma4,5,8,norm,model.layers.11.self_attn.k_norm,0.006471490859985352,60
gemma4,5,8,norm,model.layers.11.self_attn.q_norm,0.006802113850911459,60
gemma4,5,8,norm,model.layers.11.self_attn.v_norm,0.0064368089040120445,60
gemma4,5,8,norm,model.layers.12.input_layernorm,0.006484818458557129,60
gemma4,5,8,norm,model.layers.12.post_attention_layernorm,0.006699188550313314,60
gemma4,5,8,norm,model.layers.12.post_feedforward_layernorm,0.006555740038553874,60
gemma4,5,8,norm,model.layers.12.post_feedforward_layernorm_1,0.006606952349344889,60
gemma4,5,8,norm,model.layers.12.post_feedforward_layernorm_2,0.006678422292073567,60
gemma4,5,8,norm,model.layers.12.pre_feedforward_layernorm,0.006573867797851562,60
gemma4,5,8,norm,model.layers.12.pre_feedforward_layernorm_2,0.006780298550923666,60
gemma4,5,8,norm,model.layers.12.router.norm,0.00630189577738444,60
gemma4,5,8,norm,model.layers.12.self_attn.k_norm,0.006534957885742187,60
gemma4,5,8,norm,model.layers.12.self_attn.q_norm,0.006808559099833171,60
gemma4,5,8,norm,model.layers.12.self_attn.v_norm,0.006490683555603028,60
gemma4,5,8,norm,model.layers.13.input_layernorm,0.006559475262959798,60
gemma4,5,8,norm,model.layers.13.post_attention_layernorm,0.006794166564941406,60
gemma4,5,8,norm,model.layers.13.post_feedforward_layernorm,0.006625580787658692,60
gemma4,5,8,norm,model.layers.13.post_feedforward_layernorm_1,0.0065914551417032875,60
gemma4,5,8,norm,model.layers.13.post_feedforward_layernorm_2,0.006696009635925293,60
gemma4,5,8,norm,model.layers.13.pre_feedforward_layernorm,0.006484794616699219,60
gemma4,5,8,norm,model.layers.13.pre_feedforward_layernorm_2,0.006717912356058757,60
gemma4,5,8,norm,model.layers.13.router.norm,0.00635521411895752,60
gemma4,5,8,norm,model.layers.13.self_attn.k_norm,0.006493337949117025,60
gemma4,5,8,norm,model.layers.13.self_attn.q_norm,0.006707199414571126,60
gemma4,5,8,norm,model.layers.13.self_attn.v_norm,0.006488537788391114,60
gemma4,5,8,norm,model.layers.14.input_layernorm,0.006546155611673991,60
gemma4,5,8,norm,model.layers.14.post_attention_layernorm,0.006764817237854004,60
gemma4,5,8,norm,model.layers.14.post_feedforward_layernorm,0.006650161743164062,60
gemma4,5,8,norm,model.layers.14.post_feedforward_layernorm_1,0.00677180290222168,60
gemma4,5,8,norm,model.layers.14.post_feedforward_layernorm_2,0.006736556688944499,60
gemma4,5,8,norm,model.layers.14.pre_feedforward_layernorm,0.006581894556681315,60
gemma4,5,8,norm,model.layers.14.pre_feedforward_layernorm_2,0.0068687518437703455,60
gemma4,5,8,norm,model.layers.14.router.norm,0.006375988324483235,60
gemma4,5,8,norm,model.layers.14.self_attn.k_norm,0.006483189264933268,60
gemma4,5,8,norm,model.layers.14.self_attn.q_norm,0.006701374053955078,60
gemma4,5,8,norm,model.layers.14.self_attn.v_norm,0.006485342979431152,60
gemma4,5,8,norm,model.layers.15.input_layernorm,0.0065807978312174475,60
gemma4,5,8,norm,model.layers.15.post_attention_layernorm,0.0068832000096639,60
gemma4,5,8,norm,model.layers.15.post_feedforward_layernorm,0.006645846366882324,60
gemma4,5,8,norm,model.layers.15.post_feedforward_layernorm_1,0.006745076179504395,60
gemma4,5,8,norm,model.layers.15.post_feedforward_layernorm_2,0.006782372792561849,60
gemma4,5,8,norm,model.layers.15.pre_feedforward_layernorm,0.006589349110921224,60
gemma4,5,8,norm,model.layers.15.pre_feedforward_layernorm_2,0.00685118834177653,60
gemma4,5,8,norm,model.layers.15.router.norm,0.006385580698649088,60
gemma4,5,8,norm,model.layers.15.self_attn.k_norm,0.006676824887593588,60
gemma4,5,8,norm,model.layers.15.self_attn.q_norm,0.006805817286173503,60
gemma4,5,8,norm,model.layers.15.self_attn.v_norm,0.006534345944722493,60
gemma4,5,8,norm,model.layers.16.input_layernorm,0.0065536101659138995,60
gemma4,5,8,norm,model.layers.16.post_attention_layernorm,0.00678402582804362,60
gemma4,5,8,norm,model.layers.16.post_feedforward_layernorm,0.006601579984029134,60
gemma4,5,8,norm,model.layers.16.post_feedforward_layernorm_1,0.006650654474894205,60
gemma4,5,8,norm,model.layers.16.post_feedforward_layernorm_2,0.006761598587036133,60
gemma4,5,8,norm,model.layers.16.pre_feedforward_layernorm,0.006585041681925456,60
gemma4,5,8,norm,model.layers.16.pre_feedforward_layernorm_2,0.006848557790120443,60
gemma4,5,8,norm,model.layers.16.router.norm,0.006361071268717448,60
gemma4,5,8,norm,model.layers.16.self_attn.k_norm,0.006595230102539063,60
gemma4,5,8,norm,model.layers.16.self_attn.q_norm,0.006950926780700683,60
gemma4,5,8,norm,model.layers.16.self_attn.v_norm,0.0065445025761922205,60
gemma4,5,8,norm,model.layers.17.input_layernorm,0.006603169441223145,60
gemma4,5,8,norm,model.layers.17.post_attention_layernorm,0.006740840276082357,60
gemma4,5,8,norm,model.layers.17.post_feedforward_layernorm,0.006684239705403646,60
gemma4,5,8,norm,model.layers.17.post_feedforward_layernorm_1,0.006698123613993327,60
gemma4,5,8,norm,model.layers.17.post_feedforward_layernorm_2,0.006705665588378906,60
gemma4,5,8,norm,model.layers.17.pre_feedforward_layernorm,0.006559046109517416,60
gemma4,5,8,norm,model.layers.17.pre_feedforward_layernorm_2,0.00682984987894694,60
gemma4,5,8,norm,model.layers.17.router.norm,0.00630190372467041,60
gemma4,5,8,norm,model.layers.17.self_attn.k_norm,0.006510869661966959,60
gemma4,5,8,norm,model.layers.17.self_attn.q_norm,0.006849606831868489,60
gemma4,5,8,norm,model.layers.17.self_attn.v_norm,0.006445916493733724,60
gemma4,5,8,norm,model.layers.18.input_layernorm,0.006572898228963216,60
gemma4,5,8,norm,model.layers.18.post_attention_layernorm,0.0067136128743489586,60
gemma4,5,8,norm,model.layers.18.post_feedforward_layernorm,0.006667216618855794,60
gemma4,5,8,norm,model.layers.18.post_feedforward_layernorm_1,0.006741841634114583,60
gemma4,5,8,norm,model.layers.18.post_feedforward_layernorm_2,0.006659221649169922,60
gemma4,5,8,norm,model.layers.18.pre_feedforward_layernorm,0.006608025232950846,60
gemma4,5,8,norm,model.layers.18.pre_feedforward_layernorm_2,0.006809075673421224,60
gemma4,5,8,norm,model.layers.18.router.norm,0.006348768870035808,60
gemma4,5,8,norm,model.layers.18.self_attn.k_norm,0.006626749038696289,60
gemma4,5,8,norm,model.layers.18.self_attn.q_norm,0.006863975524902343,60
gemma4,5,8,norm,model.layers.18.self_attn.v_norm,0.006508731842041015,60
gemma4,5,8,norm,model.layers.19.input_layernorm,0.006584469477335612,60
gemma4,5,8,norm,model.layers.19.post_attention_layernorm,0.006808567047119141,60
gemma4,5,8,norm,model.layers.19.post_feedforward_layernorm,0.006602144241333008,60
gemma4,5,8,norm,model.layers.19.post_feedforward_layernorm_1,0.006632550557454427,60
gemma4,5,8,norm,model.layers.19.post_feedforward_layernorm_2,0.00674136479695638,60
gemma4,5,8,norm,model.layers.19.pre_feedforward_layernorm,0.006579748789469401,60
gemma4,5,8,norm,model.layers.19.pre_feedforward_layernorm_2,0.006726868947347005,60
gemma4,5,8,norm,model.layers.19.router.norm,0.006342935562133789,60
gemma4,5,8,norm,model.layers.19.self_attn.k_norm,0.006515185038248698,60
gemma4,5,8,norm,model.layers.19.self_attn.q_norm,0.006783469518025716,60
gemma4,5,8,norm,model.layers.19.self_attn.v_norm,0.006512101491292318,60
gemma4,5,8,norm,model.layers.2.input_layernorm,0.006562132636706034,60
gemma4,5,8,norm,model.layers.2.post_attention_layernorm,0.006765337785085043,60
gemma4,5,8,norm,model.layers.2.post_feedforward_layernorm,0.006679993867874145,60
gemma4,5,8,norm,model.layers.2.post_feedforward_layernorm_1,0.006725329160690308,60
gemma4,5,8,norm,model.layers.2.post_feedforward_layernorm_2,0.006726402044296265,60
gemma4,5,8,norm,model.layers.2.pre_feedforward_layernorm,0.006660787264506022,60
gemma4,5,8,norm,model.layers.2.pre_feedforward_layernorm_2,0.006869328022003174,60
gemma4,5,8,norm,model.layers.2.router.norm,0.006459196408589681,60
gemma4,5,8,norm,model.layers.2.self_attn.k_norm,0.006637324889500936,60
gemma4,5,8,norm,model.layers.2.self_attn.q_norm,0.006954129536946615,60
gemma4,5,8,norm,model.layers.2.self_attn.v_norm,0.006550403436024984,60
gemma4,5,8,norm,model.layers.20.input_layernorm,0.006545050938924154,60
gemma4,5,8,norm,model.layers.20.post_attention_layernorm,0.006796820958455404,60
gemma4,5,8,norm,model.layers.20.post_feedforward_layernorm,0.00664052963256836,60
gemma4,5,8,norm,model.layers.20.post_feedforward_layernorm_1,0.006627734502156576,60
gemma4,5,8,norm,model.layers.20.post_feedforward_layernorm_2,0.006756258010864258,60
gemma4,5,8,norm,model.layers.20.pre_feedforward_layernorm,0.0065691471099853516,60
gemma4,5,8,norm,model.layers.20.pre_feedforward_layernorm_2,0.006807470321655273,60
gemma4,5,8,norm,model.layers.20.router.norm,0.006331300735473633,60
gemma4,5,8,norm,model.layers.20.self_attn.k_norm,0.00656587282816569,60
gemma4,5,8,norm,model.layers.20.self_attn.q_norm,0.006676801045735677,60
gemma4,5,8,norm,model.layers.20.self_attn.v_norm,0.006531667709350586,60
gemma4,5,8,norm,model.layers.21.input_layernorm,0.006589857737223307,60
gemma4,5,8,norm,model.layers.21.post_attention_layernorm,0.0068373521169026695,60
gemma4,5,8,norm,model.layers.21.post_feedforward_layernorm,0.006691773732503255,60
gemma4,5,8,norm,model.layers.21.post_feedforward_layernorm_1,0.006720511118570963,60
gemma4,5,8,norm,model.layers.21.post_feedforward_layernorm_2,0.006719430287679036,60
gemma4,5,8,norm,model.layers.21.pre_feedforward_layernorm,0.006480566660563151,60
gemma4,5,8,norm,model.layers.21.pre_feedforward_layernorm_2,0.006740299860636393,60
gemma4,5,8,norm,model.layers.21.router.norm,0.006334924697875976,60
gemma4,5,8,norm,model.layers.21.self_attn.k_norm,0.006541331609090169,60
gemma4,5,8,norm,model.layers.21.self_attn.q_norm,0.006779193878173828,60
gemma4,5,8,norm,model.layers.21.self_attn.v_norm,0.006490166982014974,60
gemma4,5,8,norm,model.layers.22.input_layernorm,0.006558974583943685,60
gemma4,5,8,norm,model.layers.22.post_attention_layernorm,0.006749963760375977,60
gemma4,5,8,norm,model.layers.22.post_feedforward_layernorm,0.006636238098144532,60
gemma4,5,8,norm,model.layers.22.post_feedforward_layernorm_1,0.006690756479899088,60
gemma4,5,8,norm,model.layers.22.post_feedforward_layernorm_2,0.006717745463053385,60
gemma4,5,8,norm,model.layers.22.pre_feedforward_layernorm,0.006560500462849935,60
gemma4,5,8,norm,model.layers.22.pre_feedforward_layernorm_2,0.006804736455281576,60
gemma4,5,8,norm,model.layers.22.router.norm,0.00641015370686849,60
gemma4,5,8,norm,model.layers.22.self_attn.k_norm,0.006550455093383789,60
gemma4,5,8,norm,model.layers.22.self_attn.q_norm,0.006783548990885417,60
gemma4,5,8,norm,model.layers.22.self_attn.v_norm,0.006492789586385091,60
gemma4,5,8,norm,model.layers.23.input_layernorm,0.006571086247762045,60
gemma4,5,8,norm,model.layers.23.post_attention_layernorm,0.0067589124043782554,60
gemma4,5,8,norm,model.layers.23.post_feedforward_layernorm,0.006569560368855794,60
gemma4,5,8,norm,model.layers.23.post_feedforward_layernorm_1,0.006710338592529297,60
gemma4,5,8,norm,model.layers.23.post_feedforward_layernorm_2,0.006704457600911458,60
gemma4,5,8,norm,model.layers.23.pre_feedforward_layernorm,0.0066431999206542965,60
gemma4,5,8,norm,model.layers.23.pre_feedforward_layernorm_2,0.006801605224609375,60
gemma4,5,8,norm,model.layers.23.router.norm,0.006372276941935221,60
gemma4,5,8,norm,model.layers.23.self_attn.k_norm,0.006520493825276693,60
gemma4,5,8,norm,model.layers.23.self_attn.q_norm,0.006829897562662761,60
gemma4,5,8,norm,model.layers.23.self_attn.v_norm,0.0064522743225097655,60
gemma4,5,8,norm,model.layers.24.input_layernorm,0.006583452224731445,60
gemma4,5,8,norm,model.layers.24.post_attention_layernorm,0.006771691640218099,60
gemma4,5,8,norm,model.layers.24.post_feedforward_layernorm,0.006522639592488607,60
gemma4,5,8,norm,model.layers.24.post_feedforward_layernorm_1,0.006691726048787435,60
gemma4,5,8,norm,model.layers.24.post_feedforward_layernorm_2,0.006677802403767904,60
gemma4,5,8,norm,model.layers.24.pre_feedforward_layernorm,0.006508715947469075,60
gemma4,5,8,norm,model.layers.24.pre_feedforward_layernorm_2,0.006822919845581055,60
gemma4,5,8,norm,model.layers.24.router.norm,0.006396818161010742,60
gemma4,5,8,norm,model.layers.24.self_attn.k_norm,0.006594212849934896,60
gemma4,5,8,norm,model.layers.24.self_attn.q_norm,0.006754716237386067,60
gemma4,5,8,norm,model.layers.24.self_attn.v_norm,0.006537055969238282,60
gemma4,5,8,norm,model.layers.25.input_layernorm,0.006601158777872721,60
gemma4,5,8,norm,model.layers.25.post_attention_layernorm,0.006822888056437174,60
gemma4,5,8,norm,model.layers.25.post_feedforward_layernorm,0.006656471888224284,60
gemma4,5,8,norm,model.layers.25.post_feedforward_layernorm_1,0.0067098140716552734,60
gemma4,5,8,norm,model.layers.25.post_feedforward_layernorm_2,0.006724850336710612,60
gemma4,5,8,norm,model.layers.25.pre_feedforward_layernorm,0.006500927607218424,60
gemma4,5,8,norm,model.layers.25.pre_feedforward_layernorm_2,0.006738122304280599,60
gemma4,5,8,norm,model.layers.25.router.norm,0.006378650665283203,60
gemma4,5,8,norm,model.layers.25.self_attn.k_norm,0.006555716196695964,60
gemma4,5,8,norm,model.layers.25.self_attn.q_norm,0.006832536061604818,60
gemma4,5,8,norm,model.layers.25.self_attn.v_norm,0.006522146860758463,60
gemma4,5,8,norm,model.layers.26.input_layernorm,0.0065786520640055334,60
gemma4,5,8,norm,model.layers.26.post_attention_layernorm,0.006746133168538411,60
gemma4,5,8,norm,model.layers.26.post_feedforward_layernorm,0.006590890884399414,60
gemma4,5,8,norm,model.layers.26.post_feedforward_layernorm_1,0.00673058827718099,60
gemma4,5,8,norm,model.layers.26.post_feedforward_layernorm_2,0.006746641794840495,60
gemma4,5,8,norm,model.layers.26.pre_feedforward_layernorm,0.006650590896606445,60
gemma4,5,8,norm,model.layers.26.pre_feedforward_layernorm_2,0.006848986943562826,60
gemma4,5,8,norm,model.layers.26.router.norm,0.006333382924397787,60
gemma4,5,8,norm,model.layers.26.self_attn.k_norm,0.006571658452351888,60
gemma4,5,8,norm,model.layers.26.self_attn.q_norm,0.0067146937052408855,60
gemma4,5,8,norm,model.layers.26.self_attn.v_norm,0.006476291020711263,60
gemma4,5,8,norm,model.layers.27.input_layernorm,0.00657817522684733,60
gemma4,5,8,norm,model.layers.27.post_attention_layernorm,0.006839402516682943,60
gemma4,5,8,norm,model.layers.27.post_feedforward_layernorm,0.006580813725789388,60
gemma4,5,8,norm,model.layers.27.post_feedforward_layernorm_1,0.006670935948689779,60
gemma4,5,8,norm,model.layers.27.post_feedforward_layernorm_2,0.006728521982828776,60
gemma4,5,8,norm,model.layers.27.pre_feedforward_layernorm,0.006514581044514974,60
gemma4,5,8,norm,model.layers.27.pre_feedforward_layernorm_2,0.006768512725830078,60
gemma4,5,8,norm,model.layers.27.router.norm,0.006372865041097005,60
gemma4,5,8,norm,model.layers.27.self_attn.k_norm,0.00664060910542806,60
gemma4,5,8,norm,model.layers.27.self_attn.q_norm,0.00680705706278483,60
gemma4,5,8,norm,model.layers.27.self_attn.v_norm,0.006509304046630859,60
gemma4,5,8,norm,model.layers.28.input_layernorm,0.006506601969401042,60
gemma4,5,8,norm,model.layers.28.post_attention_layernorm,0.0067461967468261715,60
gemma4,5,8,norm,model.layers.28.post_feedforward_layernorm,0.0067252635955810545,60
gemma4,5,8,norm,model.layers.28.post_feedforward_layernorm_1,0.0066768487294514975,60
gemma4,5,8,norm,model.layers.28.post_feedforward_layernorm_2,0.006765890121459961,60
gemma4,5,8,norm,model.layers.28.pre_feedforward_layernorm,0.006568527221679688,60
gemma4,5,8,norm,model.layers.28.pre_feedforward_layernorm_2,0.0068058649698893225,60
gemma4,5,8,norm,model.layers.28.router.norm,0.006372769673665364,60
gemma4,5,8,norm,model.layers.28.self_attn.k_norm,0.006480518976847331,60
gemma4,5,8,norm,model.layers.28.self_attn.q_norm,0.006789890925089518,60
gemma4,5,8,norm,model.layers.28.self_attn.v_norm,0.006499258677164713,60
gemma4,5,8,norm,model.layers.29.input_layernorm,0.006644280751546224,60
gemma4,5,8,norm,model.layers.29.post_attention_layernorm,0.0068144639333089195,60
gemma4,5,8,norm,model.layers.29.post_feedforward_layernorm,0.006737105051676432,60
gemma4,5,8,norm,model.layers.29.post_feedforward_layernorm_1,0.006692330042521159,60
gemma4,5,8,norm,model.layers.29.post_feedforward_layernorm_2,0.00673972765604655,60
gemma4,5,8,norm,model.layers.29.pre_feedforward_layernorm,0.006702884038289388,60
gemma4,5,8,norm,model.layers.29.pre_feedforward_layernorm_2,0.00692591667175293,60
gemma4,5,8,norm,model.layers.29.router.norm,0.006458139419555664,60
gemma4,5,8,norm,model.layers.29.self_attn.k_norm,0.00652476946512858,60
gemma4,5,8,norm,model.layers.29.self_attn.q_norm,0.006908194224039713,60
gemma4,5,8,norm,model.layers.29.self_attn.v_norm,0.006527439753214518,60
gemma4,5,8,norm,model.layers.3.input_layernorm,0.006617589791615804,60
gemma4,5,8,norm,model.layers.3.post_attention_layernorm,0.006762673457463582,60
gemma4,5,8,norm,model.layers.3.post_feedforward_layernorm,0.006510384877522786,60
gemma4,5,8,norm,model.layers.3.post_feedforward_layernorm_1,0.006612275044123332,60
gemma4,5,8,norm,model.layers.3.post_feedforward_layernorm_2,0.006644797325134277,60
gemma4,5,8,norm,model.layers.3.pre_feedforward_layernorm,0.006432527303695678,60
gemma4,5,8,norm,model.layers.3.pre_feedforward_layernorm_2,0.006708808739980062,60
gemma4,5,8,norm,model.layers.3.router.norm,0.0062943955262502035,60
gemma4,5,8,norm,model.layers.3.self_attn.k_norm,0.00659787654876709,60
gemma4,5,8,norm,model.layers.3.self_attn.q_norm,0.0068400065104166664,60
gemma4,5,8,norm,model.layers.3.self_attn.v_norm,0.0065370599428812666,60
gemma4,5,8,norm,model.layers.4.input_layernorm,0.006574384371439616,60
gemma4,5,8,norm,model.layers.4.post_attention_layernorm,0.006639456748962403,60
gemma4,5,8,norm,model.layers.4.post_feedforward_layernorm,0.006597344080607096,60
gemma4,5,8,norm,model.layers.4.post_feedforward_layernorm_1,0.006644280751546224,60
gemma4,5,8,norm,model.layers.4.post_feedforward_layernorm_2,0.006665074825286865,60
gemma4,5,8,norm,model.layers.4.pre_feedforward_layernorm,0.006558398405710856,60
gemma4,5,8,norm,model.layers.4.pre_feedforward_layernorm_2,0.006780799229939779,60
gemma4,5,8,norm,model.layers.4.router.norm,0.006314671039581299,60
gemma4,5,8,norm,model.layers.4.self_attn.k_norm,0.006474107503890991,60
gemma4,5,8,norm,model.layers.4.self_attn.q_norm,0.006739187240600586,60
gemma4,5,8,norm,model.layers.4.self_attn.v_norm,0.006484792629877726,60
gemma4,5,8,norm,model.layers.5.input_layernorm,0.006579732894897461,60
gemma4,5,8,norm,model.layers.5.post_attention_layernorm,0.006678402423858643,60
gemma4,5,8,norm,model.layers.5.post_feedforward_layernorm,0.0065631945927937824,60
gemma4,5,8,norm,model.layers.5.post_feedforward_layernorm_1,0.006634128093719482,60
gemma4,5,8,norm,model.layers.5.post_feedforward_layernorm_2,0.006720527013142904,60
gemma4,5,8,norm,model.layers.5.pre_feedforward_layernorm,0.006539758046468099,60
gemma4,5,8,norm,model.layers.5.pre_feedforward_layernorm_2,0.006789358456929525,60
gemma4,5,8,norm,model.layers.5.router.norm,0.006252257029215494,60
gemma4,5,8,norm,model.layers.5.self_attn.k_norm,0.006406939029693604,60
gemma4,5,8,norm,model.layers.5.self_attn.q_norm,0.006864027182261149,60
gemma4,5,8,norm,model.layers.5.self_attn.v_norm,0.006431980927785238,60
gemma4,5,8,norm,model.layers.6.input_layernorm,0.0065125266710917154,60
gemma4,5,8,norm,model.layers.6.post_attention_layernorm,0.006786139806111654,60
gemma4,5,8,norm,model.layers.6.post_feedforward_layernorm,0.006516265869140625,60
gemma4,5,8,norm,model.layers.6.post_feedforward_layernorm_1,0.00669867992401123,60
gemma4,5,8,norm,model.layers.6.post_feedforward_layernorm_2,0.006644817193349203,60
gemma4,5,8,norm,model.layers.6.pre_feedforward_layernorm,0.006571181615193685,60
gemma4,5,8,norm,model.layers.6.pre_feedforward_layernorm_2,0.006744015216827393,60
gemma4,5,8,norm,model.layers.6.router.norm,0.006283724308013916,60
gemma4,5,8,norm,model.layers.6.self_attn.k_norm,0.006554134686787923,60
gemma4,5,8,norm,model.layers.6.self_attn.q_norm,0.00679466724395752,60
gemma4,5,8,norm,model.layers.6.self_attn.v_norm,0.006463460127512614,60
gemma4,5,8,norm,model.layers.7.input_layernorm,0.006539185841878255,60
gemma4,5,8,norm,model.layers.7.post_attention_layernorm,0.006799463431040446,60
gemma4,5,8,norm,model.layers.7.post_feedforward_layernorm,0.006561056772867838,60
gemma4,5,8,norm,model.layers.7.post_feedforward_layernorm_1,0.0066597263018290205,60
gemma4,5,8,norm,model.layers.7.post_feedforward_layernorm_2,0.006642679373423259,60
gemma4,5,8,norm,model.layers.7.pre_feedforward_layernorm,0.00648959477742513,60
gemma4,5,8,norm,model.layers.7.pre_feedforward_layernorm_2,0.00675199031829834,60
gemma4,5,8,norm,model.layers.7.router.norm,0.0063391963640848795,60
gemma4,5,8,norm,model.layers.7.self_attn.k_norm,0.006473068396250407,60
gemma4,5,8,norm,model.layers.7.self_attn.q_norm,0.006698135534922282,60
gemma4,5,8,norm,model.layers.7.self_attn.v_norm,0.006475182374318441,60
gemma4,5,8,norm,model.layers.8.input_layernorm,0.006443214416503906,60
gemma4,5,8,norm,model.layers.8.post_attention_layernorm,0.006731744607289632,60
gemma4,5,8,norm,model.layers.8.post_feedforward_layernorm,0.0065482258796691895,60
gemma4,5,8,norm,model.layers.8.post_feedforward_layernorm_1,0.006585609912872314,60
gemma4,5,8,norm,model.layers.8.post_feedforward_layernorm_2,0.006654385725657145,60
gemma4,5,8,norm,model.layers.8.pre_feedforward_layernorm,0.006574408213297526,60
gemma4,5,8,norm,model.layers.8.pre_feedforward_layernorm_2,0.006771210829416911,60
gemma4,5,8,norm,model.layers.8.router.norm,0.006289589405059815,60
gemma4,5,8,norm,model.layers.8.self_attn.k_norm,0.0065722783406575525,60
gemma4,5,8,norm,model.layers.8.self_attn.q_norm,0.006763720512390136,60
gemma4,5,8,norm,model.layers.8.self_attn.v_norm,0.0064645051956176754,60
gemma4,5,8,norm,model.layers.9.input_layernorm,0.006510400772094726,60
gemma4,5,8,norm,model.layers.9.post_attention_layernorm,0.006789318720499675,60
gemma4,5,8,norm,model.layers.9.post_feedforward_layernorm,0.006516782442728678,60
gemma4,5,8,norm,model.layers.9.post_feedforward_layernorm_1,0.006614987055460612,60
gemma4,5,8,norm,model.layers.9.post_feedforward_layernorm_2,0.00664215087890625,60
gemma4,5,8,norm,model.layers.9.pre_feedforward_layernorm,0.006493322054545085,60
gemma4,5,8,norm,model.layers.9.pre_feedforward_layernorm_2,0.006763195991516114,60
gemma4,5,8,norm,model.layers.9.router.norm,0.006348816553751627,60
gemma4,5,8,norm,model.layers.9.self_attn.k_norm,0.0065088033676147464,60
gemma4,5,8,norm,model.layers.9.self_attn.q_norm,0.0066597223281860355,60
gemma4,5,8,norm,model.layers.9.self_attn.v_norm,0.0064613580703735355,60
gemma4,5,8,norm,model.norm,0.006549358367919922,60
gemma4,5,8,routed,model.layers.0.moe.experts,0.20114613225062689,60
gemma4,5,8,routed,model.layers.1.moe.experts,0.2303978661696116,60
gemma4,5,8,routed,model.layers.10.moe.experts,0.1485973358154297,60
gemma4,5,8,routed,model.layers.11.moe.experts,0.14474182923634846,60
gemma4,5,8,routed,model.layers.12.moe.experts,0.1558308998743693,60
gemma4,5,8,routed,model.layers.13.moe.experts,0.1418048063913981,60
gemma4,5,8,routed,model.layers.14.moe.experts,0.14672745863596598,60
gemma4,5,8,routed,model.layers.15.moe.experts,0.16807040373484294,60
gemma4,5,8,routed,model.layers.16.moe.experts,0.16359097162882488,60
gemma4,5,8,routed,model.layers.17.moe.experts,0.17506767908732096,60
gemma4,5,8,routed,model.layers.18.moe.experts,0.185380220413208,60
gemma4,5,8,routed,model.layers.19.moe.experts,0.18051891326904296,60
gemma4,5,8,routed,model.layers.2.moe.experts,0.1977781355381012,60
gemma4,5,8,routed,model.layers.20.moe.experts,0.18520159721374513,60
gemma4,5,8,routed,model.layers.21.moe.experts,0.17652420997619628,60
gemma4,5,8,routed,model.layers.22.moe.experts,0.15869606335957845,60
gemma4,5,8,routed,model.layers.23.moe.experts,0.17943315505981444,60
gemma4,5,8,routed,model.layers.24.moe.experts,0.1781364917755127,60
gemma4,5,8,routed,model.layers.25.moe.experts,0.17086180051167807,60
gemma4,5,8,routed,model.layers.26.moe.experts,0.16678824424743652,60
gemma4,5,8,routed,model.layers.27.moe.experts,0.16425867080688478,60
gemma4,5,8,routed,model.layers.28.moe.experts,0.17484002113342284,60
gemma4,5,8,routed,model.layers.29.moe.experts,0.16286671956380208,60
gemma4,5,8,routed,model.layers.3.moe.experts,0.17728479703267416,60
gemma4,5,8,routed,model.layers.4.moe.experts,0.14053759972254434,60
gemma4,5,8,routed,model.layers.5.moe.experts,0.19348692893981934,60
gemma4,5,8,routed,model.layers.6.moe.experts,0.18020905256271363,60
gemma4,5,8,routed,model.layers.7.moe.experts,0.17892000277837117,60
gemma4,5,8,routed,model.layers.8.moe.experts,0.17934930721918743,60
gemma4,5,8,routed,model.layers.9.moe.experts,0.1638933261235555,60
gemma4,5,8,routing,model.layers.0.moe.experts.topk,0.007142931222915649,60
gemma4,5,8,routing,model.layers.0.router,0.02641440083583196,60
gemma4,5,8,routing,model.layers.1.moe.experts.topk,0.007197335362434387,60
gemma4,5,8,routing,model.layers.1.router,0.02641706963380178,60
gemma4,5,8,routing,model.layers.10.moe.experts.topk,0.007118948300679525,60
gemma4,5,8,routing,model.layers.10.router,0.026145100593566895,60
gemma4,5,8,routing,model.layers.11.moe.experts.topk,0.007044760386149088,60
gemma4,5,8,routing,model.layers.11.router,0.026183478037516274,60
gemma4,5,8,routing,model.layers.12.moe.experts.topk,0.007066679000854492,60
gemma4,5,8,routing,model.layers.12.router,0.026148239771525066,60
gemma4,5,8,routing,model.layers.13.moe.experts.topk,0.006991974512736003,60
gemma4,5,8,routing,model.layers.13.router,0.02628317674001058,60
gemma4,5,8,routing,model.layers.14.moe.experts.topk,0.0070539077123006185,60
gemma4,5,8,routing,model.layers.14.router,0.02623894214630127,60
gemma4,5,8,routing,model.layers.15.moe.experts.topk,0.007153606414794922,60
gemma4,5,8,routing,model.layers.15.router,0.026333347956339518,60
gemma4,5,8,routing,model.layers.16.moe.experts.topk,0.007099231084187825,60
gemma4,5,8,routing,model.layers.16.router,0.02629279295603434,60
gemma4,5,8,routing,model.layers.17.moe.experts.topk,0.007073505719502767,60
gemma4,5,8,routing,model.layers.17.router,0.02626187801361084,60
gemma4,5,8,routing,model.layers.18.moe.experts.topk,0.007068840662638346,60
gemma4,5,8,routing,model.layers.18.router,0.026184527079264323,60
gemma4,5,8,routing,model.layers.19.moe.experts.topk,0.007042694091796875,60
gemma4,5,8,routing,model.layers.19.router,0.02621281941731771,60
gemma4,5,8,routing,model.layers.2.moe.experts.topk,0.00715413490931193,60
gemma4,5,8,routing,model.layers.2.router,0.026288539171218872,60
gemma4,5,8,routing,model.layers.20.moe.experts.topk,0.007094351450602213,60
gemma4,5,8,routing,model.layers.20.router,0.02621609369913737,60
gemma4,5,8,routing,model.layers.21.moe.experts.topk,0.007085275650024414,60
gemma4,5,8,routing,model.layers.21.router,0.026170635223388673,60
gemma4,5,8,routing,model.layers.22.moe.experts.topk,0.007122166951497396,60
gemma4,5,8,routing,model.layers.22.router,0.02634296417236328,60
gemma4,5,8,routing,model.layers.23.moe.experts.topk,0.007109880447387695,60
gemma4,5,8,routing,model.layers.23.router,0.026216952006022136,60
gemma4,5,8,routing,model.layers.24.moe.experts.topk,0.007068792978922526,60
gemma4,5,8,routing,model.layers.24.router,0.026268196105957032,60
gemma4,5,8,routing,model.layers.25.moe.experts.topk,0.007036765416463216,60
gemma4,5,8,routing,model.layers.25.router,0.026322650909423827,60
gemma4,5,8,routing,model.layers.26.moe.experts.topk,0.007123788197835286,60
gemma4,5,8,routing,model.layers.26.router,0.026174402236938475,60
gemma4,5,8,routing,model.layers.27.moe.experts.topk,0.007054901123046875,60
gemma4,5,8,routing,model.layers.27.router,0.02631413141886393,60
gemma4,5,8,routing,model.layers.28.moe.experts.topk,0.007102409998575847,60
gemma4,5,8,routing,model.layers.28.router,0.02620851198832194,60
gemma4,5,8,routing,model.layers.29.moe.experts.topk,0.007177527745564779,60
gemma4,5,8,routing,model.layers.29.router,0.026418717702229817,60
gemma4,5,8,routing,model.layers.3.moe.experts.topk,0.007032519578933716,60
gemma4,5,8,routing,model.layers.3.router,0.026074671745300294,60
gemma4,5,8,routing,model.layers.4.moe.experts.topk,0.007058151563008626,60
gemma4,5,8,routing,model.layers.4.router,0.026170114676157635,60
gemma4,5,8,routing,model.layers.5.moe.experts.topk,0.007065606117248535,60
gemma4,5,8,routing,model.layers.5.router,0.026091726620992024,60
gemma4,5,8,routing,model.layers.6.moe.experts.topk,0.007019718488057454,60
gemma4,5,8,routing,model.layers.6.router,0.026115731398264567,60
gemma4,5,8,routing,model.layers.7.moe.experts.topk,0.007097073396046956,60
gemma4,5,8,routing,model.layers.7.router,0.026255997021993,60
gemma4,5,8,routing,model.layers.8.moe.experts.topk,0.007002651691436768,60
gemma4,5,8,routing,model.layers.8.router,0.026132790247599284,60
gemma4,5,8,routing,model.layers.9.moe.experts.topk,0.0070139010747273765,60
gemma4,5,8,routing,model.layers.9.router,0.026200485229492188,60
qwen36,4,4,attention,model.layers.11.self_attn,0.07305975357691447,60
qwen36,4,4,attention,model.layers.15.self_attn,0.07364481290181478,60
qwen36,4,4,attention,model.layers.19.self_attn,0.07378185590108235,60
qwen36,4,4,attention,model.layers.23.self_attn,0.0731103499730428,60
qwen36,4,4,attention,model.layers.27.self_attn,0.0735348622004191,60
qwen36,4,4,attention,model.layers.3.self_attn,0.07300533552964529,60
qwen36,4,4,attention,model.layers.31.self_attn,0.07305127779642741,60
qwen36,4,4,attention,model.layers.35.self_attn,0.07413649559020996,60
qwen36,4,4,attention,model.layers.39.self_attn,0.07261759440104167,60
qwen36,4,4,attention,model.layers.7.self_attn,0.07287575801213582,60
qwen36,4,4,embedding,model.embed_tokens,0.012227733223699033,60
qwen36,4,4,gdn,model.layers.0.linear_attn,0.09906346754481395,60
qwen36,4,4,gdn,model.layers.1.linear_attn,0.08941280295451483,60
qwen36,4,4,gdn,model.layers.10.linear_attn,0.08941762844721476,60
qwen36,4,4,gdn,model.layers.12.linear_attn,0.0896064043045044,60
qwen36,4,4,gdn,model.layers.13.linear_attn,0.08909601370493571,60
qwen36,4,4,gdn,model.layers.14.linear_attn,0.089731232325236,60
qwen36,4,4,gdn,model.layers.16.linear_attn,0.08946343262990315,60
qwen36,4,4,gdn,model.layers.17.linear_attn,0.08937551975250244,60
qwen36,4,4,gdn,model.layers.18.linear_attn,0.08856054147084554,60
qwen36,4,4,gdn,model.layers.2.linear_attn,0.0892879992723465,60
qwen36,4,4,gdn,model.layers.20.linear_attn,0.08954237302144369,60
qwen36,4,4,gdn,model.layers.21.linear_attn,0.08960429827372234,60
qwen36,4,4,gdn,model.layers.22.linear_attn,0.08971203962961832,60
qwen36,4,4,gdn,model.layers.24.linear_attn,0.08963572184244792,60
qwen36,4,4,gdn,model.layers.25.linear_attn,0.08975734710693359,60
qwen36,4,4,gdn,model.layers.26.linear_attn,0.08972317377726237,60
qwen36,4,4,gdn,model.layers.28.linear_attn,0.08928432464599609,60
qwen36,4,4,gdn,model.layers.29.linear_attn,0.08864006996154786,60
qwen36,4,4,gdn,model.layers.30.linear_attn,0.0888059139251709,60
qwen36,4,4,gdn,model.layers.32.linear_attn,0.08930562337239584,60
qwen36,4,4,gdn,model.layers.33.linear_attn,0.0890532652537028,60
qwen36,4,4,gdn,model.layers.34.linear_attn,0.09003356297810873,60
qwen36,4,4,gdn,model.layers.36.linear_attn,0.08865981101989746,60
qwen36,4,4,gdn,model.layers.37.linear_attn,0.08905488650004069,60
qwen36,4,4,gdn,model.layers.38.linear_attn,0.08838286399841308,60
qwen36,4,4,gdn,model.layers.4.linear_attn,0.08933492700258891,60
qwen36,4,4,gdn,model.layers.5.linear_attn,0.08896800478299459,60
qwen36,4,4,gdn,model.layers.6.linear_attn,0.08960906068483988,60
qwen36,4,4,gdn,model.layers.8.linear_attn,0.08954507112503052,60
qwen36,4,4,gdn,model.layers.9.linear_attn,0.08916639884312948,60
qwen36,4,4,lm_head,compute_logits,0.607803201675415,60
qwen36,4,4,moe_envelope,model.layers.0.mlp.experts,0.1351807991663615,60
qwen36,4,4,moe_envelope,model.layers.1.mlp.experts,0.12764639854431153,60
qwen36,4,4,moe_envelope,model.layers.10.mlp.experts,0.1271791934967041,60
qwen36,4,4,moe_envelope,model.layers.11.mlp.experts,0.12410507599512736,60
qwen36,4,4,moe_envelope,model.layers.12.mlp.experts,0.1267535924911499,60
qwen36,4,4,moe_envelope,model.layers.13.mlp.experts,0.12582344214121502,60
qwen36,4,4,moe_envelope,model.layers.14.mlp.experts,0.12158934275309245,60
qwen36,4,4,moe_envelope,model.layers.15.mlp.experts,0.11998666922251383,60
qwen36,4,4,moe_envelope,model.layers.16.mlp.experts,0.12559731801350912,60
qwen36,4,4,moe_envelope,model.layers.17.mlp.experts,0.12085919380187989,60
qwen36,4,4,moe_envelope,model.layers.18.mlp.experts,0.11908371448516845,60
qwen36,4,4,moe_envelope,model.layers.19.mlp.experts,0.11705602010091146,60
qwen36,4,4,moe_envelope,model.layers.2.mlp.experts,0.13253706792990366,60
qwen36,4,4,moe_envelope,model.layers.20.mlp.experts,0.12265277703603109,60
qwen36,4,4,moe_envelope,model.layers.21.mlp.experts,0.12315305868784586,60
qwen36,4,4,moe_envelope,model.layers.22.mlp.experts,0.12599147160847982,60
qwen36,4,4,moe_envelope,model.layers.23.mlp.experts,0.12016643683115641,60
qwen36,4,4,moe_envelope,model.layers.24.mlp.experts,0.12692426840464274,60
qwen36,4,4,moe_envelope,model.layers.25.mlp.experts,0.12286344369252523,60
qwen36,4,4,moe_envelope,model.layers.26.mlp.experts,0.12249333063761393,60
qwen36,4,4,moe_envelope,model.layers.27.mlp.experts,0.11901919047037761,60
qwen36,4,4,moe_envelope,model.layers.28.mlp.experts,0.12366504669189453,60
qwen36,4,4,moe_envelope,model.layers.29.mlp.experts,0.11987737019856771,60
qwen36,4,4,moe_envelope,model.layers.3.mlp.experts,0.13049172560373942,60
qwen36,4,4,moe_envelope,model.layers.30.mlp.experts,0.12374779383341471,60
qwen36,4,4,moe_envelope,model.layers.31.mlp.experts,0.1203673521677653,60
qwen36,4,4,moe_envelope,model.layers.32.mlp.experts,0.12589227358500163,60
qwen36,4,4,moe_envelope,model.layers.33.mlp.experts,0.12220052083333334,60
qwen36,4,4,moe_envelope,model.layers.34.mlp.experts,0.12229765256245931,60
qwen36,4,4,moe_envelope,model.layers.35.mlp.experts,0.1186448574066162,60
qwen36,4,4,moe_envelope,model.layers.36.mlp.experts,0.12491777737935385,60
qwen36,4,4,moe_envelope,model.layers.37.mlp.experts,0.12084266344706217,60
qwen36,4,4,moe_envelope,model.layers.38.mlp.experts,0.11925867398579916,60
qwen36,4,4,moe_envelope,model.layers.39.mlp.experts,0.11957602500915528,60
qwen36,4,4,moe_envelope,model.layers.4.mlp.experts,0.12884106636047363,60
qwen36,4,4,moe_envelope,model.layers.5.mlp.experts,0.12746347188949586,60
qwen36,4,4,moe_envelope,model.layers.6.mlp.experts,0.12646239201227824,60
qwen36,4,4,moe_envelope,model.layers.7.mlp.experts,0.12243678967157999,60
qwen36,4,4,moe_envelope,model.layers.8.mlp.experts,0.12169601519902547,60
qwen36,4,4,moe_envelope,model.layers.9.mlp.experts,0.12413172324498495,60
qwen36,4,4,norm,model.layers.0.input_layernorm,0.02861279994249344,60
qwen36,4,4,norm,model.layers.0.post_attention_layernorm,0.03630506619811058,60
qwen36,4,4,norm,model.layers.1.input_layernorm,0.037103471159934995,60
qwen36,4,4,norm,model.layers.1.post_attention_layernorm,0.03774133324623108,60
qwen36,4,4,norm,model.layers.10.input_layernorm,0.037326403458913165,60
qwen36,4,4,norm,model.layers.10.post_attention_layernorm,0.037885848681132,60
qwen36,4,4,norm,model.layers.11.input_layernorm,0.03739308118820191,60
qwen36,4,4,norm,model.layers.11.post_attention_layernorm,0.03745121955871582,60
qwen36,4,4,norm,model.layers.12.input_layernorm,0.03758614460627238,60
qwen36,4,4,norm,model.layers.12.post_attention_layernorm,0.03791680733362834,60
qwen36,4,4,norm,model.layers.13.input_layernorm,0.03743732770284017,60
qwen36,4,4,norm,model.layers.13.post_attention_layernorm,0.03765494426091512,60
qwen36,4,4,norm,model.layers.14.input_layernorm,0.03762291272481282,60
qwen36,4,4,norm,model.layers.14.post_attention_layernorm,0.037776581446329754,60
qwen36,4,4,norm,model.layers.15.input_layernorm,0.03786289691925049,60
qwen36,4,4,norm,model.layers.15.post_attention_layernorm,0.03811679681142171,60
qwen36,4,4,norm,model.layers.16.input_layernorm,0.03721652030944824,60
qwen36,4,4,norm,model.layers.16.post_attention_layernorm,0.03787364959716797,60
qwen36,4,4,norm,model.layers.17.input_layernorm,0.037741319338480635,60
qwen36,4,4,norm,model.layers.17.post_attention_layernorm,0.03748105367024739,60
qwen36,4,4,norm,model.layers.18.input_layernorm,0.03752263387044271,60
qwen36,4,4,norm,model.layers.18.post_attention_layernorm,0.03816904226938884,60
qwen36,4,4,norm,model.layers.19.input_layernorm,0.03800373872121175,60
qwen36,4,4,norm,model.layers.19.post_attention_layernorm,0.037806367874145506,60
qwen36,4,4,norm,model.layers.2.input_layernorm,0.037488534053166704,60
qwen36,4,4,norm,model.layers.2.post_attention_layernorm,0.03731359342734019,60
qwen36,4,4,norm,model.layers.20.input_layernorm,0.03754346370697022,60
qwen36,4,4,norm,model.layers.20.post_attention_layernorm,0.03763094743092855,60
qwen36,4,4,norm,model.layers.21.input_layernorm,0.037496542930603026,60
qwen36,4,4,norm,model.layers.21.post_attention_layernorm,0.03745227654774984,60
qwen36,4,4,norm,model.layers.22.input_layernorm,0.03740211327870687,60
qwen36,4,4,norm,model.layers.22.post_attention_layernorm,0.03778986136118571,60
qwen36,4,4,norm,model.layers.23.input_layernorm,0.03762562274932861,60
qwen36,4,4,norm,model.layers.23.post_attention_layernorm,0.037615458170572914,60
qwen36,4,4,norm,model.layers.24.input_layernorm,0.03757652441660563,60
qwen36,4,4,norm,model.layers.24.post_attention_layernorm,0.03759788672129313,60
qwen36,4,4,norm,model.layers.25.input_layernorm,0.0374725341796875,60
qwen36,4,4,norm,model.layers.25.post_attention_layernorm,0.03777546882629394,60
qwen36,4,4,norm,model.layers.26.input_layernorm,0.03770402272542318,60
qwen36,4,4,norm,model.layers.26.post_attention_layernorm,0.037819226582845054,60
qwen36,4,4,norm,model.layers.27.input_layernorm,0.037822937965393065,60
qwen36,4,4,norm,model.layers.27.post_attention_layernorm,0.037522077560424805,60
qwen36,4,4,norm,model.layers.28.input_layernorm,0.03754987716674805,60
qwen36,4,4,norm,model.layers.28.post_attention_layernorm,0.03766185442606608,60
qwen36,4,4,norm,model.layers.29.input_layernorm,0.03743038177490234,60
qwen36,4,4,norm,model.layers.29.post_attention_layernorm,0.037690623601277666,60
qwen36,4,4,norm,model.layers.3.input_layernorm,0.03736693561077118,60
qwen36,4,4,norm,model.layers.3.post_attention_layernorm,0.03756373922030131,60
qwen36,4,4,norm,model.layers.30.input_layernorm,0.03749491373697917,60
qwen36,4,4,norm,model.layers.30.post_attention_layernorm,0.037833023071289065,60
qwen36,4,4,norm,model.layers.31.input_layernorm,0.037548255920410153,60
qwen36,4,4,norm,model.layers.31.post_attention_layernorm,0.037526941299438475,60
qwen36,4,4,norm,model.layers.32.input_layernorm,0.03742505709330241,60
qwen36,4,4,norm,model.layers.32.post_attention_layernorm,0.037513049443562825,60
qwen36,4,4,norm,model.layers.33.input_layernorm,0.03747086524963379,60
qwen36,4,4,norm,model.layers.33.post_attention_layernorm,0.03763357798258463,60
qwen36,4,4,norm,model.layers.34.input_layernorm,0.037396748860677086,60
qwen36,4,4,norm,model.layers.34.post_attention_layernorm,0.037369060516357425,60
qwen36,4,4,norm,model.layers.35.input_layernorm,0.03747355143229167,60
qwen36,4,4,norm,model.layers.35.post_attention_layernorm,0.03748898506164551,60
qwen36,4,4,norm,model.layers.36.input_layernorm,0.03741428057352702,60
qwen36,4,4,norm,model.layers.36.post_attention_layernorm,0.03739522298177083,60
qwen36,4,4,norm,model.layers.37.input_layernorm,0.03708098729451497,60
qwen36,4,4,norm,model.layers.37.post_attention_layernorm,0.03694346745808919,60
qwen36,4,4,norm,model.layers.38.input_layernorm,0.03680267333984375,60
qwen36,4,4,norm,model.layers.38.post_attention_layernorm,0.03667092323303223,60
qwen36,4,4,norm,model.layers.39.input_layernorm,0.036734914779663085,60
qwen36,4,4,norm,model.layers.39.post_attention_layernorm,0.03657765388488769,60
qwen36,4,4,norm,model.layers.4.input_layernorm,0.037671995162963864,60
qwen36,4,4,norm,model.layers.4.post_attention_layernorm,0.037765864531199136,60
qwen36,4,4,norm,model.layers.5.input_layernorm,0.037806928157806396,60
qwen36,4,4,norm,model.layers.5.post_attention_layernorm,0.03804854353268941,60
qwen36,4,4,norm,model.layers.6.input_layernorm,0.03791466554005941,60
qwen36,4,4,norm,model.layers.6.post_attention_layernorm,0.03774934808413188,60
qwen36,4,4,norm,model.layers.7.input_layernorm,0.03744320472081502,60
qwen36,4,4,norm,model.layers.7.post_attention_layernorm,0.03743146260579427,60
qwen36,4,4,norm,model.layers.8.input_layernorm,0.03801598946253459,60
qwen36,4,4,norm,model.layers.8.post_attention_layernorm,0.03790878454844157,60
qwen36,4,4,norm,model.layers.9.input_layernorm,0.03814826011657715,60
qwen36,4,4,norm,model.layers.9.post_attention_layernorm,0.03740744988123576,60
qwen36,4,4,norm,model.norm,0.035032494862874346,60
qwen36,4,4,routed,model.layers.0.mlp.experts,0.08945760130882263,60
qwen36,4,4,routed,model.layers.1.mlp.experts,0.08110986550649008,60
qwen36,4,4,routed,model.layers.10.mlp.experts,0.08028427759806316,60
qwen36,4,4,routed,model.layers.11.mlp.experts,0.0770021398862203,60
qwen36,4,4,routed,model.layers.12.mlp.experts,0.07949440479278565,60
qwen36,4,4,routed,model.layers.13.mlp.experts,0.07896642684936524,60
qwen36,4,4,routed,model.layers.14.mlp.experts,0.07447787125905354,60
qwen36,4,4,routed,model.layers.15.mlp.experts,0.07297600905100504,60
qwen36,4,4,routed,model.layers.16.mlp.experts,0.07876853148142497,60
qwen36,4,4,routed,model.layers.17.mlp.experts,0.07403575579325358,60
qwen36,4,4,routed,model.layers.18.mlp.experts,0.07245016098022461,60
qwen36,4,4,routed,model.layers.19.mlp.experts,0.07020158767700195,60
qwen36,4,4,routed,model.layers.2.mlp.experts,0.08525120516618093,60
qwen36,4,4,routed,model.layers.20.mlp.experts,0.074776029586792,60
qwen36,4,4,routed,model.layers.21.mlp.experts,0.0761023998260498,60
qwen36,4,4,routed,model.layers.22.mlp.experts,0.07932159900665284,60
qwen36,4,4,routed,model.layers.23.mlp.experts,0.07353705565134684,60
qwen36,4,4,routed,model.layers.24.mlp.experts,0.08029175599416097,60
qwen36,4,4,routed,model.layers.25.mlp.experts,0.07694667180379232,60
qwen36,4,4,routed,model.layers.26.mlp.experts,0.07526448567708334,60
qwen36,4,4,routed,model.layers.27.mlp.experts,0.07285919189453124,60
qwen36,4,4,routed,model.layers.28.mlp.experts,0.07662448883056641,60
qwen36,4,4,routed,model.layers.29.mlp.experts,0.07326504389444986,60
qwen36,4,4,routed,model.layers.3.mlp.experts,0.08353173732757568,60
qwen36,4,4,routed,model.layers.30.mlp.experts,0.07674932479858398,60
qwen36,4,4,routed,model.layers.31.mlp.experts,0.07373488744099935,60
qwen36,4,4,routed,model.layers.32.mlp.experts,0.07803575197855632,60
qwen36,4,4,routed,model.layers.33.mlp.experts,0.07578228314717611,60
qwen36,4,4,routed,model.layers.34.mlp.experts,0.07674446105957031,60
qwen36,4,4,routed,model.layers.35.mlp.experts,0.07383248011271158,60
qwen36,4,4,routed,model.layers.36.mlp.experts,0.08083674112955729,60
qwen36,4,4,routed,model.layers.37.mlp.experts,0.07643783887227376,60
qwen36,4,4,routed,model.layers.38.mlp.experts,0.07666662534077963,60
qwen36,4,4,routed,model.layers.39.mlp.experts,0.0790736198425293,60
qwen36,4,4,routed,model.layers.4.mlp.experts,0.08148853778839112,60
qwen36,4,4,routed,model.layers.5.mlp.experts,0.08027893106142679,60
qwen36,4,4,routed,model.layers.6.mlp.experts,0.07945760091145833,60
qwen36,4,4,routed,model.layers.7.mlp.experts,0.0757242719332377,60
qwen36,4,4,routed,model.layers.8.mlp.experts,0.07489652633666992,60
qwen36,4,4,routed,model.layers.9.mlp.experts,0.0765519897143046,60
qwen36,4,4,routing,model.layers.0.mlp.experts.gate,0.016654932250579197,60
qwen36,4,4,routing,model.layers.0.mlp.experts.topk,0.009706665327151616,60
qwen36,4,4,routing,model.layers.1.mlp.experts.gate,0.016966931521892548,60
qwen36,4,4,routing,model.layers.1.mlp.experts.topk,0.009977608919143677,60
qwen36,4,4,routing,model.layers.10.mlp.experts.gate,0.01685173511505127,60
qwen36,4,4,routing,model.layers.10.mlp.experts.topk,0.01013172467549642,60
qwen36,4,4,routing,model.layers.11.mlp.experts.gate,0.015360530217488606,60
qwen36,4,4,routing,model.layers.11.mlp.experts.topk,0.009873616695404052,60
qwen36,4,4,routing,model.layers.12.mlp.experts.gate,0.017339722315470377,60
qwen36,4,4,routing,model.layers.12.mlp.experts.topk,0.00990828275680542,60
qwen36,4,4,routing,model.layers.13.mlp.experts.gate,0.016627152760823567,60
qwen36,4,4,routing,model.layers.13.mlp.experts.topk,0.00993332862854004,60
qwen36,4,4,routing,model.layers.14.mlp.experts.gate,0.016411717732747397,60
qwen36,4,4,routing,model.layers.14.mlp.experts.topk,0.009744596481323243,60
qwen36,4,4,routing,model.layers.15.mlp.experts.gate,0.016251715024312337,60
qwen36,4,4,routing,model.layers.15.mlp.experts.topk,0.010252277056376139,60
qwen36,4,4,routing,model.layers.16.mlp.experts.gate,0.015958396593729655,60
qwen36,4,4,routing,model.layers.16.mlp.experts.topk,0.009538642565409343,60
qwen36,4,4,routing,model.layers.17.mlp.experts.gate,0.017105579376220703,60
qwen36,4,4,routing,model.layers.17.mlp.experts.topk,0.009931747118632,60
qwen36,4,4,routing,model.layers.18.mlp.experts.gate,0.01601544221242269,60
qwen36,4,4,routing,model.layers.18.mlp.experts.topk,0.009607474009195963,60
qwen36,4,4,routing,model.layers.19.mlp.experts.gate,0.016091235478719077,60
qwen36,4,4,routing,model.layers.19.mlp.experts.topk,0.01024796962738037,60
qwen36,4,4,routing,model.layers.2.mlp.experts.gate,0.01674879590670268,60
qwen36,4,4,routing,model.layers.2.mlp.experts.topk,0.00972800056139628,60
qwen36,4,4,routing,model.layers.20.mlp.experts.gate,0.01722880999247233,60
qwen36,4,4,routing,model.layers.20.mlp.experts.topk,0.009926915168762207,60
qwen36,4,4,routing,model.layers.21.mlp.experts.gate,0.016177622477213542,60
qwen36,4,4,routing,model.layers.21.mlp.experts.topk,0.009829354286193848,60
qwen36,4,4,routing,model.layers.22.mlp.experts.gate,0.01673595905303955,60
qwen36,4,4,routing,model.layers.22.mlp.experts.topk,0.00995786984761556,60
qwen36,4,4,routing,model.layers.23.mlp.experts.gate,0.015334359804789225,60
qwen36,4,4,routing,model.layers.23.mlp.experts.topk,0.009695498148600261,60
qwen36,4,4,routing,model.layers.24.mlp.experts.gate,0.016692288716634116,60
qwen36,4,4,routing,model.layers.24.mlp.experts.topk,0.009877284367879232,60
qwen36,4,4,routing,model.layers.25.mlp.experts.gate,0.01562508742014567,60
qwen36,4,4,routing,model.layers.25.mlp.experts.topk,0.009371161460876465,60
qwen36,4,4,routing,model.layers.26.mlp.experts.gate,0.017232537269592285,60
qwen36,4,4,routing,model.layers.26.mlp.experts.topk,0.010031509399414062,60
qwen36,4,4,routing,model.layers.27.mlp.experts.gate,0.016043758392333983,60
qwen36,4,4,routing,model.layers.27.mlp.experts.topk,0.009851646423339844,60
qwen36,4,4,routing,model.layers.28.mlp.experts.gate,0.015961631139119466,60
qwen36,4,4,routing,model.layers.28.mlp.experts.topk,0.010050773620605469,60
qwen36,4,4,routing,model.layers.29.mlp.experts.gate,0.016764370600382487,60
qwen36,4,4,routing,model.layers.29.mlp.experts.topk,0.009771251678466797,60
qwen36,4,4,routing,model.layers.3.mlp.experts.gate,0.01600054701169332,60
qwen36,4,4,routing,model.layers.3.mlp.experts.topk,0.009996805588404338,60
qwen36,4,4,routing,model.layers.30.mlp.experts.gate,0.016313632329305012,60
qwen36,4,4,routing,model.layers.30.mlp.experts.topk,0.009799432754516602,60
qwen36,4,4,routing,model.layers.31.mlp.experts.gate,0.015969530741373698,60
qwen36,4,4,routing,model.layers.31.mlp.experts.topk,0.010046974817911784,60
qwen36,4,4,routing,model.layers.32.mlp.experts.gate,0.016013383865356445,60
qwen36,4,4,routing,model.layers.32.mlp.experts.topk,0.010010751088460286,60
qwen36,4,4,routing,model.layers.33.mlp.experts.gate,0.016997861862182616,60
qwen36,4,4,routing,model.layers.33.mlp.experts.topk,0.009741783142089844,60
qwen36,4,4,routing,model.layers.34.mlp.experts.gate,0.01661225954691569,60
qwen36,4,4,routing,model.layers.34.mlp.experts.topk,0.009507211049397786,60
qwen36,4,4,routing,model.layers.35.mlp.experts.gate,0.014881722132364909,60
qwen36,4,4,routing,model.layers.35.mlp.experts.topk,0.009907706578572591,60
qwen36,4,4,routing,model.layers.36.mlp.experts.gate,0.01614235242207845,60
qwen36,4,4,routing,model.layers.36.mlp.experts.topk,0.009168068567911783,60
qwen36,4,4,routing,model.layers.37.mlp.experts.gate,0.016019662221272785,60
qwen36,4,4,routing,model.layers.37.mlp.experts.topk,0.009758377075195312,60
qwen36,4,4,routing,model.layers.38.mlp.experts.gate,0.015858221054077148,60
qwen36,4,4,routing,model.layers.38.mlp.experts.topk,0.008267784118652343,60
qwen36,4,4,routing,model.layers.39.mlp.experts.gate,0.014978679021199544,60
qwen36,4,4,routing,model.layers.39.mlp.experts.topk,0.00860584576924642,60
qwen36,4,4,routing,model.layers.4.mlp.experts.gate,0.015838410456975302,60
qwen36,4,4,routing,model.layers.4.mlp.experts.topk,0.00979679028193156,60
qwen36,4,4,routing,model.layers.5.mlp.experts.gate,0.0169615904490153,60
qwen36,4,4,routing,model.layers.5.mlp.experts.topk,0.009984002510706583,60
qwen36,4,4,routing,model.layers.6.mlp.experts.gate,0.017004803816477457,60
qwen36,4,4,routing,model.layers.6.mlp.experts.topk,0.010186123847961425,60
qwen36,4,4,routing,model.layers.7.mlp.experts.gate,0.014933888117472332,60
qwen36,4,4,routing,model.layers.7.mlp.experts.topk,0.0099557360013326,60
qwen36,4,4,routing,model.layers.8.mlp.experts.gate,0.016753617922465006,60
qwen36,4,4,routing,model.layers.8.mlp.experts.topk,0.009766944249471029,60
qwen36,4,4,routing,model.layers.9.mlp.experts.gate,0.01610558827718099,60
qwen36,4,4,routing,model.layers.9.mlp.experts.topk,0.009792002042134602,60
qwen36,4,4,shared,model.layers.0.mlp.experts.shared,0.038743465890487036,60
qwen36,4,4,shared,model.layers.1.mlp.experts.shared,0.03943786174058914,60
qwen36,4,4,shared,model.layers.10.mlp.experts.shared,0.039972297350565594,60
qwen36,4,4,shared,model.layers.11.mlp.experts.shared,0.03894186814626058,60
qwen36,4,4,shared,model.layers.12.mlp.experts.shared,0.03945387999216716,60
qwen36,4,4,shared,model.layers.13.mlp.experts.shared,0.039394680658976236,60
qwen36,4,4,shared,model.layers.14.mlp.experts.shared,0.039495476086934406,60
qwen36,4,4,shared,model.layers.15.mlp.experts.shared,0.03876750469207764,60
qwen36,4,4,shared,model.layers.16.mlp.experts.shared,0.039003698031107585,60
qwen36,4,4,shared,model.layers.17.mlp.experts.shared,0.03956908384958903,60
qwen36,4,4,shared,model.layers.18.mlp.experts.shared,0.039443198839823404,60
qwen36,4,4,shared,model.layers.19.mlp.experts.shared,0.0389237642288208,60
qwen36,4,4,shared,model.layers.2.mlp.experts.shared,0.03967946171760559,60
qwen36,4,4,shared,model.layers.20.mlp.experts.shared,0.03959412574768066,60
qwen36,4,4,shared,model.layers.21.mlp.experts.shared,0.03957601388295492,60
qwen36,4,4,shared,model.layers.22.mlp.experts.shared,0.03948907852172852,60
qwen36,4,4,shared,model.layers.23.mlp.experts.shared,0.03857489426930746,60
qwen36,4,4,shared,model.layers.24.mlp.experts.shared,0.03913226127624512,60
qwen36,4,4,shared,model.layers.25.mlp.experts.shared,0.038955187797546385,60
qwen36,4,4,shared,model.layers.26.mlp.experts.shared,0.040027745564778644,60
qwen36,4,4,shared,model.layers.27.mlp.experts.shared,0.03841972351074219,60
qwen36,4,4,shared,model.layers.28.mlp.experts.shared,0.03917660713195801,60
qwen36,4,4,shared,model.layers.29.mlp.experts.shared,0.039202213287353516,60
qwen36,4,4,shared,model.layers.3.mlp.experts.shared,0.038713598251342775,60
qwen36,4,4,shared,model.layers.30.mlp.experts.shared,0.039641555150349936,60
qwen36,4,4,shared,model.layers.31.mlp.experts.shared,0.038600587844848634,60
qwen36,4,4,shared,model.layers.32.mlp.experts.shared,0.03940372467041016,60
qwen36,4,4,shared,model.layers.33.mlp.experts.shared,0.039254951477050784,60
qwen36,4,4,shared,model.layers.34.mlp.experts.shared,0.03959738413492839,60
qwen36,4,4,shared,model.layers.35.mlp.experts.shared,0.038243707021077475,60
qwen36,4,4,shared,model.layers.36.mlp.experts.shared,0.03798402150472005,60
qwen36,4,4,shared,model.layers.37.mlp.experts.shared,0.038891172409057616,60
qwen36,4,4,shared,model.layers.38.mlp.experts.shared,0.037444782257080075,60
qwen36,4,4,shared,model.layers.39.mlp.experts.shared,0.036326392491658525,60
qwen36,4,4,shared,model.layers.4.mlp.experts.shared,0.03924000263214111,60
qwen36,4,4,shared,model.layers.5.mlp.experts.shared,0.03968586126963298,60
qwen36,4,4,shared,model.layers.6.mlp.experts.shared,0.039702914158503216,60
qwen36,4,4,shared,model.layers.7.mlp.experts.shared,0.03870081106821696,60
qwen36,4,4,shared,model.layers.8.mlp.experts.shared,0.0390618642171224,60
qwen36,4,4,shared,model.layers.9.mlp.experts.shared,0.039445332686106366,60
qwen36,4,8,attention,model.layers.11.self_attn,0.07302186886469524,60
qwen36,4,8,attention,model.layers.15.self_attn,0.07362457116444905,60
qwen36,4,8,attention,model.layers.19.self_attn,0.07335624694824219,60
qwen36,4,8,attention,model.layers.23.self_attn,0.07325067520141601,60
qwen36,4,8,attention,model.layers.27.self_attn,0.07293017705281575,60
qwen36,4,8,attention,model.layers.3.self_attn,0.07320640087127686,60
qwen36,4,8,attention,model.layers.31.self_attn,0.07345487276713053,60
qwen36,4,8,attention,model.layers.35.self_attn,0.07375515302022298,60
qwen36,4,8,attention,model.layers.39.self_attn,0.0729280153910319,60
qwen36,4,8,attention,model.layers.7.self_attn,0.07250078916549682,60
qwen36,4,8,embedding,model.embed_tokens,0.011908799941496302,60
qwen36,4,8,gdn,model.layers.0.linear_attn,0.09924266760547956,60
qwen36,4,8,gdn,model.layers.1.linear_attn,0.08980640172958373,60
qwen36,4,8,gdn,model.layers.10.linear_attn,0.0896223783493042,60
qwen36,4,8,gdn,model.layers.12.linear_attn,0.08989227612813314,60
qwen36,4,8,gdn,model.layers.13.linear_attn,0.08948798179626465,60
qwen36,4,8,gdn,model.layers.14.linear_attn,0.08998133341471354,60
qwen36,4,8,gdn,model.layers.16.linear_attn,0.08948001861572266,60
qwen36,4,8,gdn,model.layers.17.linear_attn,0.08948698043823242,60
qwen36,4,8,gdn,model.layers.18.linear_attn,0.08927250703175862,60
qwen36,4,8,gdn,model.layers.2.linear_attn,0.08972960611184438,60
qwen36,4,8,gdn,model.layers.20.linear_attn,0.08928637504577637,60
qwen36,4,8,gdn,model.layers.21.linear_attn,0.08943307399749756,60
qwen36,4,8,gdn,model.layers.22.linear_attn,0.08920691808064779,60
qwen36,4,8,gdn,model.layers.24.linear_attn,0.08982508977254232,60
qwen36,4,8,gdn,model.layers.25.linear_attn,0.08969009717305501,60
qwen36,4,8,gdn,model.layers.26.linear_attn,0.08945390383402506,60
qwen36,4,8,gdn,model.layers.28.linear_attn,0.08923516273498536,60
qwen36,4,8,gdn,model.layers.29.linear_attn,0.08869544665018718,60
qwen36,4,8,gdn,model.layers.30.linear_attn,0.08876903851826985,60
qwen36,4,8,gdn,model.layers.32.linear_attn,0.08906237284342448,60
qwen36,4,8,gdn,model.layers.33.linear_attn,0.08852799733479817,60
qwen36,4,8,gdn,model.layers.34.linear_attn,0.08984746932983398,60
qwen36,4,8,gdn,model.layers.36.linear_attn,0.08901556332906087,60
qwen36,4,8,gdn,model.layers.37.linear_attn,0.08879942893981933,60
qwen36,4,8,gdn,model.layers.38.linear_attn,0.08866138458251953,60
qwen36,4,8,gdn,model.layers.4.linear_attn,0.09020907084147135,60
qwen36,4,8,gdn,model.layers.5.linear_attn,0.0887034793694814,60
qwen36,4,8,gdn,model.layers.6.linear_attn,0.08975787162780761,60
qwen36,4,8,gdn,model.layers.8.linear_attn,0.08944587310155233,60
qwen36,4,8,gdn,model.layers.9.linear_attn,0.08916373252868652,60
qwen36,4,8,lm_head,compute_logits,0.6133990128835042,60
qwen36,4,8,moe_envelope,model.layers.0.mlp.experts,0.1984938661257426,60
qwen36,4,8,moe_envelope,model.layers.1.mlp.experts,0.1835818648338318,60
qwen36,4,8,moe_envelope,model.layers.10.mlp.experts,0.18240588506062824,60
qwen36,4,8,moe_envelope,model.layers.11.mlp.experts,0.17857757409413655,60
qwen36,4,8,moe_envelope,model.layers.12.mlp.experts,0.18004745642344158,60
qwen36,4,8,moe_envelope,model.layers.13.mlp.experts,0.17804214159647624,60
qwen36,4,8,moe_envelope,model.layers.14.mlp.experts,0.1739845593770345,60
qwen36,4,8,moe_envelope,model.layers.15.mlp.experts,0.16772638161977133,60
qwen36,4,8,moe_envelope,model.layers.16.mlp.experts,0.1744784116744995,60
qwen36,4,8,moe_envelope,model.layers.17.mlp.experts,0.1715322732925415,60
qwen36,4,8,moe_envelope,model.layers.18.mlp.experts,0.17402986685434976,60
qwen36,4,8,moe_envelope,model.layers.19.mlp.experts,0.16687790552775064,60
qwen36,4,8,moe_envelope,model.layers.2.mlp.experts,0.18627574344476064,60
qwen36,4,8,moe_envelope,model.layers.20.mlp.experts,0.1744399627049764,60
qwen36,4,8,moe_envelope,model.layers.21.mlp.experts,0.17232747077941896,60
qwen36,4,8,moe_envelope,model.layers.22.mlp.experts,0.1770730177561442,60
qwen36,4,8,moe_envelope,model.layers.23.mlp.experts,0.17363204956054687,60
qwen36,4,8,moe_envelope,model.layers.24.mlp.experts,0.1800080140431722,60
qwen36,4,8,moe_envelope,model.layers.25.mlp.experts,0.17197074890136718,60
qwen36,4,8,moe_envelope,model.layers.26.mlp.experts,0.17168052991231283,60
qwen36,4,8,moe_envelope,model.layers.27.mlp.experts,0.16646881103515626,60
qwen36,4,8,moe_envelope,model.layers.28.mlp.experts,0.1749552567799886,60
qwen36,4,8,moe_envelope,model.layers.29.mlp.experts,0.1738795280456543,60
qwen36,4,8,moe_envelope,model.layers.3.mlp.experts,0.18362292846043904,60
qwen36,4,8,moe_envelope,model.layers.30.mlp.experts,0.17534343401590982,60
qwen36,4,8,moe_envelope,model.layers.31.mlp.experts,0.1712586561838786,60
qwen36,4,8,moe_envelope,model.layers.32.mlp.experts,0.176483678817749,60
qwen36,4,8,moe_envelope,model.layers.33.mlp.experts,0.17617224057515463,60
qwen36,4,8,moe_envelope,model.layers.34.mlp.experts,0.17494247754414877,60
qwen36,4,8,moe_envelope,model.layers.35.mlp.experts,0.1668826421101888,60
qwen36,4,8,moe_envelope,model.layers.36.mlp.experts,0.16969920794169108,60
qwen36,4,8,moe_envelope,model.layers.37.mlp.experts,0.1737706502278646,60
qwen36,4,8,moe_envelope,model.layers.38.mlp.experts,0.17124319076538086,60
qwen36,4,8,moe_envelope,model.layers.39.mlp.experts,0.1736618995666504,60
qwen36,4,8,moe_envelope,model.layers.4.mlp.experts,0.18186880151430765,60
qwen36,4,8,moe_envelope,model.layers.5.mlp.experts,0.17612266341845195,60
qwen36,4,8,moe_envelope,model.layers.6.mlp.experts,0.17917174498240154,60
qwen36,4,8,moe_envelope,model.layers.7.mlp.experts,0.17141384681065877,60
qwen36,4,8,moe_envelope,model.layers.8.mlp.experts,0.17504799365997314,60
qwen36,4,8,moe_envelope,model.layers.9.mlp.experts,0.17585653463999432,60
qwen36,4,8,norm,model.layers.0.input_layernorm,0.02835626673574249,60
qwen36,4,8,norm,model.layers.0.post_attention_layernorm,0.036238399396340056,60
qwen36,4,8,norm,model.layers.1.input_layernorm,0.03771093388398488,60
qwen36,4,8,norm,model.layers.1.post_attention_layernorm,0.03743199308713277,60
qwen36,4,8,norm,model.layers.10.input_layernorm,0.03779361645380656,60
qwen36,4,8,norm,model.layers.10.post_attention_layernorm,0.037718923886617024,60
qwen36,4,8,norm,model.layers.11.input_layernorm,0.03762024641036987,60
qwen36,4,8,norm,model.layers.11.post_attention_layernorm,0.03783947229385376,60
qwen36,4,8,norm,model.layers.12.input_layernorm,0.037860814730326334,60
qwen36,4,8,norm,model.layers.12.post_attention_layernorm,0.03788534800211588,60
qwen36,4,8,norm,model.layers.13.input_layernorm,0.03746772607167562,60
qwen36,4,8,norm,model.layers.13.post_attention_layernorm,0.03739148775736491,60
qwen36,4,8,norm,model.layers.14.input_layernorm,0.0379877249399821,60
qwen36,4,8,norm,model.layers.14.post_attention_layernorm,0.03830660978953044,60
qwen36,4,8,norm,model.layers.15.input_layernorm,0.03782186508178711,60
qwen36,4,8,norm,model.layers.15.post_attention_layernorm,0.03817175229390462,60
qwen36,4,8,norm,model.layers.16.input_layernorm,0.03743944962819417,60
qwen36,4,8,norm,model.layers.16.post_attention_layernorm,0.03758508364359538,60
qwen36,4,8,norm,model.layers.17.input_layernorm,0.03853546778361003,60
qwen36,4,8,norm,model.layers.17.post_attention_layernorm,0.03769439856211344,60
qwen36,4,8,norm,model.layers.18.input_layernorm,0.03843044439951579,60
qwen36,4,8,norm,model.layers.18.post_attention_layernorm,0.03798881371815999,60
qwen36,4,8,norm,model.layers.19.input_layernorm,0.03873277505238851,60
qwen36,4,8,norm,model.layers.19.post_attention_layernorm,0.03780215581258138,60
qwen36,4,8,norm,model.layers.2.input_layernorm,0.03735466599464417,60
qwen36,4,8,norm,model.layers.2.post_attention_layernorm,0.03747786581516266,60
qwen36,4,8,norm,model.layers.20.input_layernorm,0.037996284166971844,60
qwen36,4,8,norm,model.layers.20.post_attention_layernorm,0.037331247329711915,60
qwen36,4,8,norm,model.layers.21.input_layernorm,0.03787997563680013,60
qwen36,4,8,norm,model.layers.21.post_attention_layernorm,0.037788772583007814,60
qwen36,4,8,norm,model.layers.22.input_layernorm,0.03754452069600423,60
qwen36,4,8,norm,model.layers.22.post_attention_layernorm,0.03816961447397868,60
qwen36,4,8,norm,model.layers.23.input_layernorm,0.0380165179570516,60
qwen36,4,8,norm,model.layers.23.post_attention_layernorm,0.037673107782999676,60
qwen36,4,8,norm,model.layers.24.input_layernorm,0.03738722801208496,60
qwen36,4,8,norm,model.layers.24.post_attention_layernorm,0.03753976821899414,60
qwen36,4,8,norm,model.layers.25.input_layernorm,0.03762887318929036,60
qwen36,4,8,norm,model.layers.25.post_attention_layernorm,0.0377845287322998,60
qwen36,4,8,norm,model.layers.26.input_layernorm,0.03743786811828613,60
qwen36,4,8,norm,model.layers.26.post_attention_layernorm,0.03762763341267904,60
qwen36,4,8,norm,model.layers.27.input_layernorm,0.03753391901652018,60
qwen36,4,8,norm,model.layers.27.post_attention_layernorm,0.037381823857625326,60
qwen36,4,8,norm,model.layers.28.input_layernorm,0.03770453135172526,60
qwen36,4,8,norm,model.layers.28.post_attention_layernorm,0.03746771812438965,60
qwen36,4,8,norm,model.layers.29.input_layernorm,0.037394173940022785,60
qwen36,4,8,norm,model.layers.29.post_attention_layernorm,0.03775157928466797,60
qwen36,4,8,norm,model.layers.3.input_layernorm,0.0375445286432902,60
qwen36,4,8,norm,model.layers.3.post_attention_layernorm,0.03773493965466817,60
qwen36,4,8,norm,model.layers.30.input_layernorm,0.0375707467397054,60
qwen36,4,8,norm,model.layers.30.post_attention_layernorm,0.03755141894022624,60
qwen36,4,8,norm,model.layers.31.input_layernorm,0.03761124610900879,60
qwen36,4,8,norm,model.layers.31.post_attention_layernorm,0.03753762245178223,60
qwen36,4,8,norm,model.layers.32.input_layernorm,0.03735518455505371,60
qwen36,4,8,norm,model.layers.32.post_attention_layernorm,0.03759895960489909,60
qwen36,4,8,norm,model.layers.33.input_layernorm,0.0370880126953125,60
qwen36,4,8,norm,model.layers.33.post_attention_layernorm,0.03726185162862142,60
qwen36,4,8,norm,model.layers.34.input_layernorm,0.03739151954650879,60
qwen36,4,8,norm,model.layers.34.post_attention_layernorm,0.03766617774963379,60
qwen36,4,8,norm,model.layers.35.input_layernorm,0.03747199376424153,60
qwen36,4,8,norm,model.layers.35.post_attention_layernorm,0.03693706194559733,60
qwen36,4,8,norm,model.layers.36.input_layernorm,0.037128019332885745,60
qwen36,4,8,norm,model.layers.36.post_attention_layernorm,0.03694615364074707,60
qwen36,4,8,norm,model.layers.37.input_layernorm,0.03679893811543782,60
qwen36,4,8,norm,model.layers.37.post_attention_layernorm,0.03703632354736328,60
qwen36,4,8,norm,model.layers.38.input_layernorm,0.036532195409139,60
qwen36,4,8,norm,model.layers.38.post_attention_layernorm,0.0367493470509847,60
qwen36,4,8,norm,model.layers.39.input_layernorm,0.036789925893147786,60
qwen36,4,8,norm,model.layers.39.post_attention_layernorm,0.036664549509684244,60
qwen36,4,8,norm,model.layers.4.input_layernorm,0.03805120984713237,60
qwen36,4,8,norm,model.layers.4.post_attention_layernorm,0.03823359211285909,60
qwen36,4,8,norm,model.layers.5.input_layernorm,0.038393604755401614,60
qwen36,4,8,norm,model.layers.5.post_attention_layernorm,0.037870933612187706,60
qwen36,4,8,norm,model.layers.6.input_layernorm,0.03857548634211223,60
qwen36,4,8,norm,model.layers.6.post_attention_layernorm,0.03745494286219279,60
qwen36,4,8,norm,model.layers.7.input_layernorm,0.03673121929168701,60
qwen36,4,8,norm,model.layers.7.post_attention_layernorm,0.03754452069600423,60
qwen36,4,8,norm,model.layers.8.input_layernorm,0.0386538823445638,60
qwen36,4,8,norm,model.layers.8.post_attention_layernorm,0.03846722443898519,60
qwen36,4,8,norm,model.layers.9.input_layernorm,0.037260278065999346,60
qwen36,4,8,norm,model.layers.9.post_attention_layernorm,0.03827039003372192,60
qwen36,4,8,norm,model.norm,0.03507889111836751,60
qwen36,4,8,routed,model.layers.0.mlp.experts,0.15028159817059836,60
qwen36,4,8,routed,model.layers.1.mlp.experts,0.13462453385194142,60
qwen36,4,8,routed,model.layers.10.mlp.experts,0.13164639870325726,60
qwen36,4,8,routed,model.layers.11.mlp.experts,0.1293146769205729,60
qwen36,4,8,routed,model.layers.12.mlp.experts,0.1300069491068522,60
qwen36,4,8,routed,model.layers.13.mlp.experts,0.12895574569702148,60
qwen36,4,8,routed,model.layers.14.mlp.experts,0.12463952700297037,60
qwen36,4,8,routed,model.layers.15.mlp.experts,0.11923840840657553,60
qwen36,4,8,routed,model.layers.16.mlp.experts,0.12563417752583822,60
qwen36,4,8,routed,model.layers.17.mlp.experts,0.12281601428985596,60
qwen36,4,8,routed,model.layers.18.mlp.experts,0.1242570956548055,60
qwen36,4,8,routed,model.layers.19.mlp.experts,0.11799575487772623,60
qwen36,4,8,routed,model.layers.2.mlp.experts,0.1363178610801697,60
qwen36,4,8,routed,model.layers.20.mlp.experts,0.12479572296142578,60
qwen36,4,8,routed,model.layers.21.mlp.experts,0.12388213475545247,60
qwen36,4,8,routed,model.layers.22.mlp.experts,0.12725220521291097,60
qwen36,4,8,routed,model.layers.23.mlp.experts,0.12450520197550456,60
qwen36,4,8,routed,model.layers.24.mlp.experts,0.13057432174682618,60
qwen36,4,8,routed,model.layers.25.mlp.experts,0.12409343719482421,60
qwen36,4,8,routed,model.layers.26.mlp.experts,0.1220080057779948,60
qwen36,4,8,routed,model.layers.27.mlp.experts,0.11845277150472006,60
qwen36,4,8,routed,model.layers.28.mlp.experts,0.1252902348836263,60
qwen36,4,8,routed,model.layers.29.mlp.experts,0.12446455955505371,60
qwen36,4,8,routed,model.layers.3.mlp.experts,0.13451093633969624,60
qwen36,4,8,routed,model.layers.30.mlp.experts,0.12684855461120606,60
qwen36,4,8,routed,model.layers.31.mlp.experts,0.12308478355407715,60
qwen36,4,8,routed,model.layers.32.mlp.experts,0.12613813082377115,60
qwen36,4,8,routed,model.layers.33.mlp.experts,0.12779998779296875,60
qwen36,4,8,routed,model.layers.34.mlp.experts,0.1270069122314453,60
qwen36,4,8,routed,model.layers.35.mlp.experts,0.12047101656595866,60
qwen36,4,8,routed,model.layers.36.mlp.experts,0.12359415690104167,60
qwen36,4,8,routed,model.layers.37.mlp.experts,0.12714985211690266,60
qwen36,4,8,routed,model.layers.38.mlp.experts,0.12686773935953777,60
qwen36,4,8,routed,model.layers.39.mlp.experts,0.13070987065633138,60
qwen36,4,8,routed,model.layers.4.mlp.experts,0.13197440107663472,60
qwen36,4,8,routed,model.layers.5.mlp.experts,0.12666295568148295,60
qwen36,4,8,routed,model.layers.6.mlp.experts,0.12967199484507244,60
qwen36,4,8,routed,model.layers.7.mlp.experts,0.12254718939463298,60
qwen36,4,8,routed,model.layers.8.mlp.experts,0.12556803226470947,60
qwen36,4,8,routed,model.layers.9.mlp.experts,0.1262997547785441,60
qwen36,4,8,routing,model.layers.0.mlp.experts.gate,0.01657173236211141,60
qwen36,4,8,routing,model.layers.0.mlp.experts.topk,0.011749864866336187,60
qwen36,4,8,routing,model.layers.1.mlp.experts.gate,0.016874131560325623,60
qwen36,4,8,routing,model.layers.1.mlp.experts.topk,0.012195200721422831,60
qwen36,4,8,routing,model.layers.10.mlp.experts.gate,0.01705654462178548,60
qwen36,4,8,routing,model.layers.10.mlp.experts.topk,0.012370129426320394,60
qwen36,4,8,routing,model.layers.11.mlp.experts.gate,0.015495979785919189,60
qwen36,4,8,routing,model.layers.11.mlp.experts.topk,0.011980819702148437,60
qwen36,4,8,routing,model.layers.12.mlp.experts.gate,0.017447503407796223,60
qwen36,4,8,routing,model.layers.12.mlp.experts.topk,0.012111449241638183,60
qwen36,4,8,routing,model.layers.13.mlp.experts.gate,0.01616640090942383,60
qwen36,4,8,routing,model.layers.13.mlp.experts.topk,0.012326415379842122,60
qwen36,4,8,routing,model.layers.14.mlp.experts.gate,0.016562676429748534,60
qwen36,4,8,routing,model.layers.14.mlp.experts.topk,0.011798405647277832,60
qwen36,4,8,routing,model.layers.15.mlp.experts.gate,0.015986100832621256,60
qwen36,4,8,routing,model.layers.15.mlp.experts.topk,0.012210639317830403,60
qwen36,4,8,routing,model.layers.16.mlp.experts.gate,0.0156661589940389,60
qwen36,4,8,routing,model.layers.16.mlp.experts.topk,0.011798922220865886,60
qwen36,4,8,routing,model.layers.17.mlp.experts.gate,0.016673533121744792,60
qwen36,4,8,routing,model.layers.17.mlp.experts.topk,0.012173326810201009,60
qwen36,4,8,routing,model.layers.18.mlp.experts.gate,0.016317311922709146,60
qwen36,4,8,routing,model.layers.18.mlp.experts.topk,0.0117904265721639,60
qwen36,4,8,routing,model.layers.19.mlp.experts.gate,0.016135414441426594,60
qwen36,4,8,routing,model.layers.19.mlp.experts.topk,0.01214614709218343,60
qwen36,4,8,routing,model.layers.2.mlp.experts.gate,0.016306665539741517,60
qwen36,4,8,routing,model.layers.2.mlp.experts.topk,0.012220796942710877,60
qwen36,4,8,routing,model.layers.20.mlp.experts.gate,0.01632267634073893,60
qwen36,4,8,routing,model.layers.20.mlp.experts.topk,0.011897571881612142,60
qwen36,4,8,routing,model.layers.21.mlp.experts.gate,0.016469868024190266,60
qwen36,4,8,routing,model.layers.21.mlp.experts.topk,0.012022916475931804,60
qwen36,4,8,routing,model.layers.22.mlp.experts.gate,0.01696905295054118,60
qwen36,4,8,routing,model.layers.22.mlp.experts.topk,0.012171785036722818,60
qwen36,4,8,routing,model.layers.23.mlp.experts.gate,0.015797869364420573,60
qwen36,4,8,routing,model.layers.23.mlp.experts.topk,0.01222991943359375,60
qwen36,4,8,routing,model.layers.24.mlp.experts.gate,0.01703302065531413,60
qwen36,4,8,routing,model.layers.24.mlp.experts.topk,0.011872545878092448,60
qwen36,4,8,routing,model.layers.25.mlp.experts.gate,0.015843756993611655,60
qwen36,4,8,routing,model.layers.25.mlp.experts.topk,0.011575412750244141,60
qwen36,4,8,routing,model.layers.26.mlp.experts.gate,0.016851266225179035,60
qwen36,4,8,routing,model.layers.26.mlp.experts.topk,0.012276220321655273,60
qwen36,4,8,routing,model.layers.27.mlp.experts.gate,0.015204318364461263,60
qwen36,4,8,routing,model.layers.27.mlp.experts.topk,0.011654917399088542,60
qwen36,4,8,routing,model.layers.28.mlp.experts.gate,0.016813898086547853,60
qwen36,4,8,routing,model.layers.28.mlp.experts.topk,0.011983029047648112,60
qwen36,4,8,routing,model.layers.29.mlp.experts.gate,0.016951990127563477,60
qwen36,4,8,routing,model.layers.29.mlp.experts.topk,0.012848663330078124,60
qwen36,4,8,routing,model.layers.3.mlp.experts.gate,0.016340800126393638,60
qwen36,4,8,routing,model.layers.3.mlp.experts.topk,0.012354665994644165,60
qwen36,4,8,routing,model.layers.30.mlp.experts.gate,0.015658203760782877,60
qwen36,4,8,routing,model.layers.30.mlp.experts.topk,0.01149129867553711,60
qwen36,4,8,routing,model.layers.31.mlp.experts.gate,0.016214895248413085,60
qwen36,4,8,routing,model.layers.31.mlp.experts.topk,0.011611334482828776,60
qwen36,4,8,routing,model.layers.32.mlp.experts.gate,0.016580804189046224,60
qwen36,4,8,routing,model.layers.32.mlp.experts.topk,0.01211687723795573,60
qwen36,4,8,routing,model.layers.33.mlp.experts.gate,0.01701383590698242,60
qwen36,4,8,routing,model.layers.33.mlp.experts.topk,0.011831982930501302,60
qwen36,4,8,routing,model.layers.34.mlp.experts.gate,0.016211700439453126,60
qwen36,4,8,routing,model.layers.34.mlp.experts.topk,0.011524279912312826,60
qwen36,4,8,routing,model.layers.35.mlp.experts.gate,0.015599473317464193,60
qwen36,4,8,routing,model.layers.35.mlp.experts.topk,0.011463562647501627,60
qwen36,4,8,routing,model.layers.36.mlp.experts.gate,0.016103458404541016,60
qwen36,4,8,routing,model.layers.36.mlp.experts.topk,0.011304505666097005,60
qwen36,4,8,routing,model.layers.37.mlp.experts.gate,0.015964301427205403,60
qwen36,4,8,routing,model.layers.37.mlp.experts.topk,0.011652263005574544,60
qwen36,4,8,routing,model.layers.38.mlp.experts.gate,0.015668741861979165,60
qwen36,4,8,routing,model.layers.38.mlp.experts.topk,0.010485967000325521,60
qwen36,4,8,routing,model.layers.39.mlp.experts.gate,0.015169620513916016,60
qwen36,4,8,routing,model.layers.39.mlp.experts.topk,0.01091299057006836,60
qwen36,4,8,routing,model.layers.4.mlp.experts.gate,0.01575253208478292,60
qwen36,4,8,routing,model.layers.4.mlp.experts.topk,0.012006932497024536,60
qwen36,4,8,routing,model.layers.5.mlp.experts.gate,0.016918383042017617,60
qwen36,4,8,routing,model.layers.5.mlp.experts.topk,0.012340281407038372,60
qwen36,4,8,routing,model.layers.6.mlp.experts.gate,0.01634078025817871,60
qwen36,4,8,routing,model.layers.6.mlp.experts.topk,0.012053350607554117,60
qwen36,4,8,routing,model.layers.7.mlp.experts.gate,0.015922125180562338,60
qwen36,4,8,routing,model.layers.7.mlp.experts.topk,0.012121073404947917,60
qwen36,4,8,routing,model.layers.8.mlp.experts.gate,0.01690825621287028,60
qwen36,4,8,routing,model.layers.8.mlp.experts.topk,0.011939740180969239,60
qwen36,4,8,routing,model.layers.9.mlp.experts.gate,0.016213870048522948,60
qwen36,4,8,routing,model.layers.9.mlp.experts.topk,0.012218674023946127,60
qwen36,4,8,shared,model.layers.0.mlp.experts.shared,0.03974933301409086,60
qwen36,4,8,shared,model.layers.1.mlp.experts.shared,0.041212801138559976,60
qwen36,4,8,shared,model.layers.10.mlp.experts.shared,0.041248536109924315,60
qwen36,4,8,shared,model.layers.11.mlp.experts.shared,0.04006181955337525,60
qwen36,4,8,shared,model.layers.12.mlp.experts.shared,0.04107410113016764,60
qwen36,4,8,shared,model.layers.13.mlp.experts.shared,0.04089383284250895,60
qwen36,4,8,shared,model.layers.14.mlp.experts.shared,0.04074029922485352,60
qwen36,4,8,shared,model.layers.15.mlp.experts.shared,0.04026666482289632,60
qwen36,4,8,shared,model.layers.16.mlp.experts.shared,0.04033013184865316,60
qwen36,4,8,shared,model.layers.17.mlp.experts.shared,0.04073496659596761,60
qwen36,4,8,shared,model.layers.18.mlp.experts.shared,0.04116104443868001,60
qwen36,4,8,shared,model.layers.19.mlp.experts.shared,0.03946139017740886,60
qwen36,4,8,shared,model.layers.2.mlp.experts.shared,0.04033759931723277,60
qwen36,4,8,shared,model.layers.20.mlp.experts.shared,0.041091211636861164,60
qwen36,4,8,shared,model.layers.21.mlp.experts.shared,0.04062932332356771,60
qwen36,4,8,shared,model.layers.22.mlp.experts.shared,0.04069436391194661,60
qwen36,4,8,shared,model.layers.23.mlp.experts.shared,0.04029709498087565,60
qwen36,4,8,shared,model.layers.24.mlp.experts.shared,0.04049013455708821,60
qwen36,4,8,shared,model.layers.25.mlp.experts.shared,0.04039896329243978,60
qwen36,4,8,shared,model.layers.26.mlp.experts.shared,0.040803686777750654,60
qwen36,4,8,shared,model.layers.27.mlp.experts.shared,0.03940318425496419,60
qwen36,4,8,shared,model.layers.28.mlp.experts.shared,0.040284188588460286,60
qwen36,4,8,shared,model.layers.29.mlp.experts.shared,0.04048484166463216,60
qwen36,4,8,shared,model.layers.3.mlp.experts.shared,0.040004793802897134,60
qwen36,4,8,shared,model.layers.30.mlp.experts.shared,0.03987844785054525,60
qwen36,4,8,shared,model.layers.31.mlp.experts.shared,0.03970929781595866,60
qwen36,4,8,shared,model.layers.32.mlp.experts.shared,0.04082401593526205,60
qwen36,4,8,shared,model.layers.33.mlp.experts.shared,0.0406709353129069,60
qwen36,4,8,shared,model.layers.34.mlp.experts.shared,0.040198961893717446,60
qwen36,4,8,shared,model.layers.35.mlp.experts.shared,0.03942128817240397,60
qwen36,4,8,shared,model.layers.36.mlp.experts.shared,0.039690621693929035,60
qwen36,4,8,shared,model.layers.37.mlp.experts.shared,0.039703019460042316,60
qwen36,4,8,shared,model.layers.38.mlp.experts.shared,0.03845812479654948,60
qwen36,4,8,shared,model.layers.39.mlp.experts.shared,0.03769857088724772,60
qwen36,4,8,shared,model.layers.4.mlp.experts.shared,0.04068160057067871,60
qwen36,4,8,shared,model.layers.5.mlp.experts.shared,0.040864010651906334,60
qwen36,4,8,shared,model.layers.6.mlp.experts.shared,0.04025863409042359,60
qwen36,4,8,shared,model.layers.7.mlp.experts.shared,0.0401605208714803,60
qwen36,4,8,shared,model.layers.8.mlp.experts.shared,0.04062984784444173,60
qwen36,4,8,shared,model.layers.9.mlp.experts.shared,0.041088501612345375,60
qwen36,5,4,attention,model.layers.11.self_attn,0.07358934084574381,60
qwen36,5,4,attention,model.layers.15.self_attn,0.07470937569936116,60
qwen36,5,4,attention,model.layers.19.self_attn,0.07409704526265462,60
qwen36,5,4,attention,model.layers.23.self_attn,0.07436211903889973,60
qwen36,5,4,attention,model.layers.27.self_attn,0.07383418083190918,60
qwen36,5,4,attention,model.layers.3.self_attn,0.07393172979354859,60
qwen36,5,4,attention,model.layers.31.self_attn,0.07406775156656902,60
qwen36,5,4,attention,model.layers.35.self_attn,0.0742197831471761,60
qwen36,5,4,attention,model.layers.39.self_attn,0.07307883898417154,60
qwen36,5,4,attention,model.layers.7.self_attn,0.0735024094581604,60
qwen36,5,4,embedding,model.embed_tokens,0.012333333236165344,60
qwen36,5,4,gdn,model.layers.0.linear_attn,0.10290453347067038,60
qwen36,5,4,gdn,model.layers.1.linear_attn,0.09348906874656678,60
qwen36,5,4,gdn,model.layers.10.linear_attn,0.09405067761739096,60
qwen36,5,4,gdn,model.layers.12.linear_attn,0.09438292185465495,60
qwen36,5,4,gdn,model.layers.13.linear_attn,0.09366350173950196,60
qwen36,5,4,gdn,model.layers.14.linear_attn,0.09385917981465658,60
qwen36,5,4,gdn,model.layers.16.linear_attn,0.09390614032745362,60
qwen36,5,4,gdn,model.layers.17.linear_attn,0.09335308074951172,60
qwen36,5,4,gdn,model.layers.18.linear_attn,0.09331518014272054,60
qwen36,5,4,gdn,model.layers.2.linear_attn,0.09408319393793742,60
qwen36,5,4,gdn,model.layers.20.linear_attn,0.09318505128224691,60
qwen36,5,4,gdn,model.layers.21.linear_attn,0.0930613120396932,60
qwen36,5,4,gdn,model.layers.22.linear_attn,0.09364325205485026,60
qwen36,5,4,gdn,model.layers.24.linear_attn,0.09360639254252116,60
qwen36,5,4,gdn,model.layers.25.linear_attn,0.09369226296742757,60
qwen36,5,4,gdn,model.layers.26.linear_attn,0.09358879725138346,60
qwen36,5,4,gdn,model.layers.28.linear_attn,0.09340484937032063,60
qwen36,5,4,gdn,model.layers.29.linear_attn,0.09255838394165039,60
qwen36,5,4,gdn,model.layers.30.linear_attn,0.0926458994547526,60
qwen36,5,4,gdn,model.layers.32.linear_attn,0.09319834709167481,60
qwen36,5,4,gdn,model.layers.33.linear_attn,0.0928719679514567,60
qwen36,5,4,gdn,model.layers.34.linear_attn,0.09457176526387533,60
qwen36,5,4,gdn,model.layers.36.linear_attn,0.09278661410013835,60
qwen36,5,4,gdn,model.layers.37.linear_attn,0.09276800155639649,60
qwen36,5,4,gdn,model.layers.38.linear_attn,0.09232800801595052,60
qwen36,5,4,gdn,model.layers.4.linear_attn,0.09418453375498453,60
qwen36,5,4,gdn,model.layers.5.linear_attn,0.09284105896949768,60
qwen36,5,4,gdn,model.layers.6.linear_attn,0.09376372694969178,60
qwen36,5,4,gdn,model.layers.8.linear_attn,0.0942469318707784,60
qwen36,5,4,gdn,model.layers.9.linear_attn,0.09320160150527954,60
qwen36,5,4,lm_head,compute_logits,0.6111866156260173,60
qwen36,5,4,moe_envelope,model.layers.0.mlp.experts,0.14805226847529412,60
qwen36,5,4,moe_envelope,model.layers.1.mlp.experts,0.13449920415878297,60
qwen36,5,4,moe_envelope,model.layers.10.mlp.experts,0.1359066645304362,60
qwen36,5,4,moe_envelope,model.layers.11.mlp.experts,0.1326031804084778,60
qwen36,5,4,moe_envelope,model.layers.12.mlp.experts,0.1345301349957784,60
qwen36,5,4,moe_envelope,model.layers.13.mlp.experts,0.13631888230641684,60
qwen36,5,4,moe_envelope,model.layers.14.mlp.experts,0.12901707490285239,60
qwen36,5,4,moe_envelope,model.layers.15.mlp.experts,0.12583199342091878,60
qwen36,5,4,moe_envelope,model.layers.16.mlp.experts,0.13248855272928875,60
qwen36,5,4,moe_envelope,model.layers.17.mlp.experts,0.1286757230758667,60
qwen36,5,4,moe_envelope,model.layers.18.mlp.experts,0.12573227882385254,60
qwen36,5,4,moe_envelope,model.layers.19.mlp.experts,0.12221221923828125,60
qwen36,5,4,moe_envelope,model.layers.2.mlp.experts,0.13918826679388682,60
qwen36,5,4,moe_envelope,model.layers.20.mlp.experts,0.1298181136449178,60
qwen36,5,4,moe_envelope,model.layers.21.mlp.experts,0.1303626537322998,60
qwen36,5,4,moe_envelope,model.layers.22.mlp.experts,0.1334325631459554,60
qwen36,5,4,moe_envelope,model.layers.23.mlp.experts,0.1275701363881429,60
qwen36,5,4,moe_envelope,model.layers.24.mlp.experts,0.13379144668579102,60
qwen36,5,4,moe_envelope,model.layers.25.mlp.experts,0.13163787523905437,60
qwen36,5,4,moe_envelope,model.layers.26.mlp.experts,0.12901919682820637,60
qwen36,5,4,moe_envelope,model.layers.27.mlp.experts,0.12429598172505697,60
qwen36,5,4,moe_envelope,model.layers.28.mlp.experts,0.1302149454752604,60
qwen36,5,4,moe_envelope,model.layers.29.mlp.experts,0.12524315516153972,60
qwen36,5,4,moe_envelope,model.layers.3.mlp.experts,0.1376229405403137,60
qwen36,5,4,moe_envelope,model.layers.30.mlp.experts,0.1283530553181966,60
qwen36,5,4,moe_envelope,model.layers.31.mlp.experts,0.1237418015797933,60
qwen36,5,4,moe_envelope,model.layers.32.mlp.experts,0.1311556339263916,60
qwen36,5,4,moe_envelope,model.layers.33.mlp.experts,0.12903579076131186,60
qwen36,5,4,moe_envelope,model.layers.34.mlp.experts,0.12810872395833334,60
qwen36,5,4,moe_envelope,model.layers.35.mlp.experts,0.12493650118509929,60
qwen36,5,4,moe_envelope,model.layers.36.mlp.experts,0.1317472775777181,60
qwen36,5,4,moe_envelope,model.layers.37.mlp.experts,0.12654353777567545,60
qwen36,5,4,moe_envelope,model.layers.38.mlp.experts,0.12702927589416504,60
qwen36,5,4,moe_envelope,model.layers.39.mlp.experts,0.12594566345214844,60
qwen36,5,4,moe_envelope,model.layers.4.mlp.experts,0.13759040236473083,60
qwen36,5,4,moe_envelope,model.layers.5.mlp.experts,0.1364730676015218,60
qwen36,5,4,moe_envelope,model.layers.6.mlp.experts,0.13340161244074503,60
qwen36,5,4,moe_envelope,model.layers.7.mlp.experts,0.12903199593226114,60
qwen36,5,4,moe_envelope,model.layers.8.mlp.experts,0.129967999458313,60
qwen36,5,4,moe_envelope,model.layers.9.mlp.experts,0.12970826625823975,60
qwen36,5,4,norm,model.layers.0.input_layernorm,0.027833066694438458,60
qwen36,5,4,norm,model.layers.0.post_attention_layernorm,0.03642400056123733,60
qwen36,5,4,norm,model.layers.1.input_layernorm,0.03765439887841542,60
qwen36,5,4,norm,model.layers.1.post_attention_layernorm,0.03807893395423889,60
qwen36,5,4,norm,model.layers.10.input_layernorm,0.037857059637705484,60
qwen36,5,4,norm,model.layers.10.post_attention_layernorm,0.0379136045773824,60
qwen36,5,4,norm,model.layers.11.input_layernorm,0.03834450642267863,60
qwen36,5,4,norm,model.layers.11.post_attention_layernorm,0.03786986271540324,60
qwen36,5,4,norm,model.layers.12.input_layernorm,0.03767733971277873,60
qwen36,5,4,norm,model.layers.12.post_attention_layernorm,0.0379359761873881,60
qwen36,5,4,norm,model.layers.13.input_layernorm,0.037916795412699385,60
qwen36,5,4,norm,model.layers.13.post_attention_layernorm,0.03791359265645345,60
qwen36,5,4,norm,model.layers.14.input_layernorm,0.03841491540273031,60
qwen36,5,4,norm,model.layers.14.post_attention_layernorm,0.03838660717010498,60
qwen36,5,4,norm,model.layers.15.input_layernorm,0.038093852996826175,60
qwen36,5,4,norm,model.layers.15.post_attention_layernorm,0.03799574375152588,60
qwen36,5,4,norm,model.layers.16.input_layernorm,0.037925887107849124,60
qwen36,5,4,norm,model.layers.16.post_attention_layernorm,0.037957350413004555,60
qwen36,5,4,norm,model.layers.17.input_layernorm,0.03798614343007405,60
qwen36,5,4,norm,model.layers.17.post_attention_layernorm,0.03795471986134847,60
qwen36,5,4,norm,model.layers.18.input_layernorm,0.03786349296569824,60
qwen36,5,4,norm,model.layers.18.post_attention_layernorm,0.03789121309916178,60
qwen36,5,4,norm,model.layers.19.input_layernorm,0.03810879389444987,60
qwen36,5,4,norm,model.layers.19.post_attention_layernorm,0.03782076835632324,60
qwen36,5,4,norm,model.layers.2.input_layernorm,0.037983466188112894,60
qwen36,5,4,norm,model.layers.2.post_attention_layernorm,0.03797546724478404,60
qwen36,5,4,norm,model.layers.20.input_layernorm,0.03780693213144938,60
qwen36,5,4,norm,model.layers.20.post_attention_layernorm,0.03780057430267334,60
qwen36,5,4,norm,model.layers.21.input_layernorm,0.0378165324529012,60
qwen36,5,4,norm,model.layers.21.post_attention_layernorm,0.03786296049753825,60
qwen36,5,4,norm,model.layers.22.input_layernorm,0.03779784838358561,60
qwen36,5,4,norm,model.layers.22.post_attention_layernorm,0.0378127654393514,60
qwen36,5,4,norm,model.layers.23.input_layernorm,0.038473041852315266,60
qwen36,5,4,norm,model.layers.23.post_attention_layernorm,0.03783945242563883,60
qwen36,5,4,norm,model.layers.24.input_layernorm,0.0378506342569987,60
qwen36,5,4,norm,model.layers.24.post_attention_layernorm,0.03786823749542236,60
qwen36,5,4,norm,model.layers.25.input_layernorm,0.038155158360799156,60
qwen36,5,4,norm,model.layers.25.post_attention_layernorm,0.03788638114929199,60
qwen36,5,4,norm,model.layers.26.input_layernorm,0.0378171443939209,60
qwen36,5,4,norm,model.layers.26.post_attention_layernorm,0.037823931376139326,60
qwen36,5,4,norm,model.layers.27.input_layernorm,0.038113609949747725,60
qwen36,5,4,norm,model.layers.27.post_attention_layernorm,0.037806463241577146,60
qwen36,5,4,norm,model.layers.28.input_layernorm,0.03780795733133952,60
qwen36,5,4,norm,model.layers.28.post_attention_layernorm,0.03785441716512044,60
qwen36,5,4,norm,model.layers.29.input_layernorm,0.03779255549112956,60
qwen36,5,4,norm,model.layers.29.post_attention_layernorm,0.037859169642130534,60
qwen36,5,4,norm,model.layers.3.input_layernorm,0.03825226426124573,60
qwen36,5,4,norm,model.layers.3.post_attention_layernorm,0.03803732792536418,60
qwen36,5,4,norm,model.layers.30.input_layernorm,0.037856562932332354,60
qwen36,5,4,norm,model.layers.30.post_attention_layernorm,0.037803268432617186,60
qwen36,5,4,norm,model.layers.31.input_layernorm,0.038507668177286784,60
qwen36,5,4,norm,model.layers.31.post_attention_layernorm,0.037871964772542316,60
qwen36,5,4,norm,model.layers.32.input_layernorm,0.03783626556396484,60
qwen36,5,4,norm,model.layers.32.post_attention_layernorm,0.037891197204589847,60
qwen36,5,4,norm,model.layers.33.input_layernorm,0.037805827458699544,60
qwen36,5,4,norm,model.layers.33.post_attention_layernorm,0.03790343602498372,60
qwen36,5,4,norm,model.layers.34.input_layernorm,0.037721141179402666,60
qwen36,5,4,norm,model.layers.34.post_attention_layernorm,0.037798404693603516,60
qwen36,5,4,norm,model.layers.35.input_layernorm,0.038928588231404625,60
qwen36,5,4,norm,model.layers.35.post_attention_layernorm,0.038120571772257486,60
qwen36,5,4,norm,model.layers.36.input_layernorm,0.03744692802429199,60
qwen36,5,4,norm,model.layers.36.post_attention_layernorm,0.0378357728322347,60
qwen36,5,4,norm,model.layers.37.input_layernorm,0.03780903816223145,60
qwen36,5,4,norm,model.layers.37.post_attention_layernorm,0.037779712677001955,60
qwen36,5,4,norm,model.layers.38.input_layernorm,0.037182855606079104,60
qwen36,5,4,norm,model.layers.38.post_attention_layernorm,0.03747844696044922,60
qwen36,5,4,norm,model.layers.39.input_layernorm,0.037797403335571286,60
qwen36,5,4,norm,model.layers.39.post_attention_layernorm,0.037178691228230795,60
qwen36,5,4,norm,model.layers.4.input_layernorm,0.03800372282663981,60
qwen36,5,4,norm,model.layers.4.post_attention_layernorm,0.03794294993082682,60
qwen36,5,4,norm,model.layers.5.input_layernorm,0.038080002864201865,60
qwen36,5,4,norm,model.layers.5.post_attention_layernorm,0.03811893661816915,60
qwen36,5,4,norm,model.layers.6.input_layernorm,0.03797173102696737,60
qwen36,5,4,norm,model.layers.6.post_attention_layernorm,0.03790930112202962,60
qwen36,5,4,norm,model.layers.7.input_layernorm,0.038372790813446044,60
qwen36,5,4,norm,model.layers.7.post_attention_layernorm,0.03792799711227417,60
qwen36,5,4,norm,model.layers.8.input_layernorm,0.03831891616185506,60
qwen36,5,4,norm,model.layers.8.post_attention_layernorm,0.0388197382291158,60
qwen36,5,4,norm,model.layers.9.input_layernorm,0.03789866367975871,60
qwen36,5,4,norm,model.layers.9.post_attention_layernorm,0.037904000282287596,60
qwen36,5,4,norm,model.norm,0.035205841064453125,60
qwen36,5,4,routed,model.layers.0.mlp.experts,0.10175520156820615,60
qwen36,5,4,routed,model.layers.1.mlp.experts,0.08740053176879883,60
qwen36,5,4,routed,model.layers.10.mlp.experts,0.08829066753387452,60
qwen36,5,4,routed,model.layers.11.mlp.experts,0.08531306187311809,60
qwen36,5,4,routed,model.layers.12.mlp.experts,0.08649331331253052,60
qwen36,5,4,routed,model.layers.13.mlp.experts,0.08839570681254069,60
qwen36,5,4,routed,model.layers.14.mlp.experts,0.08116211891174316,60
qwen36,5,4,routed,model.layers.15.mlp.experts,0.07858448028564453,60
qwen36,5,4,routed,model.layers.16.mlp.experts,0.08534825642903646,60
qwen36,5,4,routed,model.layers.17.mlp.experts,0.08093705177307128,60
qwen36,5,4,routed,model.layers.18.mlp.experts,0.07847357590993245,60
qwen36,5,4,routed,model.layers.19.mlp.experts,0.07506132125854492,60
qwen36,5,4,routed,model.layers.2.mlp.experts,0.09236479798952739,60
qwen36,5,4,routed,model.layers.20.mlp.experts,0.08204321066538493,60
qwen36,5,4,routed,model.layers.21.mlp.experts,0.08253334363301595,60
qwen36,5,4,routed,model.layers.22.mlp.experts,0.08635199069976807,60
qwen36,5,4,routed,model.layers.23.mlp.experts,0.08051307996114095,60
qwen36,5,4,routed,model.layers.24.mlp.experts,0.08654719193776449,60
qwen36,5,4,routed,model.layers.25.mlp.experts,0.08447515964508057,60
qwen36,5,4,routed,model.layers.26.mlp.experts,0.08182829221089681,60
qwen36,5,4,routed,model.layers.27.mlp.experts,0.07799261411031087,60
qwen36,5,4,routed,model.layers.28.mlp.experts,0.0824885368347168,60
qwen36,5,4,routed,model.layers.29.mlp.experts,0.07840476036071778,60
qwen36,5,4,routed,model.layers.3.mlp.experts,0.09051146109898885,60
qwen36,5,4,routed,model.layers.30.mlp.experts,0.08182721138000489,60
qwen36,5,4,routed,model.layers.31.mlp.experts,0.07689599990844727,60
qwen36,5,4,routed,model.layers.32.mlp.experts,0.08294986089070638,60
qwen36,5,4,routed,model.layers.33.mlp.experts,0.08197180430094402,60
qwen36,5,4,routed,model.layers.34.mlp.experts,0.08168365160624186,60
qwen36,5,4,routed,model.layers.35.mlp.experts,0.07986404101053873,60
qwen36,5,4,routed,model.layers.36.mlp.experts,0.08731468518575032,60
qwen36,5,4,routed,model.layers.37.mlp.experts,0.08222500483194987,60
qwen36,5,4,routed,model.layers.38.mlp.experts,0.08439842859903972,60
qwen36,5,4,routed,model.layers.39.mlp.experts,0.08439086278279623,60
qwen36,5,4,routed,model.layers.4.mlp.experts,0.08954933881759644,60
qwen36,5,4,routed,model.layers.5.mlp.experts,0.0888757308324178,60
qwen36,5,4,routed,model.layers.6.mlp.experts,0.08572584788004557,60
qwen36,5,4,routed,model.layers.7.mlp.experts,0.08158082564671834,60
qwen36,5,4,routed,model.layers.8.mlp.experts,0.08192853530248007,60
qwen36,5,4,routed,model.layers.9.mlp.experts,0.08210880756378174,60
qwen36,5,4,routing,model.layers.0.mlp.experts.gate,0.017050134142239888,60
qwen36,5,4,routing,model.layers.0.mlp.experts.topk,0.009626667201519012,60
qwen36,5,4,routing,model.layers.1.mlp.experts.gate,0.017170665661493938,60
qwen36,5,4,routing,model.layers.1.mlp.experts.topk,0.009758941332499186,60
qwen36,5,4,routing,model.layers.10.mlp.experts.gate,0.017438932259877523,60
qwen36,5,4,routing,model.layers.10.mlp.experts.topk,0.009710399309794109,60
qwen36,5,4,routing,model.layers.11.mlp.experts.gate,0.01516054073969523,60
qwen36,5,4,routing,model.layers.11.mlp.experts.topk,0.009592541058858236,60
qwen36,5,4,routing,model.layers.12.mlp.experts.gate,0.017587733268737794,60
qwen36,5,4,routing,model.layers.12.mlp.experts.topk,0.009719447294871012,60
qwen36,5,4,routing,model.layers.13.mlp.experts.gate,0.017539151509602866,60
qwen36,5,4,routing,model.layers.13.mlp.experts.topk,0.00976266066233317,60
qwen36,5,4,routing,model.layers.14.mlp.experts.gate,0.016517329216003417,60
qwen36,5,4,routing,model.layers.14.mlp.experts.topk,0.009947752952575684,60
qwen36,5,4,routing,model.layers.15.mlp.experts.gate,0.01642345587412516,60
qwen36,5,4,routing,model.layers.15.mlp.experts.topk,0.009968042373657227,60
qwen36,5,4,routing,model.layers.16.mlp.experts.gate,0.015876277287801107,60
qwen36,5,4,routing,model.layers.16.mlp.experts.topk,0.009206358591715496,60
qwen36,5,4,routing,model.layers.17.mlp.experts.gate,0.017391498883565268,60
qwen36,5,4,routing,model.layers.17.mlp.experts.topk,0.00986185868581136,60
qwen36,5,4,routing,model.layers.18.mlp.experts.gate,0.016010125478108723,60
qwen36,5,4,routing,model.layers.18.mlp.experts.topk,0.009561602274576824,60
qwen36,5,4,routing,model.layers.19.mlp.experts.gate,0.016546130180358887,60
qwen36,5,4,routing,model.layers.19.mlp.experts.topk,0.009732286135355631,60
qwen36,5,4,routing,model.layers.2.mlp.experts.gate,0.01572747031847636,60
qwen36,5,4,routing,model.layers.2.mlp.experts.topk,0.009625065326690673,60
qwen36,5,4,routing,model.layers.20.mlp.experts.gate,0.0171994686126709,60
qwen36,5,4,routing,model.layers.20.mlp.experts.topk,0.009692788124084473,60
qwen36,5,4,routing,model.layers.21.mlp.experts.gate,0.016307703653971353,60
qwen36,5,4,routing,model.layers.21.mlp.experts.topk,0.00995465119679769,60
qwen36,5,4,routing,model.layers.22.mlp.experts.gate,0.017248026529947915,60
qwen36,5,4,routing,model.layers.22.mlp.experts.topk,0.00971678098042806,60
qwen36,5,4,routing,model.layers.23.mlp.experts.gate,0.015030415852864583,60
qwen36,5,4,routing,model.layers.23.mlp.experts.topk,0.009626642862955729,60
qwen36,5,4,routing,model.layers.24.mlp.experts.gate,0.017215466499328612,60
qwen36,5,4,routing,model.layers.24.mlp.experts.topk,0.009436829884847005,60
qwen36,5,4,routing,model.layers.25.mlp.experts.gate,0.01595307985941569,60
qwen36,5,4,routing,model.layers.25.mlp.experts.topk,0.009604779879252116,60
qwen36,5,4,routing,model.layers.26.mlp.experts.gate,0.017545636494954428,60
qwen36,5,4,routing,model.layers.26.mlp.experts.topk,0.009874057769775391,60
qwen36,5,4,routing,model.layers.27.mlp.experts.gate,0.01629336675008138,60
qwen36,5,4,routing,model.layers.27.mlp.experts.topk,0.009498135248819987,60
qwen36,5,4,routing,model.layers.28.mlp.experts.gate,0.015859222412109374,60
qwen36,5,4,routing,model.layers.28.mlp.experts.topk,0.009572283426920573,60
qwen36,5,4,routing,model.layers.29.mlp.experts.gate,0.017217143376668295,60
qwen36,5,4,routing,model.layers.29.mlp.experts.topk,0.009316253662109374,60
qwen36,5,4,routing,model.layers.3.mlp.experts.gate,0.01658987800280253,60
qwen36,5,4,routing,model.layers.3.mlp.experts.topk,0.009662936131159464,60
qwen36,5,4,routing,model.layers.30.mlp.experts.gate,0.015648571650187175,60
qwen36,5,4,routing,model.layers.30.mlp.experts.topk,0.009478441874186198,60
qwen36,5,4,routing,model.layers.31.mlp.experts.gate,0.01655411720275879,60
qwen36,5,4,routing,model.layers.31.mlp.experts.topk,0.009633588790893554,60
qwen36,5,4,routing,model.layers.32.mlp.experts.gate,0.01645552317301432,60
qwen36,5,4,routing,model.layers.32.mlp.experts.topk,0.009646892547607422,60
qwen36,5,4,routing,model.layers.33.mlp.experts.gate,0.017223469416300454,60
qwen36,5,4,routing,model.layers.33.mlp.experts.topk,0.009665616353352864,60
qwen36,5,4,routing,model.layers.34.mlp.experts.gate,0.016838995615641277,60
qwen36,5,4,routing,model.layers.34.mlp.experts.topk,0.009373903274536133,60
qwen36,5,4,routing,model.layers.35.mlp.experts.gate,0.015195322036743165,60
qwen36,5,4,routing,model.layers.35.mlp.experts.topk,0.009517335891723632,60
qwen36,5,4,routing,model.layers.36.mlp.experts.gate,0.016455936431884765,60
qwen36,5,4,routing,model.layers.36.mlp.experts.topk,0.009161663055419923,60
qwen36,5,4,routing,model.layers.37.mlp.experts.gate,0.015984090169270833,60
qwen36,5,4,routing,model.layers.37.mlp.experts.topk,0.009165366490681967,60
qwen36,5,4,routing,model.layers.38.mlp.experts.gate,0.016121053695678712,60
qwen36,5,4,routing,model.layers.38.mlp.experts.topk,0.00841066042582194,60
qwen36,5,4,routing,model.layers.39.mlp.experts.gate,0.014916308720906575,60
qwen36,5,4,routing,model.layers.39.mlp.experts.topk,0.0089599609375,60
qwen36,5,4,routing,model.layers.4.mlp.experts.gate,0.01621172626813253,60
qwen36,5,4,routing,model.layers.4.mlp.experts.topk,0.0095674733320872,60
qwen36,5,4,routing,model.layers.5.mlp.experts.gate,0.017254398266474406,60
qwen36,5,4,routing,model.layers.5.mlp.experts.topk,0.009809066851933798,60
qwen36,5,4,routing,model.layers.6.mlp.experts.gate,0.017644274234771728,60
qwen36,5,4,routing,model.layers.6.mlp.experts.topk,0.01003735065460205,60
qwen36,5,4,routing,model.layers.7.mlp.experts.gate,0.015211729208628337,60
qwen36,5,4,routing,model.layers.7.mlp.experts.topk,0.009727458159128824,60
qwen36,5,4,routing,model.layers.8.mlp.experts.gate,0.017330666383107502,60
qwen36,5,4,routing,model.layers.8.mlp.experts.topk,0.009875730673472086,60
qwen36,5,4,routing,model.layers.9.mlp.experts.gate,0.015889612833658855,60
qwen36,5,4,routing,model.layers.9.mlp.experts.topk,0.009515194098154704,60
qwen36,5,4,shared,model.layers.0.mlp.experts.shared,0.03915146614114443,60
qwen36,5,4,shared,model.layers.1.mlp.experts.shared,0.03981493711471558,60
qwen36,5,4,shared,model.layers.10.mlp.experts.shared,0.040205860137939455,60
qwen36,5,4,shared,model.layers.11.mlp.experts.shared,0.03898718357086182,60
qwen36,5,4,shared,model.layers.12.mlp.experts.shared,0.04010291894276937,60
qwen36,5,4,shared,model.layers.13.mlp.experts.shared,0.04026825428009033,60
qwen36,5,4,shared,model.layers.14.mlp.experts.shared,0.04036266009012858,60
qwen36,5,4,shared,model.layers.15.mlp.experts.shared,0.03908054828643799,60
qwen36,5,4,shared,model.layers.16.mlp.experts.shared,0.03936158816019694,60
qwen36,5,4,shared,model.layers.17.mlp.experts.shared,0.04006349245707194,60
qwen36,5,4,shared,model.layers.18.mlp.experts.shared,0.039663990338643394,60
qwen36,5,4,shared,model.layers.19.mlp.experts.shared,0.03909811973571777,60
qwen36,5,4,shared,model.layers.2.mlp.experts.shared,0.03956426680088043,60
qwen36,5,4,shared,model.layers.20.mlp.experts.shared,0.03971625169118245,60
qwen36,5,4,shared,model.layers.21.mlp.experts.shared,0.039982962608337405,60
qwen36,5,4,shared,model.layers.22.mlp.experts.shared,0.03994189103444417,60
qwen36,5,4,shared,model.layers.23.mlp.experts.shared,0.03886455694834391,60
qwen36,5,4,shared,model.layers.24.mlp.experts.shared,0.039774394035339354,60
qwen36,5,4,shared,model.layers.25.mlp.experts.shared,0.039540767669677734,60
qwen36,5,4,shared,model.layers.26.mlp.experts.shared,0.040197356541951494,60
qwen36,5,4,shared,model.layers.27.mlp.experts.shared,0.038484779993693034,60
qwen36,5,4,shared,model.layers.28.mlp.experts.shared,0.03959461847941081,60
qwen36,5,4,shared,model.layers.29.mlp.experts.shared,0.039377514521280924,60
qwen36,5,4,shared,model.layers.3.mlp.experts.shared,0.03889601031939189,60
qwen36,5,4,shared,model.layers.30.mlp.experts.shared,0.03953062693277995,60
qwen36,5,4,shared,model.layers.31.mlp.experts.shared,0.038676818211873375,60
qwen36,5,4,shared,model.layers.32.mlp.experts.shared,0.04012381235758464,60
qwen36,5,4,shared,model.layers.33.mlp.experts.shared,0.03968318303426107,60
qwen36,5,4,shared,model.layers.34.mlp.experts.shared,0.039473708470662436,60
qwen36,5,4,shared,model.layers.35.mlp.experts.shared,0.038558435440063474,60
qwen36,5,4,shared,model.layers.36.mlp.experts.shared,0.03852849006652832,60
qwen36,5,4,shared,model.layers.37.mlp.experts.shared,0.03885064125061035,60
qwen36,5,4,shared,model.layers.38.mlp.experts.shared,0.03718825976053874,60
qwen36,5,4,shared,model.layers.39.mlp.experts.shared,0.036895402272542316,60
qwen36,5,4,shared,model.layers.4.mlp.experts.shared,0.039886405070622764,60
qwen36,5,4,shared,model.layers.5.mlp.experts.shared,0.0399135947227478,60
qwen36,5,4,shared,model.layers.6.mlp.experts.shared,0.040369049708048506,60
qwen36,5,4,shared,model.layers.7.mlp.experts.shared,0.03899252414703369,60
qwen36,5,4,shared,model.layers.8.mlp.experts.shared,0.04007733662923177,60
qwen36,5,4,shared,model.layers.9.mlp.experts.shared,0.039805344740549725,60
qwen36,5,8,attention,model.layers.11.self_attn,0.0735771099726359,60
qwen36,5,8,attention,model.layers.15.self_attn,0.07428534825642903,60
qwen36,5,8,attention,model.layers.19.self_attn,0.07399943669637045,60
qwen36,5,8,attention,model.layers.23.self_attn,0.07392902374267578,60
qwen36,5,8,attention,model.layers.27.self_attn,0.07372477849324545,60
qwen36,5,8,attention,model.layers.3.self_attn,0.07389280200004578,60
qwen36,5,8,attention,model.layers.31.self_attn,0.07437500953674317,60
qwen36,5,8,attention,model.layers.35.self_attn,0.07465494473775228,60
qwen36,5,8,attention,model.layers.39.self_attn,0.07311404546101888,60
qwen36,5,8,attention,model.layers.7.self_attn,0.07336638768513998,60
qwen36,5,8,embedding,model.embed_tokens,0.012121066579129546,60
qwen36,5,8,gdn,model.layers.0.linear_attn,0.10280959991117318,60
qwen36,5,8,gdn,model.layers.1.linear_attn,0.09342239648103715,60
qwen36,5,8,gdn,model.layers.10.linear_attn,0.09337546428044637,60
qwen36,5,8,gdn,model.layers.12.linear_attn,0.09360373814900716,60
qwen36,5,8,gdn,model.layers.13.linear_attn,0.09370826880137126,60
qwen36,5,8,gdn,model.layers.14.linear_attn,0.09378237724304199,60
qwen36,5,8,gdn,model.layers.16.linear_attn,0.09383683204650879,60
qwen36,5,8,gdn,model.layers.17.linear_attn,0.09349226951599121,60
qwen36,5,8,gdn,model.layers.18.linear_attn,0.09322664737701417,60
qwen36,5,8,gdn,model.layers.2.linear_attn,0.09381173253059387,60
qwen36,5,8,gdn,model.layers.20.linear_attn,0.09363629023234049,60
qwen36,5,8,gdn,model.layers.21.linear_attn,0.09327890078226725,60
qwen36,5,8,gdn,model.layers.22.linear_attn,0.09324258168538412,60
qwen36,5,8,gdn,model.layers.24.linear_attn,0.09349595705668132,60
qwen36,5,8,gdn,model.layers.25.linear_attn,0.09390614827473959,60
qwen36,5,8,gdn,model.layers.26.linear_attn,0.09348541895548503,60
qwen36,5,8,gdn,model.layers.28.linear_attn,0.0935354232788086,60
qwen36,5,8,gdn,model.layers.29.linear_attn,0.0926416556040446,60
qwen36,5,8,gdn,model.layers.30.linear_attn,0.09288694063822428,60
qwen36,5,8,gdn,model.layers.32.linear_attn,0.09295422236124674,60
qwen36,5,8,gdn,model.layers.33.linear_attn,0.09306081136067708,60
qwen36,5,8,gdn,model.layers.34.linear_attn,0.0941845417022705,60
qwen36,5,8,gdn,model.layers.36.linear_attn,0.09315840403238933,60
qwen36,5,8,gdn,model.layers.37.linear_attn,0.0928581714630127,60
qwen36,5,8,gdn,model.layers.38.linear_attn,0.09242876370747884,60
qwen36,5,8,gdn,model.layers.4.linear_attn,0.0934005339940389,60
qwen36,5,8,gdn,model.layers.5.linear_attn,0.09302027622858683,60
qwen36,5,8,gdn,model.layers.6.linear_attn,0.093941330909729,60
qwen36,5,8,gdn,model.layers.8.linear_attn,0.09377386172612508,60
qwen36,5,8,gdn,model.layers.9.linear_attn,0.09328639109929403,60
qwen36,5,8,lm_head,compute_logits,0.6211920579274496,60
qwen36,5,8,moe_envelope,model.layers.0.mlp.experts,0.22771093398332595,60
qwen36,5,8,moe_envelope,model.layers.1.mlp.experts,0.20925333698590595,60
qwen36,5,8,moe_envelope,model.layers.10.mlp.experts,0.20719574292500814,60
qwen36,5,8,moe_envelope,model.layers.11.mlp.experts,0.20319039821624757,60
qwen36,5,8,moe_envelope,model.layers.12.mlp.experts,0.20597439606984455,60
qwen36,5,8,moe_envelope,model.layers.13.mlp.experts,0.20471625328063964,60
qwen36,5,8,moe_envelope,model.layers.14.mlp.experts,0.200816011428833,60
qwen36,5,8,moe_envelope,model.layers.15.mlp.experts,0.1932293176651001,60
qwen36,5,8,moe_envelope,model.layers.16.mlp.experts,0.2015952189763387,60
qwen36,5,8,moe_envelope,model.layers.17.mlp.experts,0.1964335838953654,60
qwen36,5,8,moe_envelope,model.layers.18.mlp.experts,0.20202346642812094,60
qwen36,5,8,moe_envelope,model.layers.19.mlp.experts,0.18994983832041423,60
qwen36,5,8,moe_envelope,model.layers.2.mlp.experts,0.21036159594853718,60
qwen36,5,8,moe_envelope,model.layers.20.mlp.experts,0.200540820757548,60
qwen36,5,8,moe_envelope,model.layers.21.mlp.experts,0.20189708868662518,60
qwen36,5,8,moe_envelope,model.layers.22.mlp.experts,0.20580588976542155,60
qwen36,5,8,moe_envelope,model.layers.23.mlp.experts,0.19902499516805014,60
qwen36,5,8,moe_envelope,model.layers.24.mlp.experts,0.20586039225260416,60
qwen36,5,8,moe_envelope,model.layers.25.mlp.experts,0.1992160161336263,60
qwen36,5,8,moe_envelope,model.layers.26.mlp.experts,0.1986000378926595,60
qwen36,5,8,moe_envelope,model.layers.27.mlp.experts,0.18860743840535482,60
qwen36,5,8,moe_envelope,model.layers.28.mlp.experts,0.20263137817382812,60
qwen36,5,8,moe_envelope,model.layers.29.mlp.experts,0.1965813159942627,60
qwen36,5,8,moe_envelope,model.layers.3.mlp.experts,0.21011147697766622,60
qwen36,5,8,moe_envelope,model.layers.30.mlp.experts,0.20466777483622234,60
qwen36,5,8,moe_envelope,model.layers.31.mlp.experts,0.1954865296681722,60
qwen36,5,8,moe_envelope,model.layers.32.mlp.experts,0.20002562204996746,60
qwen36,5,8,moe_envelope,model.layers.33.mlp.experts,0.20169920921325685,60
qwen36,5,8,moe_envelope,model.layers.34.mlp.experts,0.2003434975941976,60
qwen36,5,8,moe_envelope,model.layers.35.mlp.experts,0.18982559839884441,60
qwen36,5,8,moe_envelope,model.layers.36.mlp.experts,0.19405056635538737,60
qwen36,5,8,moe_envelope,model.layers.37.mlp.experts,0.19855510393778483,60
qwen36,5,8,moe_envelope,model.layers.38.mlp.experts,0.1982634703318278,60
qwen36,5,8,moe_envelope,model.layers.39.mlp.experts,0.20052633285522461,60
qwen36,5,8,moe_envelope,model.layers.4.mlp.experts,0.20950027108192443,60
qwen36,5,8,moe_envelope,model.layers.5.mlp.experts,0.19917813539505005,60
qwen36,5,8,moe_envelope,model.layers.6.mlp.experts,0.20751307805379232,60
qwen36,5,8,moe_envelope,model.layers.7.mlp.experts,0.19639146327972412,60
qwen36,5,8,moe_envelope,model.layers.8.mlp.experts,0.2010991891225179,60
qwen36,5,8,moe_envelope,model.layers.9.mlp.experts,0.20393653710683188,60
qwen36,5,8,norm,model.layers.0.input_layernorm,0.02782719988996784,60
qwen36,5,8,norm,model.layers.0.post_attention_layernorm,0.036397332698106764,60
qwen36,5,8,norm,model.layers.1.input_layernorm,0.03812426577011744,60
qwen36,5,8,norm,model.layers.1.post_attention_layernorm,0.03829599618911743,60
qwen36,5,8,norm,model.layers.10.input_layernorm,0.03783893585205078,60
qwen36,5,8,norm,model.layers.10.post_attention_layernorm,0.038015449047088624,60
qwen36,5,8,norm,model.layers.11.input_layernorm,0.03850724697113037,60
qwen36,5,8,norm,model.layers.11.post_attention_layernorm,0.03821974595387777,60
qwen36,5,8,norm,model.layers.12.input_layernorm,0.037928016980489095,60
qwen36,5,8,norm,model.layers.12.post_attention_layernorm,0.037974913914998375,60
qwen36,5,8,norm,model.layers.13.input_layernorm,0.03778614203135173,60
qwen36,5,8,norm,model.layers.13.post_attention_layernorm,0.03799626032511393,60
qwen36,5,8,norm,model.layers.14.input_layernorm,0.03826505343119303,60
qwen36,5,8,norm,model.layers.14.post_attention_layernorm,0.03828688462575277,60
qwen36,5,8,norm,model.layers.15.input_layernorm,0.038428235054016116,60
qwen36,5,8,norm,model.layers.15.post_attention_layernorm,0.037878918647766116,60
qwen36,5,8,norm,model.layers.16.input_layernorm,0.03743628660837809,60
qwen36,5,8,norm,model.layers.16.post_attention_layernorm,0.038373835881551105,60
qwen36,5,8,norm,model.layers.17.input_layernorm,0.03784319559733073,60
qwen36,5,8,norm,model.layers.17.post_attention_layernorm,0.03794613679250081,60
qwen36,5,8,norm,model.layers.18.input_layernorm,0.03875842094421387,60
qwen36,5,8,norm,model.layers.18.post_attention_layernorm,0.03838190237681071,60
qwen36,5,8,norm,model.layers.19.input_layernorm,0.03866406281789144,60
qwen36,5,8,norm,model.layers.19.post_attention_layernorm,0.03787307739257813,60
qwen36,5,8,norm,model.layers.2.input_layernorm,0.03826399743556976,60
qwen36,5,8,norm,model.layers.2.post_attention_layernorm,0.03841279447078705,60
qwen36,5,8,norm,model.layers.20.input_layernorm,0.03812219301859538,60
qwen36,5,8,norm,model.layers.20.post_attention_layernorm,0.03839735190073649,60
qwen36,5,8,norm,model.layers.21.input_layernorm,0.03808912436167399,60
qwen36,5,8,norm,model.layers.21.post_attention_layernorm,0.038209088643391925,60
qwen36,5,8,norm,model.layers.22.input_layernorm,0.03814401626586914,60
qwen36,5,8,norm,model.layers.22.post_attention_layernorm,0.03850351969401042,60
qwen36,5,8,norm,model.layers.23.input_layernorm,0.038576571146647136,60
qwen36,5,8,norm,model.layers.23.post_attention_layernorm,0.037915341059366864,60
qwen36,5,8,norm,model.layers.24.input_layernorm,0.03796903292338053,60
qwen36,5,8,norm,model.layers.24.post_attention_layernorm,0.038178602854410805,60
qwen36,5,8,norm,model.layers.25.input_layernorm,0.03831578890482585,60
qwen36,5,8,norm,model.layers.25.post_attention_layernorm,0.038350979487101235,60
qwen36,5,8,norm,model.layers.26.input_layernorm,0.038043212890625,60
qwen36,5,8,norm,model.layers.26.post_attention_layernorm,0.03859100341796875,60
qwen36,5,8,norm,model.layers.27.input_layernorm,0.03879939715067546,60
qwen36,5,8,norm,model.layers.27.post_attention_layernorm,0.03820325533548991,60
qwen36,5,8,norm,model.layers.28.input_layernorm,0.038140265146891277,60
qwen36,5,8,norm,model.layers.28.post_attention_layernorm,0.03832705815633138,60
qwen36,5,8,norm,model.layers.29.input_layernorm,0.03808426856994629,60
qwen36,5,8,norm,model.layers.29.post_attention_layernorm,0.03831046422322591,60
qwen36,5,8,norm,model.layers.3.input_layernorm,0.03849919637044271,60
qwen36,5,8,norm,model.layers.3.post_attention_layernorm,0.037938133875528975,60
qwen36,5,8,norm,model.layers.30.input_layernorm,0.038245868682861325,60
qwen36,5,8,norm,model.layers.30.post_attention_layernorm,0.03815191586812337,60
qwen36,5,8,norm,model.layers.31.input_layernorm,0.03885812759399414,60
qwen36,5,8,norm,model.layers.31.post_attention_layernorm,0.03790396054585775,60
qwen36,5,8,norm,model.layers.32.input_layernorm,0.03784152666727702,60
qwen36,5,8,norm,model.layers.32.post_attention_layernorm,0.038325834274291995,60
qwen36,5,8,norm,model.layers.33.input_layernorm,0.03808533350626628,60
qwen36,5,8,norm,model.layers.33.post_attention_layernorm,0.03832372029622396,60
qwen36,5,8,norm,model.layers.34.input_layernorm,0.03845712343851725,60
qwen36,5,8,norm,model.layers.34.post_attention_layernorm,0.038268295923868816,60
qwen36,5,8,norm,model.layers.35.input_layernorm,0.03870139122009277,60
qwen36,5,8,norm,model.layers.35.post_attention_layernorm,0.038010168075561526,60
qwen36,5,8,norm,model.layers.36.input_layernorm,0.037561591466267905,60
qwen36,5,8,norm,model.layers.36.post_attention_layernorm,0.0379398504892985,60
qwen36,5,8,norm,model.layers.37.input_layernorm,0.03798495928446452,60
qwen36,5,8,norm,model.layers.37.post_attention_layernorm,0.03802720705668131,60
qwen36,5,8,norm,model.layers.38.input_layernorm,0.037021271387736004,60
qwen36,5,8,norm,model.layers.38.post_attention_layernorm,0.037640015284220375,60
qwen36,5,8,norm,model.layers.39.input_layernorm,0.03792104721069336,60
qwen36,5,8,norm,model.layers.39.post_attention_layernorm,0.03711307843526204,60
qwen36,5,8,norm,model.layers.4.input_layernorm,0.0382490615049998,60
qwen36,5,8,norm,model.layers.4.post_attention_layernorm,0.038212251663208005,60
qwen36,5,8,norm,model.layers.5.input_layernorm,0.038121604919433595,60
qwen36,5,8,norm,model.layers.5.post_attention_layernorm,0.03812267382939657,60
qwen36,5,8,norm,model.layers.6.input_layernorm,0.03826879660288493,60
qwen36,5,8,norm,model.layers.6.post_attention_layernorm,0.03817920287450154,60
qwen36,5,8,norm,model.layers.7.input_layernorm,0.03874078591664632,60
qwen36,5,8,norm,model.layers.7.post_attention_layernorm,0.03790880441665649,60
qwen36,5,8,norm,model.layers.8.input_layernorm,0.03815573453903198,60
qwen36,5,8,norm,model.layers.8.post_attention_layernorm,0.03818398714065552,60
qwen36,5,8,norm,model.layers.9.input_layernorm,0.03787518342336019,60
qwen36,5,8,norm,model.layers.9.post_attention_layernorm,0.03791892925898234,60
qwen36,5,8,norm,model.norm,0.035293865203857425,60
qwen36,5,8,routed,model.layers.0.mlp.experts,0.17839893301328022,60
qwen36,5,8,routed,model.layers.1.mlp.experts,0.16020159622033436,60
qwen36,5,8,routed,model.layers.10.mlp.experts,0.15713920990626018,60
qwen36,5,8,routed,model.layers.11.mlp.experts,0.1542117436726888,60
qwen36,5,8,routed,model.layers.12.mlp.experts,0.1568970282872518,60
qwen36,5,8,routed,model.layers.13.mlp.experts,0.15510718822479247,60
qwen36,5,8,routed,model.layers.14.mlp.experts,0.15118292172749836,60
qwen36,5,8,routed,model.layers.15.mlp.experts,0.144332218170166,60
qwen36,5,8,routed,model.layers.16.mlp.experts,0.1523797829945882,60
qwen36,5,8,routed,model.layers.17.mlp.experts,0.1474832057952881,60
qwen36,5,8,routed,model.layers.18.mlp.experts,0.15231897830963134,60
qwen36,5,8,routed,model.layers.19.mlp.experts,0.14196217854817708,60
qwen36,5,8,routed,model.layers.2.mlp.experts,0.1601440022389094,60
qwen36,5,8,routed,model.layers.20.mlp.experts,0.15074028174082438,60
qwen36,5,8,routed,model.layers.21.mlp.experts,0.15236167907714843,60
qwen36,5,8,routed,model.layers.22.mlp.experts,0.1560470740000407,60
qwen36,5,8,routed,model.layers.23.mlp.experts,0.15020850499471028,60
qwen36,5,8,routed,model.layers.24.mlp.experts,0.15610404014587403,60
qwen36,5,8,routed,model.layers.25.mlp.experts,0.15015044212341308,60
qwen36,5,8,routed,model.layers.26.mlp.experts,0.1481146176656087,60
qwen36,5,8,routed,model.layers.27.mlp.experts,0.14048686027526855,60
qwen36,5,8,routed,model.layers.28.mlp.experts,0.1525380770365397,60
qwen36,5,8,routed,model.layers.29.mlp.experts,0.14675461451212565,60
qwen36,5,8,routed,model.layers.3.mlp.experts,0.16117973128954569,60
qwen36,5,8,routed,model.layers.30.mlp.experts,0.1542021592458089,60
qwen36,5,8,routed,model.layers.31.mlp.experts,0.14680477778116863,60
qwen36,5,8,routed,model.layers.32.mlp.experts,0.14990776379903156,60
qwen36,5,8,routed,model.layers.33.mlp.experts,0.15312320391337078,60
qwen36,5,8,routed,model.layers.34.mlp.experts,0.15190558433532714,60
qwen36,5,8,routed,model.layers.35.mlp.experts,0.14276318550109862,60
qwen36,5,8,routed,model.layers.36.mlp.experts,0.14751790364583334,60
qwen36,5,8,routed,model.layers.37.mlp.experts,0.15191898345947266,60
qwen36,5,8,routed,model.layers.38.mlp.experts,0.15377758344014486,60
qwen36,5,8,routed,model.layers.39.mlp.experts,0.15729022026062012,60
qwen36,5,8,routed,model.layers.4.mlp.experts,0.1593333343664805,60
qwen36,5,8,routed,model.layers.5.mlp.experts,0.14997652371724446,60
qwen36,5,8,routed,model.layers.6.mlp.experts,0.15781655311584472,60
qwen36,5,8,routed,model.layers.7.mlp.experts,0.1474069356918335,60
qwen36,5,8,routed,model.layers.8.mlp.experts,0.15083145300547282,60
qwen36,5,8,routed,model.layers.9.mlp.experts,0.15477705796559652,60
qwen36,5,8,routing,model.layers.0.mlp.experts.gate,0.01699359863996506,60
qwen36,5,8,routing,model.layers.0.mlp.experts.topk,0.011582934359709422,60
qwen36,5,8,routing,model.layers.1.mlp.experts.gate,0.017180796464284262,60
qwen36,5,8,routing,model.layers.1.mlp.experts.topk,0.011799465616544087,60
qwen36,5,8,routing,model.layers.10.mlp.experts.gate,0.017428274949391684,60
qwen36,5,8,routing,model.layers.10.mlp.experts.topk,0.011516817410786946,60
qwen36,5,8,routing,model.layers.11.mlp.experts.gate,0.015490126609802247,60
qwen36,5,8,routing,model.layers.11.mlp.experts.topk,0.011436239878336588,60
qwen36,5,8,routing,model.layers.12.mlp.experts.gate,0.017070960998535157,60
qwen36,5,8,routing,model.layers.12.mlp.experts.topk,0.011246403058369955,60
qwen36,5,8,routing,model.layers.13.mlp.experts.gate,0.015944520632425945,60
qwen36,5,8,routing,model.layers.13.mlp.experts.topk,0.01218243439992269,60
qwen36,5,8,routing,model.layers.14.mlp.experts.gate,0.017235247294108073,60
qwen36,5,8,routing,model.layers.14.mlp.experts.topk,0.011479457219441732,60
qwen36,5,8,routing,model.layers.15.mlp.experts.gate,0.016460259755452473,60
qwen36,5,8,routing,model.layers.15.mlp.experts.topk,0.011708243687947591,60
qwen36,5,8,routing,model.layers.16.mlp.experts.gate,0.015598416328430176,60
qwen36,5,8,routing,model.layers.16.mlp.experts.topk,0.011331709225972493,60
qwen36,5,8,routing,model.layers.17.mlp.experts.gate,0.01707308292388916,60
qwen36,5,8,routing,model.layers.17.mlp.experts.topk,0.011820809046427409,60
qwen36,5,8,routing,model.layers.18.mlp.experts.gate,0.016033593813578287,60
qwen36,5,8,routing,model.layers.18.mlp.experts.topk,0.011540778477986654,60
qwen36,5,8,routing,model.layers.19.mlp.experts.gate,0.016104507446289062,60
qwen36,5,8,routing,model.layers.19.mlp.experts.topk,0.011608004570007324,60
qwen36,5,8,routing,model.layers.2.mlp.experts.gate,0.01595945656299591,60
qwen36,5,8,routing,model.layers.2.mlp.experts.topk,0.011723188559214275,60
qwen36,5,8,routing,model.layers.20.mlp.experts.gate,0.016024565696716307,60
qwen36,5,8,routing,model.layers.20.mlp.experts.topk,0.011757858594258626,60
qwen36,5,8,routing,model.layers.21.mlp.experts.gate,0.017385562260945637,60
qwen36,5,8,routing,model.layers.21.mlp.experts.topk,0.011617040634155274,60
qwen36,5,8,routing,model.layers.22.mlp.experts.gate,0.01713713010152181,60
qwen36,5,8,routing,model.layers.22.mlp.experts.topk,0.011604245503743489,60
qwen36,5,8,routing,model.layers.23.mlp.experts.gate,0.015238380432128907,60
qwen36,5,8,routing,model.layers.23.mlp.experts.topk,0.011723725001017253,60
qwen36,5,8,routing,model.layers.24.mlp.experts.gate,0.017306105295817057,60
qwen36,5,8,routing,model.layers.24.mlp.experts.topk,0.011743466059366861,60
qwen36,5,8,routing,model.layers.25.mlp.experts.gate,0.016127379735310872,60
qwen36,5,8,routing,model.layers.25.mlp.experts.topk,0.011644188563028972,60
qwen36,5,8,routing,model.layers.26.mlp.experts.gate,0.01765438715616862,60
qwen36,5,8,routing,model.layers.26.mlp.experts.topk,0.011706129709879557,60
qwen36,5,8,routing,model.layers.27.mlp.experts.gate,0.015189886093139648,60
qwen36,5,8,routing,model.layers.27.mlp.experts.topk,0.011435174942016601,60
qwen36,5,8,routing,model.layers.28.mlp.experts.gate,0.017536481221516926,60
qwen36,5,8,routing,model.layers.28.mlp.experts.topk,0.011672115325927735,60
qwen36,5,8,routing,model.layers.29.mlp.experts.gate,0.017586183547973634,60
qwen36,5,8,routing,model.layers.29.mlp.experts.topk,0.011934312184651692,60
qwen36,5,8,routing,model.layers.3.mlp.experts.gate,0.01622187296549479,60
qwen36,5,8,routing,model.layers.3.mlp.experts.topk,0.011899187167485555,60
qwen36,5,8,routing,model.layers.30.mlp.experts.gate,0.01635568936665853,60
qwen36,5,8,routing,model.layers.30.mlp.experts.topk,0.011853837966918945,60
qwen36,5,8,routing,model.layers.31.mlp.experts.gate,0.016551510492960612,60
qwen36,5,8,routing,model.layers.31.mlp.experts.topk,0.011717383066813152,60
qwen36,5,8,routing,model.layers.32.mlp.experts.gate,0.01625056266784668,60
qwen36,5,8,routing,model.layers.32.mlp.experts.topk,0.011722596486409505,60
qwen36,5,8,routing,model.layers.33.mlp.experts.gate,0.017432546615600585,60
qwen36,5,8,routing,model.layers.33.mlp.experts.topk,0.01130506197611491,60
qwen36,5,8,routing,model.layers.34.mlp.experts.gate,0.01623675028483073,60
qwen36,5,8,routing,model.layers.34.mlp.experts.topk,0.011590989430745442,60
qwen36,5,8,routing,model.layers.35.mlp.experts.gate,0.015932242075602215,60
qwen36,5,8,routing,model.layers.35.mlp.experts.topk,0.011240005493164062,60
qwen36,5,8,routing,model.layers.36.mlp.experts.gate,0.01650083859761556,60
qwen36,5,8,routing,model.layers.36.mlp.experts.topk,0.011013348897298178,60
qwen36,5,8,routing,model.layers.37.mlp.experts.gate,0.01621076265970866,60
qwen36,5,8,routing,model.layers.37.mlp.experts.topk,0.011193577448527019,60
qwen36,5,8,routing,model.layers.38.mlp.experts.gate,0.016088008880615234,60
qwen36,5,8,routing,model.layers.38.mlp.experts.topk,0.010142358144124348,60
qwen36,5,8,routing,model.layers.39.mlp.experts.gate,0.015125306447347005,60
qwen36,5,8,routing,model.layers.39.mlp.experts.topk,0.010780843098958333,60
qwen36,5,8,routing,model.layers.4.mlp.experts.gate,0.01560053825378418,60
qwen36,5,8,routing,model.layers.4.mlp.experts.topk,0.011762140194574992,60
qwen36,5,8,routing,model.layers.5.mlp.experts.gate,0.01718133290608724,60
qwen36,5,8,routing,model.layers.5.mlp.experts.topk,0.011793069044748942,60
qwen36,5,8,routing,model.layers.6.mlp.experts.gate,0.016179207960764566,60
qwen36,5,8,routing,model.layers.6.mlp.experts.topk,0.011331709225972493,60
qwen36,5,8,routing,model.layers.7.mlp.experts.gate,0.01618187427520752,60
qwen36,5,8,routing,model.layers.7.mlp.experts.topk,0.011747153600056966,60
qwen36,5,8,routing,model.layers.8.mlp.experts.gate,0.017524274190266927,60
qwen36,5,8,routing,model.layers.8.mlp.experts.topk,0.011984030405680338,60
qwen36,5,8,routing,model.layers.9.mlp.experts.gate,0.0156906525293986,60
qwen36,5,8,routing,model.layers.9.mlp.experts.topk,0.011855987707773845,60
qwen36,5,8,shared,model.layers.0.mlp.experts.shared,0.040910400450229645,60
qwen36,5,8,shared,model.layers.1.mlp.experts.shared,0.041533869504928586,60
qwen36,5,8,shared,model.layers.10.mlp.experts.shared,0.04139413436253866,60
qwen36,5,8,shared,model.layers.11.mlp.experts.shared,0.040684231122334796,60
qwen36,5,8,shared,model.layers.12.mlp.experts.shared,0.04088209470113118,60
qwen36,5,8,shared,model.layers.13.mlp.experts.shared,0.04186610380808512,60
qwen36,5,8,shared,model.layers.14.mlp.experts.shared,0.04111200173695882,60
qwen36,5,8,shared,model.layers.15.mlp.experts.shared,0.040114124615987144,60
qwen36,5,8,shared,model.layers.16.mlp.experts.shared,0.040429329872131346,60
qwen36,5,8,shared,model.layers.17.mlp.experts.shared,0.041525840759277344,60
qwen36,5,8,shared,model.layers.18.mlp.experts.shared,0.04142186641693115,60
qwen36,5,8,shared,model.layers.19.mlp.experts.shared,0.04007948239644368,60
qwen36,5,8,shared,model.layers.2.mlp.experts.shared,0.04120480914910634,60
qwen36,5,8,shared,model.layers.20.mlp.experts.shared,0.041399478912353516,60
qwen36,5,8,shared,model.layers.21.mlp.experts.shared,0.041747117042541505,60
qwen36,5,8,shared,model.layers.22.mlp.experts.shared,0.04119474093119303,60
qwen36,5,8,shared,model.layers.23.mlp.experts.shared,0.04034927686055501,60
qwen36,5,8,shared,model.layers.24.mlp.experts.shared,0.04117220242818197,60
qwen36,5,8,shared,model.layers.25.mlp.experts.shared,0.04136964480082194,60
qwen36,5,8,shared,model.layers.26.mlp.experts.shared,0.04132803281148275,60
qwen36,5,8,shared,model.layers.27.mlp.experts.shared,0.04005589485168457,60
qwen36,5,8,shared,model.layers.28.mlp.experts.shared,0.04123091697692871,60
qwen36,5,8,shared,model.layers.29.mlp.experts.shared,0.0413636843363444,60
qwen36,5,8,shared,model.layers.3.mlp.experts.shared,0.04067413608233134,60
qwen36,5,8,shared,model.layers.30.mlp.experts.shared,0.041509326299031576,60
qwen36,5,8,shared,model.layers.31.mlp.experts.shared,0.040529028574625654,60
qwen36,5,8,shared,model.layers.32.mlp.experts.shared,0.04160105387369792,60
qwen36,5,8,shared,model.layers.33.mlp.experts.shared,0.041115792592366536,60
qwen36,5,8,shared,model.layers.34.mlp.experts.shared,0.04105234146118164,60
qwen36,5,8,shared,model.layers.35.mlp.experts.shared,0.039976612726847334,60
qwen36,5,8,shared,model.layers.36.mlp.experts.shared,0.03972625732421875,60
qwen36,5,8,shared,model.layers.37.mlp.experts.shared,0.04077227910359701,60
qwen36,5,8,shared,model.layers.38.mlp.experts.shared,0.03860643704732259,60
qwen36,5,8,shared,model.layers.39.mlp.experts.shared,0.03829925855000814,60
qwen36,5,8,shared,model.layers.4.mlp.experts.shared,0.041252273321151736,60
qwen36,5,8,shared,model.layers.5.mlp.experts.shared,0.04144267638524373,60
qwen36,5,8,shared,model.layers.6.mlp.experts.shared,0.04105970859527588,60
qwen36,5,8,shared,model.layers.7.mlp.experts.shared,0.04071464538574219,60
qwen36,5,8,shared,model.layers.8.mlp.experts.shared,0.04083735148111979,60
qwen36,5,8,shared,model.layers.9.mlp.experts.shared,0.04114452997843424,60
