timestamp, index, temperature.gpu, power.draw [W], clocks.current.sm [MHz], clocks.current.memory [MHz], utilization.gpu [%], memory.used [MiB]
2026/09/14 09:17:15.794, 0, 59, 54.04 W, 210 MHz, 1512 MHz, 0 %, 4 MiB
2026/09/14 09:17:15.796, 1, 46, 48.52 W, 210 MHz, 1512 MHz, 0 %, 4 MiB
2026/09/14 09:17:20.799, 0, 58, 53.94 W, 210 MHz, 1512 MHz, 0 %, 4 MiB
2026/09/14 09:17:20.799, 1, 47, 71.58 W, 1410 MHz, 1512 MHz, 9 %, 67325 MiB
2026/09/14 09:17:25.799, 0, 58, 53.83 W, 1410 MHz, 1512 MHz, 0 %, 21 MiB
2026/09/14 09:17:25.801, 1, 47, 71.98 W, 1410 MHz, 1512 MHz, 17 %, 67325 MiB
2026/09/14 09:17:30.802, 0, 59, 82.84 W, 1410 MHz, 1512 MHz, 5 %, 67325 MiB
2026/09/14 09:17:30.802, 1, 48, 72.36 W, 1410 MHz, 1512 MHz, 16 %, 67325 MiB
2026/09/14 09:17:35.803, 0, 59, 82.66 W, 1410 MHz, 1512 MHz, 13 %, 67325 MiB
2026/09/14 09:17:35.803, 1, 48, 72.73 W, 1410 MHz, 1512 MHz, 13 %, 67325 MiB
2026/09/14 09:17:40.803, 0, 59, 82.06 W, 1410 MHz, 1512 MHz, 10 %, 67325 MiB
2026/09/14 09:17:40.804, 1, 48, 71.88 W, 1410 MHz, 1512 MHz, 0 %, 66793 MiB
2026/09/14 09:17:45.804, 0, 60, 83.71 W, 1410 MHz, 1512 MHz, 0 %, 66793 MiB
2026/09/14 09:17:45.804, 1, 49, 73.53 W, 1410 MHz, 1512 MHz, 12 %, 67819 MiB
2026/09/14 09:17:50.805, 0, 60, 82.44 W, 1410 MHz, 1512 MHz, 0 %, 66793 MiB
2026/09/14 09:17:50.805, 1, 50, 228.25 W, 1410 MHz, 1512 MHz, 33 %, 67819 MiB
2026/09/14 09:17:55.806, 0, 60, 82.36 W, 1410 MHz, 1512 MHz, 0 %, 67819 MiB
2026/09/14 09:17:55.806, 1, 50, 72.85 W, 1410 MHz, 1512 MHz, 0 %, 67819 MiB
2026/09/14 09:18:00.806, 0, 60, 82.37 W, 1410 MHz, 1512 MHz, 0 %, 67819 MiB
2026/09/14 09:18:00.807, 1, 50, 72.93 W, 1410 MHz, 1512 MHz, 0 %, 67819 MiB
2026/09/14 09:18:05.807, 0, 60, 83.15 W, 1410 MHz, 1512 MHz, 0 %, 67819 MiB
2026/09/14 09:18:05.807, 1, 50, 73.15 W, 1410 MHz, 1512 MHz, 0 %, 67821 MiB
2026/09/14 09:18:10.808, 0, 60, 82.46 W, 1410 MHz, 1512 MHz, 0 %, 67821 MiB
2026/09/14 09:18:10.808, 1, 50, 73.65 W, 1410 MHz, 1512 MHz, 0 %, 67821 MiB
2026/09/14 09:18:15.808, 0, 61, 82.46 W, 1410 MHz, 1512 MHz, 0 %, 67821 MiB
2026/09/14 09:18:15.809, 1, 51, 74.01 W, 1410 MHz, 1512 MHz, 13 %, 67841 MiB
2026/09/14 09:18:20.809, 0, 61, 82.74 W, 1410 MHz, 1512 MHz, 0 %, 67839 MiB
2026/09/14 09:18:20.809, 1, 51, 74.60 W, 1410 MHz, 1512 MHz, 50 %, 67841 MiB
2026/09/14 09:18:25.810, 0, 61, 83.80 W, 1410 MHz, 1512 MHz, 24 %, 67841 MiB
2026/09/14 09:18:25.810, 1, 52, 76.15 W, 1410 MHz, 1512 MHz, 52 %, 67841 MiB
2026/09/14 09:18:30.811, 0, 62, 84.29 W, 1410 MHz, 1512 MHz, 52 %, 67841 MiB
2026/09/14 09:18:30.811, 1, 52, 74.31 W, 1410 MHz, 1512 MHz, 0 %, 67841 MiB
2026/09/14 09:18:35.811, 0, 62, 84.49 W, 1410 MHz, 1512 MHz, 51 %, 67841 MiB
2026/09/14 09:18:35.811, 1, 53, 181.36 W, 1410 MHz, 1512 MHz, 45 %, 67841 MiB
2026/09/14 09:18:40.812, 0, 62, 83.90 W, 1410 MHz, 1512 MHz, 0 %, 67841 MiB
2026/09/14 09:18:40.812, 1, 53, 75.19 W, 1410 MHz, 1512 MHz, 48 %, 67841 MiB
2026/09/14 09:18:45.813, 0, 62, 85.47 W, 1410 MHz, 1512 MHz, 0 %, 67841 MiB
2026/09/14 09:18:45.813, 1, 53, 75.46 W, 1410 MHz, 1512 MHz, 0 %, 67843 MiB
2026/09/14 09:18:50.813, 0, 63, 84.79 W, 1410 MHz, 1512 MHz, 0 %, 67841 MiB
2026/09/14 09:18:50.813, 1, 53, 75.07 W, 1410 MHz, 1512 MHz, 0 %, 67843 MiB
2026/09/14 09:18:55.814, 0, 63, 85.96 W, 1410 MHz, 1512 MHz, 0 %, 67843 MiB
2026/09/14 09:18:55.814, 1, 53, 75.57 W, 1410 MHz, 1512 MHz, 51 %, 67843 MiB
2026/09/14 09:19:00.815, 0, 63, 86.63 W, 1410 MHz, 1512 MHz, 0 %, 67843 MiB
2026/09/14 09:19:00.815, 1, 54, 85.74 W, 1410 MHz, 1512 MHz, 15 %, 67843 MiB
2026/09/14 09:19:05.815, 0, 63, 86.17 W, 1410 MHz, 1512 MHz, 0 %, 67843 MiB
2026/09/14 09:19:05.816, 1, 54, 76.06 W, 1410 MHz, 1512 MHz, 0 %, 67843 MiB
2026/09/14 09:19:10.816, 0, 63, 85.68 W, 1410 MHz, 1512 MHz, 0 %, 67843 MiB
2026/09/14 09:19:10.816, 1, 54, 75.86 W, 1410 MHz, 1512 MHz, 0 %, 67843 MiB
2026/09/14 09:19:15.817, 0, 63, 86.06 W, 1410 MHz, 1512 MHz, 26 %, 67843 MiB
2026/09/14 09:19:15.817, 1, 54, 77.33 W, 1410 MHz, 1512 MHz, 52 %, 67845 MiB
2026/09/14 09:19:20.817, 0, 63, 86.27 W, 1410 MHz, 1512 MHz, 0 %, 67843 MiB
2026/09/14 09:19:20.817, 1, 54, 90.52 W, 1410 MHz, 1512 MHz, 41 %, 67845 MiB
2026/09/14 09:19:25.818, 0, 64, 126.59 W, 1410 MHz, 1512 MHz, 0 %, 67845 MiB
2026/09/14 09:19:25.818, 1, 54, 76.55 W, 1410 MHz, 1512 MHz, 0 %, 67845 MiB
2026/09/14 09:19:30.819, 0, 63, 86.26 W, 1410 MHz, 1512 MHz, 0 %, 67845 MiB
2026/09/14 09:19:30.819, 1, 54, 77.22 W, 1410 MHz, 1512 MHz, 38 %, 67845 MiB
2026/09/14 09:19:35.819, 0, 65, 155.91 W, 1410 MHz, 1512 MHz, 0 %, 67845 MiB
2026/09/14 09:19:35.820, 1, 54, 76.93 W, 1410 MHz, 1512 MHz, 0 %, 67841 MiB
2026/09/14 09:19:40.820, 0, 64, 87.05 W, 1410 MHz, 1512 MHz, 52 %, 67845 MiB
2026/09/14 09:19:40.820, 1, 55, 78.33 W, 1410 MHz, 1512 MHz, 0 %, 67785 MiB
2026/09/14 09:19:45.821, 0, 66, 207.60 W, 1410 MHz, 1512 MHz, 63 %, 67785 MiB
2026/09/14 09:19:45.821, 1, 55, 77.53 W, 1410 MHz, 1512 MHz, 0 %, 67785 MiB
2026/09/14 09:19:50.821, 0, 64, 87.75 W, 1410 MHz, 1512 MHz, 0 %, 74949 MiB
2026/09/14 09:19:50.822, 1, 55, 77.63 W, 1410 MHz, 1512 MHz, 0 %, 74945 MiB
2026/09/14 09:19:55.822, 0, 64, 88.86 W, 1410 MHz, 1512 MHz, 0 %, 75015 MiB
2026/09/14 09:19:55.822, 1, 55, 90.71 W, 1410 MHz, 1512 MHz, 3 %, 75077 MiB
2026/09/14 09:20:00.823, 0, 64, 90.93 W, 1410 MHz, 1512 MHz, 100 %, 4 MiB
2026/09/14 09:20:00.823, 1, 55, 81.26 W, 1410 MHz, 1512 MHz, 100 %, 4 MiB
2026/09/14 09:20:05.823, 0, 63, 57.07 W, 210 MHz, 1512 MHz, 0 %, 0 MiB
2026/09/14 09:20:05.824, 1, 54, 51.77 W, 210 MHz, 1512 MHz, 0 %, 0 MiB
2026/09/14 09:20:10.824, 0, 63, 56.68 W, 210 MHz, 1512 MHz, 0 %, 0 MiB
2026/09/14 09:20:10.825, 1, 54, 51.57 W, 210 MHz, 1512 MHz, 0 %, 0 MiB
2026/09/14 09:20:15.825, 0, 63, 56.47 W, 210 MHz, 1512 MHz, 0 %, 0 MiB
2026/09/14 09:20:15.825, 1, 54, 51.56 W, 210 MHz, 1512 MHz, 0 %, 0 MiB
2026/09/14 09:20:20.826, 0, 62, 56.18 W, 210 MHz, 1512 MHz, 0 %, 0 MiB
2026/09/14 09:20:20.826, 1, 53, 51.37 W, 210 MHz, 1512 MHz, 0 %, 0 MiB
2026/09/14 09:20:25.826, 0, 62, 56.08 W, 210 MHz, 1512 MHz, 0 %, 0 MiB
2026/09/14 09:20:25.827, 1, 53, 51.18 W, 210 MHz, 1512 MHz, 0 %, 0 MiB
2026/09/14 09:20:30.827, 0, 62, 55.89 W, 210 MHz, 1512 MHz, 0 %, 0 MiB
2026/09/14 09:20:30.827, 1, 53, 50.98 W, 210 MHz, 1512 MHz, 0 %, 0 MiB
2026/09/14 09:20:35.828, 0, 61, 55.71 W, 210 MHz, 1512 MHz, 0 %, 0 MiB
2026/09/14 09:20:35.828, 1, 53, 51.08 W, 210 MHz, 1512 MHz, 0 %, 0 MiB
2026/09/14 09:20:40.828, 0, 61, 55.42 W, 210 MHz, 1512 MHz, 0 %, 0 MiB
2026/09/14 09:20:40.829, 1, 52, 50.89 W, 210 MHz, 1512 MHz, 0 %, 0 MiB
2026/09/14 09:20:45.829, 0, 61, 55.21 W, 210 MHz, 1512 MHz, 0 %, 0 MiB
2026/09/14 09:20:45.829, 1, 52, 50.69 W, 210 MHz, 1512 MHz, 0 %, 0 MiB
2026/09/14 09:20:50.830, 0, 60, 55.20 W, 210 MHz, 1512 MHz, 0 %, 0 MiB
2026/09/14 09:20:50.830, 1, 52, 50.60 W, 210 MHz, 1512 MHz, 0 %, 0 MiB
2026/09/14 09:20:55.831, 0, 60, 55.02 W, 210 MHz, 1512 MHz, 0 %, 0 MiB
2026/09/14 09:20:55.831, 1, 52, 50.59 W, 210 MHz, 1512 MHz, 0 %, 0 MiB
2026/09/14 09:21:00.831, 0, 60, 54.92 W, 210 MHz, 1512 MHz, 0 %, 0 MiB
2026/09/14 09:21:00.832, 1, 52, 50.50 W, 210 MHz, 1512 MHz, 0 %, 0 MiB
2026/09/14 09:21:05.832, 0, 60, 54.60 W, 210 MHz, 1512 MHz, 0 %, 0 MiB
2026/09/14 09:21:05.832, 1, 51, 50.40 W, 210 MHz, 1512 MHz, 0 %, 0 MiB
2026/09/14 09:21:10.833, 0, 59, 54.62 W, 210 MHz, 1512 MHz, 0 %, 0 MiB
2026/09/14 09:21:10.833, 1, 51, 50.29 W, 210 MHz, 1512 MHz, 0 %, 0 MiB
2026/09/14 09:21:15.833, 0, 59, 54.42 W, 210 MHz, 1512 MHz, 0 %, 0 MiB
2026/09/14 09:21:15.834, 1, 51, 50.29 W, 210 MHz, 1512 MHz, 0 %, 0 MiB
2026/09/14 09:21:20.834, 0, 59, 54.33 W, 210 MHz, 1512 MHz, 0 %, 0 MiB
2026/09/14 09:21:20.834, 1, 51, 50.59 W, 210 MHz, 1512 MHz, 0 %, 0 MiB
2026/09/14 09:21:25.835, 0, 59, 54.23 W, 210 MHz, 1512 MHz, 0 %, 0 MiB
2026/09/14 09:21:25.835, 1, 51, 50.50 W, 210 MHz, 1512 MHz, 0 %, 0 MiB
2026/09/14 09:21:30.836, 0, 59, 54.12 W, 210 MHz, 1512 MHz, 0 %, 0 MiB
2026/09/14 09:21:30.836, 1, 51, 50.50 W, 210 MHz, 1512 MHz, 0 %, 0 MiB
2026/09/14 09:21:35.836, 0, 58, 53.92 W, 210 MHz, 1512 MHz, 0 %, 0 MiB
2026/09/14 09:21:35.836, 1, 51, 50.40 W, 210 MHz, 1512 MHz, 0 %, 0 MiB
2026/09/14 09:21:40.837, 0, 58, 53.84 W, 210 MHz, 1512 MHz, 0 %, 0 MiB
2026/09/14 09:21:40.837, 1, 50, 50.50 W, 210 MHz, 1512 MHz, 0 %, 0 MiB
2026/09/14 09:21:45.838, 0, 58, 53.84 W, 210 MHz, 1512 MHz, 0 %, 0 MiB
2026/09/14 09:21:45.838, 1, 50, 50.30 W, 210 MHz, 1512 MHz, 0 %, 0 MiB
2026/09/14 09:21:50.838, 0, 58, 53.54 W, 210 MHz, 1512 MHz, 0 %, 0 MiB
2026/09/14 09:21:50.839, 1, 50, 50.19 W, 210 MHz, 1512 MHz, 0 %, 0 MiB
2026/09/14 09:21:55.839, 0, 58, 53.54 W, 210 MHz, 1512 MHz, 0 %, 0 MiB
2026/09/14 09:21:55.839, 1, 50, 50.19 W, 210 MHz, 1512 MHz, 0 %, 0 MiB
2026/09/14 09:22:00.840, 0, 58, 53.35 W, 210 MHz, 1512 MHz, 0 %, 0 MiB
2026/09/14 09:22:00.840, 1, 50, 50.10 W, 210 MHz, 1512 MHz, 0 %, 0 MiB
2026/09/14 09:22:05.840, 0, 57, 53.25 W, 210 MHz, 1512 MHz, 0 %, 0 MiB
2026/09/14 09:22:05.841, 1, 50, 50.10 W, 210 MHz, 1512 MHz, 0 %, 0 MiB
2026/09/14 09:22:10.841, 0, 57, 53.15 W, 210 MHz, 1512 MHz, 0 %, 0 MiB
2026/09/14 09:22:10.841, 1, 50, 50.00 W, 210 MHz, 1512 MHz, 0 %, 0 MiB
2026/09/14 09:22:15.842, 0, 57, 53.05 W, 210 MHz, 1512 MHz, 0 %, 0 MiB
2026/09/14 09:22:15.842, 1, 50, 49.90 W, 210 MHz, 1512 MHz, 0 %, 0 MiB
2026/09/14 09:22:20.842, 0, 57, 53.05 W, 210 MHz, 1512 MHz, 0 %, 0 MiB
2026/09/14 09:22:20.843, 1, 50, 49.90 W, 210 MHz, 1512 MHz, 0 %, 0 MiB
2026/09/14 09:22:25.843, 0, 57, 52.96 W, 210 MHz, 1512 MHz, 0 %, 0 MiB
2026/09/14 09:22:25.843, 1, 49, 49.90 W, 210 MHz, 1512 MHz, 0 %, 0 MiB
2026/09/14 09:22:30.844, 0, 57, 52.86 W, 210 MHz, 1512 MHz, 0 %, 0 MiB
2026/09/14 09:22:30.844, 1, 49, 49.81 W, 210 MHz, 1512 MHz, 0 %, 0 MiB
2026/09/14 09:22:35.844, 0, 57, 52.76 W, 210 MHz, 1512 MHz, 0 %, 0 MiB
2026/09/14 09:22:35.845, 1, 49, 49.90 W, 210 MHz, 1512 MHz, 0 %, 0 MiB
2026/09/14 09:22:40.845, 0, 56, 52.76 W, 210 MHz, 1512 MHz, 0 %, 0 MiB
2026/09/14 09:22:40.845, 1, 49, 49.81 W, 210 MHz, 1512 MHz, 0 %, 0 MiB
2026/09/14 09:22:45.846, 0, 56, 52.67 W, 210 MHz, 1512 MHz, 0 %, 0 MiB
2026/09/14 09:22:45.846, 1, 49, 49.81 W, 210 MHz, 1512 MHz, 0 %, 0 MiB
2026/09/14 09:22:50.847, 0, 56, 52.57 W, 210 MHz, 1512 MHz, 0 %, 0 MiB
2026/09/14 09:22:50.847, 1, 49, 49.81 W, 210 MHz, 1512 MHz, 0 %, 0 MiB
2026/09/14 09:22:55.847, 0, 56, 52.46 W, 210 MHz, 1512 MHz, 0 %, 0 MiB
2026/09/14 09:22:55.847, 1, 49, 49.70 W, 210 MHz, 1512 MHz, 0 %, 0 MiB
2026/09/14 09:23:00.848, 0, 56, 52.57 W, 210 MHz, 1512 MHz, 0 %, 0 MiB
2026/09/14 09:23:00.848, 1, 49, 49.40 W, 210 MHz, 1512 MHz, 0 %, 4 MiB
2026/09/14 09:23:05.849, 0, 56, 52.35 W, 210 MHz, 1512 MHz, 0 %, 4 MiB
2026/09/14 09:23:05.849, 1, 49, 49.40 W, 210 MHz, 1512 MHz, 0 %, 4 MiB
2026/09/14 09:23:10.849, 0, 56, 52.35 W, 210 MHz, 1512 MHz, 0 %, 4 MiB
2026/09/14 09:23:10.850, 1, 49, 49.50 W, 210 MHz, 1512 MHz, 0 %, 4 MiB
2026/09/14 09:23:15.850, 0, 56, 52.25 W, 210 MHz, 1512 MHz, 0 %, 0 MiB
2026/09/14 09:23:15.850, 1, 49, 49.50 W, 210 MHz, 1512 MHz, 0 %, 0 MiB
2026/09/14 09:23:20.851, 0, 55, 52.25 W, 210 MHz, 1512 MHz, 0 %, 0 MiB
2026/09/14 09:23:20.851, 1, 49, 49.31 W, 210 MHz, 1512 MHz, 0 %, 0 MiB
2026/09/14 09:23:25.851, 0, 55, 52.06 W, 210 MHz, 1512 MHz, 0 %, 0 MiB
2026/09/14 09:23:25.852, 1, 48, 49.40 W, 210 MHz, 1512 MHz, 0 %, 0 MiB
2026/09/14 09:23:30.852, 0, 55, 52.06 W, 210 MHz, 1512 MHz, 0 %, 0 MiB
2026/09/14 09:23:30.852, 1, 48, 49.50 W, 210 MHz, 1512 MHz, 0 %, 0 MiB
2026/09/14 09:23:35.853, 0, 55, 51.96 W, 210 MHz, 1512 MHz, 0 %, 0 MiB
2026/09/14 09:23:35.853, 1, 48, 49.40 W, 210 MHz, 1512 MHz, 0 %, 0 MiB
2026/09/14 09:23:40.854, 0, 55, 51.57 W, 210 MHz, 1512 MHz, 0 %, 0 MiB
2026/09/14 09:23:40.854, 1, 48, 49.21 W, 210 MHz, 1512 MHz, 0 %, 0 MiB
2026/09/14 09:23:45.854, 0, 55, 51.86 W, 210 MHz, 1512 MHz, 0 %, 0 MiB
2026/09/14 09:23:45.854, 1, 48, 49.21 W, 210 MHz, 1512 MHz, 0 %, 0 MiB
2026/09/14 09:23:50.855, 0, 55, 51.86 W, 210 MHz, 1512 MHz, 0 %, 0 MiB
2026/09/14 09:23:50.855, 1, 48, 49.31 W, 210 MHz, 1512 MHz, 0 %, 0 MiB
2026/09/14 09:23:55.855, 0, 55, 51.77 W, 210 MHz, 1512 MHz, 0 %, 0 MiB
2026/09/14 09:23:55.855, 1, 48, 49.21 W, 210 MHz, 1512 MHz, 0 %, 0 MiB
2026/09/14 09:24:00.856, 0, 55, 51.67 W, 210 MHz, 1512 MHz, 0 %, 0 MiB
2026/09/14 09:24:00.856, 1, 48, 49.21 W, 210 MHz, 1512 MHz, 0 %, 0 MiB
2026/09/14 09:24:05.856, 0, 54, 51.57 W, 210 MHz, 1512 MHz, 0 %, 0 MiB
2026/09/14 09:24:05.857, 1, 48, 48.92 W, 210 MHz, 1512 MHz, 0 %, 0 MiB
2026/09/14 09:24:10.857, 0, 54, 51.57 W, 210 MHz, 1512 MHz, 0 %, 0 MiB
2026/09/14 09:24:10.857, 1, 48, 49.02 W, 210 MHz, 1512 MHz, 0 %, 0 MiB
2026/09/14 09:24:15.857, 0, 54, 51.48 W, 210 MHz, 1512 MHz, 0 %, 0 MiB
2026/09/14 09:24:15.858, 1, 48, 48.92 W, 210 MHz, 1512 MHz, 0 %, 0 MiB
2026/09/14 09:24:20.858, 0, 54, 51.47 W, 210 MHz, 1512 MHz, 0 %, 0 MiB
2026/09/14 09:24:20.858, 1, 48, 49.02 W, 210 MHz, 1512 MHz, 0 %, 0 MiB
2026/09/14 09:24:25.859, 0, 54, 51.48 W, 210 MHz, 1512 MHz, 0 %, 0 MiB
2026/09/14 09:24:25.859, 1, 48, 49.02 W, 210 MHz, 1512 MHz, 0 %, 0 MiB
2026/09/14 09:24:30.859, 0, 54, 51.38 W, 210 MHz, 1512 MHz, 0 %, 0 MiB
2026/09/14 09:24:30.859, 1, 47, 48.92 W, 210 MHz, 1512 MHz, 0 %, 0 MiB
2026/09/14 09:24:35.860, 0, 54, 51.38 W, 210 MHz, 1512 MHz, 0 %, 0 MiB
2026/09/14 09:24:35.860, 1, 47, 48.81 W, 210 MHz, 1512 MHz, 0 %, 0 MiB
2026/09/14 09:24:40.860, 0, 54, 51.28 W, 210 MHz, 1512 MHz, 0 %, 0 MiB
2026/09/14 09:24:40.861, 1, 47, 48.81 W, 210 MHz, 1512 MHz, 0 %, 0 MiB
2026/09/14 09:24:45.861, 0, 54, 51.18 W, 210 MHz, 1512 MHz, 0 %, 0 MiB
2026/09/14 09:24:45.861, 1, 47, 48.81 W, 210 MHz, 1512 MHz, 0 %, 0 MiB
2026/09/14 09:24:50.862, 0, 53, 51.18 W, 210 MHz, 1512 MHz, 0 %, 0 MiB
2026/09/14 09:24:50.862, 1, 47, 48.81 W, 210 MHz, 1512 MHz, 0 %, 0 MiB
2026/09/14 09:24:55.862, 0, 53, 51.09 W, 210 MHz, 1512 MHz, 0 %, 0 MiB
2026/09/14 09:24:55.863, 1, 47, 48.71 W, 210 MHz, 1512 MHz, 0 %, 0 MiB
2026/09/14 09:25:00.863, 0, 53, 51.48 W, 210 MHz, 1512 MHz, 0 %, 0 MiB
2026/09/14 09:25:00.863, 1, 47, 48.81 W, 210 MHz, 1512 MHz, 0 %, 0 MiB
2026/09/14 09:25:05.864, 0, 53, 51.38 W, 210 MHz, 1512 MHz, 0 %, 0 MiB
2026/09/14 09:25:05.864, 1, 47, 48.71 W, 210 MHz, 1512 MHz, 0 %, 0 MiB
2026/09/14 09:25:10.864, 0, 53, 51.48 W, 210 MHz, 1512 MHz, 0 %, 0 MiB
2026/09/14 09:25:10.864, 1, 47, 48.71 W, 210 MHz, 1512 MHz, 0 %, 0 MiB
2026/09/14 09:25:15.865, 0, 53, 51.38 W, 210 MHz, 1512 MHz, 0 %, 0 MiB
2026/09/14 09:25:15.865, 1, 47, 48.71 W, 210 MHz, 1512 MHz, 0 %, 0 MiB
2026/09/14 09:25:20.865, 0, 53, 50.88 W, 210 MHz, 1512 MHz, 0 %, 0 MiB
2026/09/14 09:25:20.865, 1, 47, 48.63 W, 210 MHz, 1512 MHz, 0 %, 0 MiB
2026/09/14 09:25:25.866, 0, 53, 51.38 W, 210 MHz, 1512 MHz, 0 %, 0 MiB
2026/09/14 09:25:25.866, 1, 47, 48.71 W, 210 MHz, 1512 MHz, 0 %, 0 MiB
2026/09/14 09:25:30.866, 0, 53, 50.78 W, 210 MHz, 1512 MHz, 0 %, 0 MiB
2026/09/14 09:25:30.867, 1, 47, 48.62 W, 210 MHz, 1512 MHz, 0 %, 0 MiB
2026/09/14 09:25:35.867, 0, 53, 51.18 W, 210 MHz, 1512 MHz, 0 %, 0 MiB
2026/09/14 09:25:35.867, 1, 47, 48.52 W, 210 MHz, 1512 MHz, 0 %, 0 MiB
2026/09/14 09:25:40.867, 0, 53, 51.09 W, 210 MHz, 1512 MHz, 0 %, 0 MiB
2026/09/14 09:25:40.868, 1, 47, 48.62 W, 210 MHz, 1512 MHz, 0 %, 0 MiB
2026/09/14 09:25:45.868, 0, 53, 50.69 W, 210 MHz, 1512 MHz, 0 %, 0 MiB
2026/09/14 09:25:45.868, 1, 47, 48.62 W, 210 MHz, 1512 MHz, 0 %, 0 MiB
2026/09/14 09:25:50.869, 0, 53, 50.69 W, 210 MHz, 1512 MHz, 0 %, 0 MiB
2026/09/14 09:25:50.869, 1, 47, 48.52 W, 210 MHz, 1512 MHz, 0 %, 0 MiB
2026/09/14 09:25:55.869, 0, 52, 50.98 W, 210 MHz, 1512 MHz, 0 %, 0 MiB
2026/09/14 09:25:55.869, 1, 46, 48.52 W, 210 MHz, 1512 MHz, 0 %, 4 MiB
2026/09/14 09:26:00.870, 0, 52, 50.69 W, 210 MHz, 1512 MHz, 0 %, 4 MiB
2026/09/14 09:26:00.870, 1, 46, 48.52 W, 210 MHz, 1512 MHz, 0 %, 4 MiB
2026/09/14 09:26:05.870, 0, 52, 50.88 W, 210 MHz, 1512 MHz, 0 %, 4 MiB
2026/09/14 09:26:05.870, 1, 46, 48.52 W, 210 MHz, 1512 MHz, 0 %, 4 MiB
2026/09/14 09:26:10.871, 0, 53, 76.03 W, 1410 MHz, 1512 MHz, 2 %, 539 MiB
2026/09/14 09:26:10.871, 1, 47, 72.26 W, 1410 MHz, 1512 MHz, 22 %, 67357 MiB
2026/09/14 09:26:15.871, 0, 53, 76.90 W, 1410 MHz, 1512 MHz, 18 %, 67325 MiB
2026/09/14 09:26:15.872, 1, 47, 72.66 W, 1410 MHz, 1512 MHz, 15 %, 67357 MiB
2026/09/14 09:26:20.872, 0, 53, 77.49 W, 1410 MHz, 1512 MHz, 17 %, 67325 MiB
2026/09/14 09:26:20.872, 1, 48, 72.15 W, 1410 MHz, 1512 MHz, 12 %, 67357 MiB
2026/09/14 09:26:25.873, 0, 54, 77.49 W, 1410 MHz, 1512 MHz, 14 %, 67325 MiB
2026/09/14 09:26:25.873, 1, 48, 72.07 W, 1410 MHz, 1512 MHz, 16 %, 67357 MiB
2026/09/14 09:26:30.873, 0, 54, 76.81 W, 1410 MHz, 1512 MHz, 0 %, 66793 MiB
2026/09/14 09:26:30.873, 1, 48, 71.78 W, 1410 MHz, 1512 MHz, 0 %, 68433 MiB
2026/09/14 09:26:35.874, 0, 56, 196.61 W, 1410 MHz, 1512 MHz, 66 %, 67401 MiB
2026/09/14 09:26:35.874, 1, 48, 71.67 W, 1410 MHz, 1512 MHz, 0 %, 68433 MiB
2026/09/14 09:26:40.874, 0, 55, 78.46 W, 1410 MHz, 1512 MHz, 0 %, 74325 MiB
2026/09/14 09:26:40.874, 1, 48, 72.56 W, 1410 MHz, 1512 MHz, 0 %, 69477 MiB
2026/09/14 09:26:45.875, 0, 59, 232.56 W, 1410 MHz, 1512 MHz, 100 %, 74325 MiB
2026/09/14 09:26:45.875, 1, 49, 84.43 W, 1410 MHz, 1512 MHz, 47 %, 69477 MiB
2026/09/14 09:26:50.875, 0, 58, 146.05 W, 1410 MHz, 1512 MHz, 0 %, 74329 MiB
2026/09/14 09:26:50.875, 1, 49, 72.24 W, 1410 MHz, 1512 MHz, 0 %, 69477 MiB
2026/09/14 09:26:55.876, 0, 61, 236.09 W, 1410 MHz, 1512 MHz, 70 %, 74329 MiB
2026/09/14 09:26:55.876, 1, 49, 72.74 W, 1410 MHz, 1512 MHz, 0 %, 69479 MiB
2026/09/14 09:27:00.876, 0, 63, 236.34 W, 1410 MHz, 1512 MHz, 71 %, 74329 MiB
2026/09/14 09:27:00.877, 1, 49, 72.83 W, 1410 MHz, 1512 MHz, 0 %, 69479 MiB
2026/09/14 09:27:05.877, 0, 65, 241.87 W, 1410 MHz, 1512 MHz, 100 %, 74329 MiB
2026/09/14 09:27:05.877, 1, 50, 73.53 W, 1410 MHz, 1512 MHz, 38 %, 69497 MiB
2026/09/14 09:27:10.878, 0, 66, 244.71 W, 1410 MHz, 1512 MHz, 100 %, 74329 MiB
2026/09/14 09:27:10.878, 1, 50, 73.71 W, 1410 MHz, 1512 MHz, 0 %, 69499 MiB
2026/09/14 09:27:15.878, 0, 67, 245.20 W, 1410 MHz, 1512 MHz, 100 %, 74329 MiB
2026/09/14 09:27:15.878, 1, 50, 73.80 W, 1410 MHz, 1512 MHz, 0 %, 69499 MiB
2026/09/14 09:27:20.879, 0, 68, 249.06 W, 1410 MHz, 1512 MHz, 100 %, 74751 MiB
2026/09/14 09:27:20.879, 1, 51, 73.82 W, 1410 MHz, 1512 MHz, 0 %, 69499 MiB
2026/09/14 09:27:25.879, 0, 69, 248.09 W, 1410 MHz, 1512 MHz, 100 %, 74751 MiB
2026/09/14 09:27:25.880, 1, 50, 72.61 W, 1410 MHz, 1512 MHz, 0 %, 69499 MiB
2026/09/14 09:27:30.880, 0, 69, 249.02 W, 1410 MHz, 1512 MHz, 100 %, 74751 MiB
2026/09/14 09:27:30.880, 1, 50, 72.75 W, 1410 MHz, 1512 MHz, 0 %, 69499 MiB
2026/09/14 09:27:35.881, 0, 70, 169.53 W, 1410 MHz, 1512 MHz, 100 %, 74751 MiB
2026/09/14 09:27:35.881, 1, 50, 73.51 W, 1410 MHz, 1512 MHz, 0 %, 69501 MiB
2026/09/14 09:27:40.881, 0, 71, 249.49 W, 1410 MHz, 1512 MHz, 87 %, 74751 MiB
2026/09/14 09:27:40.881, 1, 49, 72.51 W, 1410 MHz, 1512 MHz, 0 %, 69501 MiB
2026/09/14 09:27:45.882, 0, 72, 251.37 W, 1410 MHz, 1512 MHz, 63 %, 74751 MiB
2026/09/14 09:27:45.882, 1, 49, 72.80 W, 1410 MHz, 1512 MHz, 45 %, 69501 MiB
2026/09/14 09:27:50.882, 0, 72, 251.31 W, 1410 MHz, 1512 MHz, 100 %, 74751 MiB
2026/09/14 09:27:50.883, 1, 49, 72.52 W, 1410 MHz, 1512 MHz, 25 %, 69501 MiB
2026/09/14 09:27:55.883, 0, 73, 254.09 W, 1410 MHz, 1512 MHz, 100 %, 74751 MiB
2026/09/14 09:27:55.883, 1, 49, 72.51 W, 1410 MHz, 1512 MHz, 28 %, 69501 MiB
2026/09/14 09:28:00.884, 0, 73, 252.24 W, 1410 MHz, 1512 MHz, 100 %, 74751 MiB
2026/09/14 09:28:00.884, 1, 48, 72.14 W, 1410 MHz, 1512 MHz, 0 %, 69501 MiB
2026/09/14 09:28:05.884, 0, 70, 93.06 W, 1410 MHz, 1512 MHz, 0 %, 74763 MiB
2026/09/14 09:28:05.886, 1, 48, 72.14 W, 1410 MHz, 1512 MHz, 0 %, 69501 MiB
2026/09/14 09:28:10.886, 0, 68, 91.39 W, 1410 MHz, 1512 MHz, 0 %, 74763 MiB
2026/09/14 09:28:10.886, 1, 48, 98.61 W, 1410 MHz, 1512 MHz, 52 %, 69503 MiB
2026/09/14 09:28:15.887, 0, 66, 89.57 W, 1410 MHz, 1512 MHz, 0 %, 74763 MiB
2026/09/14 09:28:15.887, 1, 48, 72.05 W, 1410 MHz, 1512 MHz, 0 %, 69503 MiB
2026/09/14 09:28:20.887, 0, 65, 88.24 W, 1410 MHz, 1512 MHz, 0 %, 74763 MiB
2026/09/14 09:28:20.888, 1, 48, 71.98 W, 1410 MHz, 1512 MHz, 0 %, 69503 MiB
2026/09/14 09:28:25.888, 0, 64, 92.89 W, 1410 MHz, 1512 MHz, 0 %, 67337 MiB
2026/09/14 09:28:25.888, 1, 48, 72.16 W, 1410 MHz, 1512 MHz, 28 %, 69499 MiB
2026/09/14 09:28:30.889, 0, 63, 56.46 W, 210 MHz, 1512 MHz, 0 %, 0 MiB
2026/09/14 09:28:30.889, 1, 50, 200.48 W, 1410 MHz, 1512 MHz, 64 %, 69427 MiB
2026/09/14 09:28:35.890, 0, 62, 55.99 W, 210 MHz, 1512 MHz, 0 %, 0 MiB
2026/09/14 09:28:35.890, 1, 48, 71.98 W, 1410 MHz, 1512 MHz, 52 %, 70397 MiB
2026/09/14 09:28:40.890, 0, 61, 55.42 W, 210 MHz, 1512 MHz, 0 %, 4 MiB
2026/09/14 09:28:40.890, 1, 48, 71.98 W, 1410 MHz, 1512 MHz, 0 %, 70397 MiB
2026/09/14 09:28:45.891, 0, 60, 55.20 W, 210 MHz, 1512 MHz, 0 %, 4 MiB
2026/09/14 09:28:45.891, 1, 48, 71.69 W, 1410 MHz, 1512 MHz, 0 %, 70397 MiB
2026/09/14 09:28:50.892, 0, 61, 83.90 W, 1410 MHz, 1512 MHz, 5 %, 8703 MiB
2026/09/14 09:28:50.892, 1, 48, 72.07 W, 1410 MHz, 1512 MHz, 0 %, 76897 MiB
2026/09/14 09:28:55.892, 0, 61, 84.70 W, 1410 MHz, 1512 MHz, 17 %, 67357 MiB
2026/09/14 09:28:55.893, 1, 49, 71.97 W, 1410 MHz, 1512 MHz, 4 %, 77091 MiB
2026/09/14 09:29:00.893, 0, 61, 84.00 W, 1410 MHz, 1512 MHz, 18 %, 67357 MiB
2026/09/14 09:29:00.893, 1, 49, 72.17 W, 1410 MHz, 1512 MHz, 0 %, 77125 MiB
2026/09/14 09:29:05.894, 0, 61, 85.49 W, 1410 MHz, 1512 MHz, 15 %, 67357 MiB
2026/09/14 09:29:05.894, 1, 49, 72.66 W, 1410 MHz, 1512 MHz, 0 %, 77125 MiB
2026/09/14 09:29:10.894, 0, 61, 83.32 W, 1410 MHz, 1512 MHz, 25 %, 68433 MiB
2026/09/14 09:29:10.895, 1, 49, 72.46 W, 1410 MHz, 1512 MHz, 0 %, 77125 MiB
2026/09/14 09:29:15.895, 0, 61, 83.54 W, 1410 MHz, 1512 MHz, 0 %, 68433 MiB
2026/09/14 09:29:15.895, 1, 49, 72.56 W, 1410 MHz, 1512 MHz, 0 %, 77125 MiB
2026/09/14 09:29:20.896, 0, 61, 84.70 W, 1410 MHz, 1512 MHz, 0 %, 69477 MiB
2026/09/14 09:29:20.896, 1, 49, 72.75 W, 1410 MHz, 1512 MHz, 0 %, 77125 MiB
2026/09/14 09:29:25.896, 0, 61, 109.67 W, 1410 MHz, 1512 MHz, 0 %, 69477 MiB
2026/09/14 09:29:25.897, 1, 49, 73.03 W, 1410 MHz, 1512 MHz, 0 %, 77125 MiB
2026/09/14 09:29:30.897, 0, 61, 83.81 W, 1410 MHz, 1512 MHz, 0 %, 69477 MiB
2026/09/14 09:29:30.897, 1, 49, 73.15 W, 1410 MHz, 1512 MHz, 0 %, 77125 MiB
2026/09/14 09:29:35.898, 0, 61, 83.90 W, 1410 MHz, 1512 MHz, 0 %, 69479 MiB
2026/09/14 09:29:35.898, 1, 49, 72.96 W, 1410 MHz, 1512 MHz, 0 %, 77125 MiB
2026/09/14 09:29:40.898, 0, 61, 84.30 W, 1410 MHz, 1512 MHz, 0 %, 69479 MiB
2026/09/14 09:29:40.899, 1, 50, 73.52 W, 1410 MHz, 1512 MHz, 0 %, 77125 MiB
2026/09/14 09:29:45.899, 0, 62, 187.58 W, 1410 MHz, 1512 MHz, 0 %, 69497 MiB
2026/09/14 09:29:45.899, 1, 50, 72.82 W, 1410 MHz, 1512 MHz, 0 %, 77125 MiB
2026/09/14 09:29:50.900, 0, 62, 84.80 W, 1410 MHz, 1512 MHz, 0 %, 69499 MiB
2026/09/14 09:29:50.900, 1, 50, 72.85 W, 1410 MHz, 1512 MHz, 0 %, 77125 MiB
2026/09/14 09:29:55.900, 0, 63, 107.78 W, 1410 MHz, 1512 MHz, 14 %, 69499 MiB
2026/09/14 09:29:55.901, 1, 50, 73.03 W, 1410 MHz, 1512 MHz, 0 %, 77125 MiB
2026/09/14 09:30:00.901, 0, 62, 85.38 W, 1410 MHz, 1512 MHz, 47 %, 69499 MiB
2026/09/14 09:30:00.901, 1, 50, 73.63 W, 1410 MHz, 1512 MHz, 0 %, 77125 MiB
2026/09/14 09:30:05.902, 0, 62, 85.38 W, 1410 MHz, 1512 MHz, 4 %, 69499 MiB
2026/09/14 09:30:05.902, 1, 50, 73.32 W, 1410 MHz, 1512 MHz, 0 %, 77125 MiB
2026/09/14 09:30:10.903, 0, 62, 85.58 W, 1410 MHz, 1512 MHz, 28 %, 69499 MiB
2026/09/14 09:30:10.903, 1, 50, 73.25 W, 1410 MHz, 1512 MHz, 0 %, 77125 MiB
2026/09/14 09:30:15.903, 0, 62, 86.25 W, 1410 MHz, 1512 MHz, 51 %, 69499 MiB
2026/09/14 09:30:15.903, 1, 50, 73.33 W, 1410 MHz, 1512 MHz, 0 %, 77125 MiB
2026/09/14 09:30:20.904, 0, 62, 85.09 W, 1410 MHz, 1512 MHz, 0 %, 69501 MiB
2026/09/14 09:30:20.904, 1, 50, 73.44 W, 1410 MHz, 1512 MHz, 0 %, 77125 MiB
2026/09/14 09:30:25.905, 0, 63, 205.86 W, 1410 MHz, 1512 MHz, 0 %, 69501 MiB
2026/09/14 09:30:25.905, 1, 50, 73.60 W, 1410 MHz, 1512 MHz, 0 %, 77125 MiB
2026/09/14 09:30:30.905, 0, 63, 209.10 W, 1410 MHz, 1512 MHz, 0 %, 69501 MiB
2026/09/14 09:30:30.905, 1, 50, 74.30 W, 1410 MHz, 1512 MHz, 0 %, 77125 MiB
2026/09/14 09:30:35.906, 0, 62, 85.58 W, 1410 MHz, 1512 MHz, 7 %, 69501 MiB
2026/09/14 09:30:35.906, 1, 51, 74.51 W, 1410 MHz, 1512 MHz, 0 %, 77125 MiB
2026/09/14 09:30:40.907, 0, 63, 90.13 W, 1410 MHz, 1512 MHz, 0 %, 69501 MiB
2026/09/14 09:30:40.907, 1, 51, 73.80 W, 1410 MHz, 1512 MHz, 0 %, 77125 MiB
2026/09/14 09:30:45.907, 0, 63, 205.13 W, 1410 MHz, 1512 MHz, 0 %, 69501 MiB
2026/09/14 09:30:45.907, 1, 51, 73.40 W, 1410 MHz, 1512 MHz, 0 %, 77125 MiB
2026/09/14 09:30:50.908, 0, 63, 85.77 W, 1410 MHz, 1512 MHz, 0 %, 69501 MiB
2026/09/14 09:30:50.908, 1, 51, 73.63 W, 1410 MHz, 1512 MHz, 0 %, 77125 MiB
2026/09/14 09:30:55.909, 0, 63, 210.24 W, 1410 MHz, 1512 MHz, 0 %, 69503 MiB
2026/09/14 09:30:55.909, 1, 51, 73.99 W, 1410 MHz, 1512 MHz, 0 %, 77125 MiB
2026/09/14 09:31:00.909, 0, 63, 86.06 W, 1410 MHz, 1512 MHz, 0 %, 69503 MiB
2026/09/14 09:31:00.909, 1, 51, 73.53 W, 1410 MHz, 1512 MHz, 0 %, 77125 MiB
2026/09/14 09:31:05.910, 0, 63, 86.17 W, 1410 MHz, 1512 MHz, 0 %, 69503 MiB
2026/09/14 09:31:05.910, 1, 51, 73.73 W, 1410 MHz, 1512 MHz, 0 %, 77125 MiB
2026/09/14 09:31:10.911, 0, 63, 87.04 W, 1410 MHz, 1512 MHz, 0 %, 69503 MiB
2026/09/14 09:31:10.911, 1, 51, 73.92 W, 1410 MHz, 1512 MHz, 0 %, 77125 MiB
2026/09/14 09:31:15.911, 0, 66, 203.03 W, 1410 MHz, 1512 MHz, 63 %, 69427 MiB
2026/09/14 09:31:15.911, 1, 51, 74.09 W, 1410 MHz, 1512 MHz, 0 %, 77125 MiB
2026/09/14 09:31:20.912, 0, 64, 87.05 W, 1410 MHz, 1512 MHz, 0 %, 70397 MiB
2026/09/14 09:31:20.912, 1, 51, 74.01 W, 1410 MHz, 1512 MHz, 0 %, 77125 MiB
2026/09/14 09:31:25.913, 0, 63, 86.46 W, 1410 MHz, 1512 MHz, 2 %, 70403 MiB
2026/09/14 09:31:25.913, 1, 51, 73.99 W, 1410 MHz, 1512 MHz, 0 %, 77125 MiB
2026/09/14 09:31:30.913, 0, 63, 86.65 W, 1410 MHz, 1512 MHz, 0 %, 76923 MiB
2026/09/14 09:31:30.913, 1, 51, 74.78 W, 1410 MHz, 1512 MHz, 0 %, 77125 MiB
2026/09/14 09:31:35.914, 0, 63, 85.77 W, 1410 MHz, 1512 MHz, 11 %, 77039 MiB
2026/09/14 09:31:35.914, 1, 51, 74.01 W, 1410 MHz, 1512 MHz, 0 %, 77125 MiB
2026/09/14 09:31:40.915, 0, 63, 86.17 W, 1410 MHz, 1512 MHz, 0 %, 77041 MiB
2026/09/14 09:31:40.915, 1, 51, 74.01 W, 1410 MHz, 1512 MHz, 0 %, 77125 MiB
2026/09/14 09:31:45.915, 0, 67, 147.84 W, 1410 MHz, 1512 MHz, 99 %, 77043 MiB
2026/09/14 09:31:45.916, 1, 51, 74.11 W, 1410 MHz, 1512 MHz, 0 %, 77125 MiB
2026/09/14 09:31:50.916, 0, 68, 156.73 W, 1410 MHz, 1512 MHz, 99 %, 77043 MiB
2026/09/14 09:31:50.916, 1, 51, 74.29 W, 1410 MHz, 1512 MHz, 0 %, 77125 MiB
2026/09/14 09:31:55.917, 0, 69, 141.22 W, 1410 MHz, 1512 MHz, 99 %, 77043 MiB
2026/09/14 09:31:55.917, 1, 51, 73.60 W, 1410 MHz, 1512 MHz, 0 %, 77125 MiB
2026/09/14 09:32:00.917, 0, 72, 287.56 W, 1410 MHz, 1512 MHz, 97 %, 77043 MiB
2026/09/14 09:32:00.917, 1, 51, 73.42 W, 1410 MHz, 1512 MHz, 0 %, 77125 MiB
2026/09/14 09:32:05.918, 0, 73, 297.65 W, 1410 MHz, 1512 MHz, 67 %, 77465 MiB
2026/09/14 09:32:05.918, 1, 50, 73.33 W, 1410 MHz, 1512 MHz, 0 %, 77125 MiB
2026/09/14 09:32:10.919, 0, 72, 155.37 W, 1410 MHz, 1512 MHz, 99 %, 77465 MiB
2026/09/14 09:32:10.919, 1, 50, 72.92 W, 1410 MHz, 1512 MHz, 0 %, 77125 MiB
2026/09/14 09:32:15.919, 0, 73, 158.20 W, 1410 MHz, 1512 MHz, 99 %, 77465 MiB
2026/09/14 09:32:15.919, 1, 49, 72.51 W, 1410 MHz, 1512 MHz, 0 %, 77125 MiB
2026/09/14 09:32:20.920, 0, 75, 302.03 W, 1410 MHz, 1512 MHz, 99 %, 77465 MiB
2026/09/14 09:32:20.920, 1, 49, 72.34 W, 1410 MHz, 1512 MHz, 0 %, 77125 MiB
2026/09/14 09:32:25.921, 0, 75, 304.89 W, 1410 MHz, 1512 MHz, 99 %, 77465 MiB
2026/09/14 09:32:25.921, 1, 48, 72.06 W, 1410 MHz, 1512 MHz, 0 %, 77125 MiB
2026/09/14 09:32:30.921, 0, 76, 296.86 W, 1410 MHz, 1512 MHz, 64 %, 77465 MiB
2026/09/14 09:32:30.921, 1, 48, 72.80 W, 1410 MHz, 1512 MHz, 0 %, 77125 MiB
2026/09/14 09:32:35.922, 0, 73, 98.39 W, 1410 MHz, 1512 MHz, 64 %, 77477 MiB
2026/09/14 09:32:35.922, 1, 48, 71.53 W, 1410 MHz, 1512 MHz, 0 %, 77125 MiB
2026/09/14 09:32:40.923, 0, 71, 96.07 W, 1410 MHz, 1512 MHz, 0 %, 77477 MiB
2026/09/14 09:32:40.923, 1, 47, 71.38 W, 1410 MHz, 1512 MHz, 0 %, 77125 MiB
2026/09/14 09:32:45.923, 0, 69, 93.65 W, 1410 MHz, 1512 MHz, 0 %, 77477 MiB
2026/09/14 09:32:45.923, 1, 47, 72.27 W, 1410 MHz, 1512 MHz, 0 %, 77125 MiB
2026/09/14 09:32:50.924, 0, 68, 92.21 W, 1410 MHz, 1512 MHz, 0 %, 68965 MiB
2026/09/14 09:32:50.924, 1, 47, 71.48 W, 1410 MHz, 1512 MHz, 0 %, 77125 MiB
2026/09/14 09:32:55.925, 0, 67, 90.93 W, 1410 MHz, 1512 MHz, 0 %, 0 MiB
2026/09/14 09:32:55.925, 1, 47, 71.49 W, 1410 MHz, 1512 MHz, 0 %, 77125 MiB
2026/09/14 09:33:00.925, 0, 65, 57.47 W, 210 MHz, 1512 MHz, 0 %, 0 MiB
2026/09/14 09:33:00.926, 1, 47, 70.60 W, 1410 MHz, 1512 MHz, 0 %, 77125 MiB
2026/09/14 09:33:05.926, 0, 63, 57.17 W, 210 MHz, 1512 MHz, 0 %, 4 MiB
2026/09/14 09:33:05.926, 1, 47, 71.59 W, 1410 MHz, 1512 MHz, 0 %, 77125 MiB
2026/09/14 09:33:10.927, 0, 62, 56.28 W, 210 MHz, 1512 MHz, 0 %, 4 MiB
2026/09/14 09:33:10.927, 1, 46, 70.79 W, 1410 MHz, 1512 MHz, 0 %, 77125 MiB
2026/09/14 09:33:15.927, 0, 62, 55.89 W, 210 MHz, 1512 MHz, 0 %, 4 MiB
2026/09/14 09:33:15.928, 1, 47, 70.69 W, 1410 MHz, 1512 MHz, 0 %, 77125 MiB
2026/09/14 09:33:20.928, 0, 62, 85.78 W, 1410 MHz, 1512 MHz, 6 %, 67357 MiB
2026/09/14 09:33:20.929, 1, 47, 70.79 W, 1410 MHz, 1512 MHz, 0 %, 77125 MiB
2026/09/14 09:33:25.929, 0, 62, 85.79 W, 1410 MHz, 1512 MHz, 17 %, 67357 MiB
2026/09/14 09:33:25.929, 1, 47, 71.67 W, 1410 MHz, 1512 MHz, 0 %, 79197 MiB
2026/09/14 09:33:30.930, 0, 61, 85.09 W, 1410 MHz, 1512 MHz, 18 %, 67357 MiB
2026/09/14 09:33:30.930, 1, 47, 71.38 W, 1410 MHz, 1512 MHz, 0 %, 79197 MiB
2026/09/14 09:33:35.930, 0, 61, 85.48 W, 1410 MHz, 1512 MHz, 16 %, 70905 MiB
2026/09/14 09:33:35.931, 1, 47, 71.19 W, 1410 MHz, 1512 MHz, 0 %, 79197 MiB
2026/09/14 09:33:40.931, 0, 61, 83.81 W, 1410 MHz, 1512 MHz, 0 %, 68433 MiB
2026/09/14 09:33:40.931, 1, 47, 71.09 W, 1410 MHz, 1512 MHz, 0 %, 79197 MiB
2026/09/14 09:33:45.932, 0, 61, 83.83 W, 1410 MHz, 1512 MHz, 12 %, 69477 MiB
2026/09/14 09:33:45.932, 1, 47, 72.27 W, 1410 MHz, 1512 MHz, 0 %, 79197 MiB
2026/09/14 09:33:50.932, 0, 61, 83.81 W, 1410 MHz, 1512 MHz, 0 %, 69477 MiB
2026/09/14 09:33:50.932, 1, 47, 71.78 W, 1410 MHz, 1512 MHz, 0 %, 79197 MiB
2026/09/14 09:33:55.933, 0, 61, 84.50 W, 1410 MHz, 1512 MHz, 0 %, 69477 MiB
2026/09/14 09:33:55.933, 1, 48, 72.17 W, 1410 MHz, 1512 MHz, 0 %, 79197 MiB
2026/09/14 09:34:00.934, 0, 61, 84.10 W, 1410 MHz, 1512 MHz, 0 %, 69477 MiB
2026/09/14 09:34:00.934, 1, 48, 72.07 W, 1410 MHz, 1512 MHz, 0 %, 79197 MiB
2026/09/14 09:34:05.934, 0, 61, 84.11 W, 1410 MHz, 1512 MHz, 0 %, 69479 MiB
2026/09/14 09:34:05.935, 1, 48, 72.46 W, 1410 MHz, 1512 MHz, 0 %, 79197 MiB
2026/09/14 09:34:10.935, 0, 61, 84.30 W, 1410 MHz, 1512 MHz, 0 %, 69495 MiB
2026/09/14 09:34:10.935, 1, 48, 71.58 W, 1410 MHz, 1512 MHz, 0 %, 79197 MiB
2026/09/14 09:34:15.936, 0, 62, 85.09 W, 1410 MHz, 1512 MHz, 24 %, 69499 MiB
2026/09/14 09:34:15.936, 1, 48, 71.98 W, 1410 MHz, 1512 MHz, 0 %, 79197 MiB
2026/09/14 09:34:20.937, 0, 62, 85.58 W, 1410 MHz, 1512 MHz, 5 %, 69499 MiB
2026/09/14 09:34:20.937, 1, 49, 71.98 W, 1410 MHz, 1512 MHz, 0 %, 79197 MiB
2026/09/14 09:34:25.937, 0, 62, 85.28 W, 1410 MHz, 1512 MHz, 42 %, 69499 MiB
2026/09/14 09:34:25.937, 1, 49, 72.36 W, 1410 MHz, 1512 MHz, 0 %, 79197 MiB
2026/09/14 09:34:30.938, 0, 62, 86.25 W, 1410 MHz, 1512 MHz, 0 %, 69499 MiB
2026/09/14 09:34:30.938, 1, 49, 72.36 W, 1410 MHz, 1512 MHz, 0 %, 79197 MiB
2026/09/14 09:34:35.938, 0, 62, 85.78 W, 1410 MHz, 1512 MHz, 0 %, 69499 MiB
2026/09/14 09:34:35.939, 1, 49, 72.46 W, 1410 MHz, 1512 MHz, 0 %, 79197 MiB
2026/09/14 09:34:40.939, 0, 62, 85.97 W, 1410 MHz, 1512 MHz, 0 %, 69499 MiB
2026/09/14 09:34:40.939, 1, 49, 72.85 W, 1410 MHz, 1512 MHz, 0 %, 79197 MiB
2026/09/14 09:34:45.940, 0, 63, 85.49 W, 1410 MHz, 1512 MHz, 0 %, 69501 MiB
2026/09/14 09:34:45.940, 1, 49, 73.06 W, 1410 MHz, 1512 MHz, 0 %, 79197 MiB
2026/09/14 09:34:50.940, 0, 63, 86.55 W, 1410 MHz, 1512 MHz, 14 %, 69501 MiB
2026/09/14 09:34:50.941, 1, 49, 72.96 W, 1410 MHz, 1512 MHz, 0 %, 79197 MiB
2026/09/14 09:34:55.941, 0, 63, 85.68 W, 1410 MHz, 1512 MHz, 0 %, 69501 MiB
2026/09/14 09:34:55.941, 1, 50, 72.84 W, 1410 MHz, 1512 MHz, 0 %, 79197 MiB
2026/09/14 09:35:00.942, 0, 63, 85.67 W, 1410 MHz, 1512 MHz, 0 %, 69501 MiB
2026/09/14 09:35:00.942, 1, 50, 73.73 W, 1410 MHz, 1512 MHz, 0 %, 79197 MiB
2026/09/14 09:35:05.942, 0, 63, 85.98 W, 1410 MHz, 1512 MHz, 23 %, 69501 MiB
2026/09/14 09:35:05.943, 1, 50, 73.33 W, 1410 MHz, 1512 MHz, 0 %, 79197 MiB
2026/09/14 09:35:10.943, 0, 63, 86.55 W, 1410 MHz, 1512 MHz, 0 %, 69501 MiB
2026/09/14 09:35:10.943, 1, 50, 73.42 W, 1410 MHz, 1512 MHz, 0 %, 79197 MiB
2026/09/14 09:35:15.944, 0, 63, 86.07 W, 1410 MHz, 1512 MHz, 0 %, 69501 MiB
2026/09/14 09:35:15.944, 1, 50, 73.04 W, 1410 MHz, 1512 MHz, 0 %, 79197 MiB
2026/09/14 09:35:20.945, 0, 64, 209.27 W, 1410 MHz, 1512 MHz, 0 %, 69503 MiB
2026/09/14 09:35:20.945, 1, 50, 74.18 W, 1410 MHz, 1512 MHz, 0 %, 79197 MiB
2026/09/14 09:35:25.945, 0, 64, 211.11 W, 1410 MHz, 1512 MHz, 0 %, 69503 MiB
2026/09/14 09:35:25.945, 1, 50, 73.11 W, 1410 MHz, 1512 MHz, 0 %, 79197 MiB
2026/09/14 09:35:30.946, 0, 63, 86.95 W, 1410 MHz, 1512 MHz, 0 %, 69503 MiB
2026/09/14 09:35:30.946, 1, 50, 73.25 W, 1410 MHz, 1512 MHz, 0 %, 79197 MiB
2026/09/14 09:35:35.947, 0, 64, 87.06 W, 1410 MHz, 1512 MHz, 46 %, 69503 MiB
2026/09/14 09:35:35.947, 1, 50, 73.33 W, 1410 MHz, 1512 MHz, 0 %, 79197 MiB
2026/09/14 09:35:40.947, 0, 66, 208.99 W, 1410 MHz, 1512 MHz, 62 %, 69427 MiB
2026/09/14 09:35:40.948, 1, 51, 73.61 W, 1410 MHz, 1512 MHz, 0 %, 79197 MiB
2026/09/14 09:35:45.948, 0, 64, 87.94 W, 1410 MHz, 1512 MHz, 26 %, 70397 MiB
2026/09/14 09:35:45.948, 1, 51, 73.75 W, 1410 MHz, 1512 MHz, 0 %, 79197 MiB
2026/09/14 09:35:50.949, 0, 65, 87.65 W, 1410 MHz, 1512 MHz, 0 %, 70397 MiB
2026/09/14 09:35:50.949, 1, 51, 73.72 W, 1410 MHz, 1512 MHz, 0 %, 79197 MiB
2026/09/14 09:35:55.949, 0, 64, 86.85 W, 1410 MHz, 1512 MHz, 0 %, 76903 MiB
2026/09/14 09:35:55.950, 1, 51, 73.94 W, 1410 MHz, 1512 MHz, 0 %, 79197 MiB
2026/09/14 09:36:00.950, 0, 64, 87.05 W, 1410 MHz, 1512 MHz, 0 %, 76957 MiB
2026/09/14 09:36:00.950, 1, 51, 74.21 W, 1410 MHz, 1512 MHz, 0 %, 79197 MiB
2026/09/14 09:36:05.951, 0, 64, 87.16 W, 1410 MHz, 1512 MHz, 0 %, 77011 MiB
2026/09/14 09:36:05.951, 1, 51, 74.04 W, 1410 MHz, 1512 MHz, 0 %, 79197 MiB
2026/09/14 09:36:10.951, 0, 64, 87.05 W, 1410 MHz, 1512 MHz, 1 %, 77073 MiB
2026/09/14 09:36:10.952, 1, 51, 74.42 W, 1410 MHz, 1512 MHz, 0 %, 79197 MiB
2026/09/14 09:36:15.952, 0, 66, 88.77 W, 1410 MHz, 1512 MHz, 78 %, 77073 MiB
2026/09/14 09:36:15.952, 1, 51, 75.10 W, 1410 MHz, 1512 MHz, 0 %, 79197 MiB
2026/09/14 09:36:20.953, 0, 66, 90.15 W, 1410 MHz, 1512 MHz, 0 %, 77075 MiB
2026/09/14 09:36:20.953, 1, 51, 74.21 W, 1410 MHz, 1512 MHz, 0 %, 79197 MiB
2026/09/14 09:36:25.954, 0, 71, 292.21 W, 1410 MHz, 1512 MHz, 86 %, 77075 MiB
2026/09/14 09:36:25.954, 1, 51, 73.70 W, 1410 MHz, 1512 MHz, 0 %, 79197 MiB
2026/09/14 09:36:30.954, 0, 73, 294.48 W, 1410 MHz, 1512 MHz, 80 %, 77075 MiB
2026/09/14 09:36:30.954, 1, 51, 73.90 W, 1410 MHz, 1512 MHz, 0 %, 79197 MiB
2026/09/14 09:36:35.955, 0, 74, 287.35 W, 1410 MHz, 1512 MHz, 61 %, 77075 MiB
2026/09/14 09:36:35.955, 1, 51, 74.07 W, 1410 MHz, 1512 MHz, 0 %, 79197 MiB
2026/09/14 09:36:40.956, 0, 74, 296.97 W, 1410 MHz, 1512 MHz, 87 %, 77497 MiB
2026/09/14 09:36:40.956, 1, 50, 73.62 W, 1410 MHz, 1512 MHz, 0 %, 79197 MiB
2026/09/14 09:36:45.956, 0, 74, 213.31 W, 1410 MHz, 1512 MHz, 99 %, 77497 MiB
2026/09/14 09:36:45.957, 1, 50, 72.80 W, 1410 MHz, 1512 MHz, 0 %, 79197 MiB
2026/09/14 09:36:50.957, 0, 75, 294.27 W, 1410 MHz, 1512 MHz, 99 %, 77497 MiB
2026/09/14 09:36:50.957, 1, 49, 72.63 W, 1410 MHz, 1512 MHz, 0 %, 79197 MiB
2026/09/14 09:36:55.958, 0, 76, 296.77 W, 1410 MHz, 1512 MHz, 99 %, 77497 MiB
2026/09/14 09:36:55.958, 1, 49, 72.73 W, 1410 MHz, 1512 MHz, 0 %, 79197 MiB
2026/09/14 09:37:00.958, 0, 77, 301.47 W, 1410 MHz, 1512 MHz, 99 %, 77497 MiB
2026/09/14 09:37:00.959, 1, 49, 72.13 W, 1410 MHz, 1512 MHz, 0 %, 79197 MiB
2026/09/14 09:37:05.959, 0, 78, 305.47 W, 1410 MHz, 1512 MHz, 99 %, 77497 MiB
2026/09/14 09:37:05.959, 1, 48, 72.35 W, 1410 MHz, 1512 MHz, 0 %, 79197 MiB
2026/09/14 09:37:10.960, 0, 72, 97.42 W, 1410 MHz, 1512 MHz, 0 %, 77509 MiB
2026/09/14 09:37:10.960, 1, 48, 72.71 W, 1410 MHz, 1512 MHz, 0 %, 79241 MiB
2026/09/14 09:37:15.961, 0, 70, 94.83 W, 1410 MHz, 1512 MHz, 0 %, 77509 MiB
2026/09/14 09:37:15.961, 1, 48, 71.83 W, 1410 MHz, 1512 MHz, 0 %, 79245 MiB
2026/09/14 09:37:20.961, 0, 68, 93.06 W, 1410 MHz, 1512 MHz, 28 %, 70637 MiB
2026/09/14 09:37:20.961, 1, 47, 71.47 W, 1410 MHz, 1512 MHz, 0 %, 79245 MiB
2026/09/14 09:37:25.962, 0, 67, 94.04 W, 1410 MHz, 1512 MHz, 100 %, 425 MiB
2026/09/14 09:37:25.962, 1, 47, 71.26 W, 1410 MHz, 1512 MHz, 0 %, 79245 MiB
2026/09/14 09:37:30.963, 0, 64, 57.17 W, 210 MHz, 1512 MHz, 0 %, 0 MiB
2026/09/14 09:37:30.963, 1, 46, 71.00 W, 1410 MHz, 1512 MHz, 0 %, 79245 MiB
2026/09/14 09:37:35.963, 0, 63, 56.68 W, 210 MHz, 1512 MHz, 0 %, 4 MiB
2026/09/14 09:37:35.964, 1, 46, 70.30 W, 1410 MHz, 1512 MHz, 0 %, 79245 MiB
2026/09/14 09:37:40.964, 0, 62, 55.41 W, 210 MHz, 1512 MHz, 0 %, 4 MiB
2026/09/14 09:37:40.964, 1, 46, 70.29 W, 1410 MHz, 1512 MHz, 0 %, 79245 MiB
2026/09/14 09:37:45.965, 0, 61, 54.91 W, 210 MHz, 1512 MHz, 0 %, 4 MiB
2026/09/14 09:37:45.965, 1, 46, 70.40 W, 1410 MHz, 1512 MHz, 0 %, 79245 MiB
2026/09/14 09:37:50.966, 0, 61, 84.61 W, 1410 MHz, 1512 MHz, 18 %, 67357 MiB
2026/09/14 09:37:50.966, 1, 46, 70.60 W, 1410 MHz, 1512 MHz, 0 %, 79245 MiB
2026/09/14 09:37:55.966, 0, 60, 84.89 W, 1410 MHz, 1512 MHz, 13 %, 67357 MiB
2026/09/14 09:37:55.966, 1, 46, 70.50 W, 1410 MHz, 1512 MHz, 0 %, 79245 MiB
2026/09/14 09:38:00.967, 0, 60, 84.30 W, 1410 MHz, 1512 MHz, 15 %, 67357 MiB
2026/09/14 09:38:00.967, 1, 46, 70.60 W, 1410 MHz, 1512 MHz, 0 %, 79245 MiB
2026/09/14 09:38:05.968, 0, 60, 84.10 W, 1410 MHz, 1512 MHz, 12 %, 67357 MiB
2026/09/14 09:38:05.968, 1, 46, 71.00 W, 1410 MHz, 1512 MHz, 0 %, 79245 MiB
2026/09/14 09:38:10.968, 0, 60, 82.75 W, 1410 MHz, 1512 MHz, 0 %, 68433 MiB
2026/09/14 09:38:10.968, 1, 47, 71.48 W, 1410 MHz, 1512 MHz, 0 %, 79245 MiB
2026/09/14 09:38:15.969, 0, 60, 83.13 W, 1410 MHz, 1512 MHz, 0 %, 68433 MiB
2026/09/14 09:38:15.969, 1, 47, 71.19 W, 1410 MHz, 1512 MHz, 0 %, 79245 MiB
2026/09/14 09:38:20.970, 0, 60, 83.03 W, 1410 MHz, 1512 MHz, 0 %, 69477 MiB
2026/09/14 09:38:20.970, 1, 47, 71.29 W, 1410 MHz, 1512 MHz, 0 %, 79245 MiB
2026/09/14 09:38:25.970, 0, 60, 83.22 W, 1410 MHz, 1512 MHz, 0 %, 69477 MiB
2026/09/14 09:38:25.970, 1, 47, 72.27 W, 1410 MHz, 1512 MHz, 0 %, 79245 MiB
2026/09/14 09:38:30.971, 0, 60, 84.40 W, 1410 MHz, 1512 MHz, 0 %, 69477 MiB
2026/09/14 09:38:30.971, 1, 48, 71.78 W, 1410 MHz, 1512 MHz, 0 %, 79245 MiB
2026/09/14 09:38:35.972, 0, 60, 83.61 W, 1410 MHz, 1512 MHz, 0 %, 69479 MiB
2026/09/14 09:38:35.972, 1, 48, 71.58 W, 1410 MHz, 1512 MHz, 0 %, 79245 MiB
2026/09/14 09:38:40.972, 0, 60, 83.44 W, 1410 MHz, 1512 MHz, 0 %, 69479 MiB
2026/09/14 09:38:40.973, 1, 48, 71.48 W, 1410 MHz, 1512 MHz, 0 %, 79245 MiB
2026/09/14 09:38:45.973, 0, 61, 83.51 W, 1410 MHz, 1512 MHz, 0 %, 69497 MiB
2026/09/14 09:38:45.973, 1, 48, 71.78 W, 1410 MHz, 1512 MHz, 0 %, 79245 MiB
2026/09/14 09:38:50.974, 0, 61, 86.22 W, 1410 MHz, 1512 MHz, 46 %, 69499 MiB
2026/09/14 09:38:50.974, 1, 48, 71.88 W, 1410 MHz, 1512 MHz, 0 %, 79245 MiB
2026/09/14 09:38:55.974, 0, 61, 84.70 W, 1410 MHz, 1512 MHz, 0 %, 69499 MiB
2026/09/14 09:38:55.975, 1, 49, 72.07 W, 1410 MHz, 1512 MHz, 0 %, 79245 MiB
2026/09/14 09:39:00.975, 0, 63, 207.39 W, 1410 MHz, 1512 MHz, 2 %, 69499 MiB
2026/09/14 09:39:00.975, 1, 49, 73.03 W, 1410 MHz, 1512 MHz, 0 %, 79245 MiB
2026/09/14 09:39:05.976, 0, 62, 85.09 W, 1410 MHz, 1512 MHz, 53 %, 69499 MiB
2026/09/14 09:39:05.976, 1, 49, 72.36 W, 1410 MHz, 1512 MHz, 0 %, 79245 MiB
2026/09/14 09:39:10.976, 0, 62, 85.38 W, 1410 MHz, 1512 MHz, 0 %, 69499 MiB
2026/09/14 09:39:10.976, 1, 49, 72.56 W, 1410 MHz, 1512 MHz, 0 %, 79245 MiB
2026/09/14 09:39:15.977, 0, 62, 84.69 W, 1410 MHz, 1512 MHz, 0 %, 69499 MiB
2026/09/14 09:39:15.977, 1, 49, 72.56 W, 1410 MHz, 1512 MHz, 0 %, 79245 MiB
2026/09/14 09:39:20.978, 0, 62, 84.98 W, 1410 MHz, 1512 MHz, 0 %, 69501 MiB
2026/09/14 09:39:20.978, 1, 49, 72.94 W, 1410 MHz, 1512 MHz, 0 %, 79245 MiB
2026/09/14 09:39:25.978, 0, 62, 85.09 W, 1410 MHz, 1512 MHz, 0 %, 69501 MiB
2026/09/14 09:39:25.979, 1, 49, 73.06 W, 1410 MHz, 1512 MHz, 0 %, 79245 MiB
2026/09/14 09:39:30.979, 0, 62, 85.38 W, 1410 MHz, 1512 MHz, 0 %, 69501 MiB
2026/09/14 09:39:30.979, 1, 50, 73.15 W, 1410 MHz, 1512 MHz, 0 %, 79245 MiB
2026/09/14 09:39:35.980, 0, 63, 113.03 W, 1410 MHz, 1512 MHz, 20 %, 69501 MiB
2026/09/14 09:39:35.980, 1, 50, 73.91 W, 1410 MHz, 1512 MHz, 0 %, 79245 MiB
2026/09/14 09:39:40.980, 0, 63, 85.58 W, 1410 MHz, 1512 MHz, 13 %, 69501 MiB
2026/09/14 09:39:40.980, 1, 50, 73.43 W, 1410 MHz, 1512 MHz, 0 %, 79245 MiB
2026/09/14 09:39:45.981, 0, 63, 86.26 W, 1410 MHz, 1512 MHz, 0 %, 69501 MiB
2026/09/14 09:39:45.981, 1, 50, 72.85 W, 1410 MHz, 1512 MHz, 0 %, 79245 MiB
2026/09/14 09:39:50.981, 0, 63, 86.45 W, 1410 MHz, 1512 MHz, 45 %, 69501 MiB
2026/09/14 09:39:50.982, 1, 50, 73.04 W, 1410 MHz, 1512 MHz, 0 %, 79245 MiB
2026/09/14 09:39:55.982, 0, 63, 85.88 W, 1410 MHz, 1512 MHz, 0 %, 69503 MiB
2026/09/14 09:39:55.982, 1, 50, 73.44 W, 1410 MHz, 1512 MHz, 0 %, 79245 MiB
2026/09/14 09:40:00.983, 0, 63, 86.16 W, 1410 MHz, 1512 MHz, 16 %, 69503 MiB
2026/09/14 09:40:00.983, 1, 50, 73.24 W, 1410 MHz, 1512 MHz, 0 %, 79245 MiB
2026/09/14 09:40:05.983, 0, 63, 104.12 W, 1410 MHz, 1512 MHz, 21 %, 69503 MiB
2026/09/14 09:40:05.984, 1, 50, 73.23 W, 1410 MHz, 1512 MHz, 0 %, 79245 MiB
2026/09/14 09:40:10.984, 0, 63, 86.26 W, 1410 MHz, 1512 MHz, 0 %, 69503 MiB
2026/09/14 09:40:10.984, 1, 51, 73.42 W, 1410 MHz, 1512 MHz, 0 %, 79245 MiB
2026/09/14 09:40:15.985, 0, 66, 198.13 W, 1410 MHz, 1512 MHz, 60 %, 69427 MiB
2026/09/14 09:40:15.985, 1, 51, 73.60 W, 1410 MHz, 1512 MHz, 0 %, 79245 MiB
2026/09/14 09:40:20.985, 0, 64, 87.72 W, 1410 MHz, 1512 MHz, 0 %, 70397 MiB
2026/09/14 09:40:20.985, 1, 51, 73.91 W, 1410 MHz, 1512 MHz, 0 %, 79245 MiB
2026/09/14 09:40:25.986, 0, 66, 201.93 W, 1410 MHz, 1512 MHz, 37 %, 70397 MiB
2026/09/14 09:40:25.986, 1, 51, 73.72 W, 1410 MHz, 1512 MHz, 0 %, 79245 MiB
2026/09/14 09:40:30.986, 0, 64, 86.65 W, 1410 MHz, 1512 MHz, 0 %, 76903 MiB
2026/09/14 09:40:30.987, 1, 51, 74.49 W, 1410 MHz, 1512 MHz, 0 %, 79245 MiB
2026/09/14 09:40:35.987, 0, 64, 86.65 W, 1410 MHz, 1512 MHz, 0 %, 76959 MiB
2026/09/14 09:40:35.987, 1, 51, 74.30 W, 1410 MHz, 1512 MHz, 0 %, 79245 MiB
2026/09/14 09:40:40.988, 0, 64, 87.34 W, 1410 MHz, 1512 MHz, 0 %, 76961 MiB
2026/09/14 09:40:40.988, 1, 51, 74.32 W, 1410 MHz, 1512 MHz, 0 %, 79245 MiB
2026/09/14 09:40:45.988, 0, 64, 86.86 W, 1410 MHz, 1512 MHz, 0 %, 76961 MiB
2026/09/14 09:40:45.988, 1, 51, 74.41 W, 1410 MHz, 1512 MHz, 0 %, 79245 MiB
2026/09/14 09:40:50.989, 0, 64, 86.76 W, 1410 MHz, 1512 MHz, 0 %, 77025 MiB
2026/09/14 09:40:50.989, 1, 51, 73.92 W, 1410 MHz, 1512 MHz, 0 %, 79245 MiB
2026/09/14 09:40:55.989, 0, 67, 273.88 W, 1410 MHz, 1512 MHz, 52 %, 77025 MiB
2026/09/14 09:40:55.990, 1, 51, 73.89 W, 1410 MHz, 1512 MHz, 0 %, 79245 MiB
2026/09/14 09:41:00.990, 0, 66, 93.55 W, 1410 MHz, 1512 MHz, 0 %, 77027 MiB
2026/09/14 09:41:00.990, 1, 52, 74.69 W, 1410 MHz, 1512 MHz, 0 %, 79245 MiB
2026/09/14 09:41:05.991, 0, 71, 283.93 W, 1410 MHz, 1512 MHz, 73 %, 77027 MiB
2026/09/14 09:41:05.991, 1, 52, 75.07 W, 1410 MHz, 1512 MHz, 0 %, 79245 MiB
2026/09/14 09:41:10.991, 0, 73, 283.83 W, 1410 MHz, 1512 MHz, 65 %, 77027 MiB
2026/09/14 09:41:10.992, 1, 52, 74.49 W, 1410 MHz, 1512 MHz, 0 %, 79245 MiB
2026/09/14 09:41:15.992, 0, 74, 197.43 W, 1410 MHz, 1512 MHz, 99 %, 77027 MiB
2026/09/14 09:41:15.992, 1, 52, 74.60 W, 1410 MHz, 1512 MHz, 0 %, 79245 MiB
2026/09/14 09:41:20.993, 0, 76, 312.22 W, 1410 MHz, 1512 MHz, 98 %, 77449 MiB
2026/09/14 09:41:20.993, 1, 51, 74.09 W, 1410 MHz, 1512 MHz, 0 %, 79245 MiB
2026/09/14 09:41:25.993, 0, 76, 294.68 W, 1410 MHz, 1512 MHz, 91 %, 77449 MiB
2026/09/14 09:41:25.994, 1, 51, 74.10 W, 1410 MHz, 1512 MHz, 0 %, 79245 MiB
2026/09/14 09:41:30.994, 0, 77, 300.70 W, 1410 MHz, 1512 MHz, 63 %, 77449 MiB
2026/09/14 09:41:30.994, 1, 50, 73.49 W, 1410 MHz, 1512 MHz, 0 %, 79245 MiB
2026/09/14 09:41:35.995, 0, 78, 283.65 W, 1410 MHz, 1512 MHz, 63 %, 77449 MiB
2026/09/14 09:41:35.995, 1, 50, 73.22 W, 1410 MHz, 1512 MHz, 0 %, 79245 MiB
2026/09/14 09:41:40.995, 0, 77, 155.95 W, 1410 MHz, 1512 MHz, 79 %, 77449 MiB
2026/09/14 09:41:40.996, 1, 50, 73.29 W, 1410 MHz, 1512 MHz, 0 %, 79247 MiB
2026/09/14 09:41:45.996, 0, 78, 293.60 W, 1395 MHz, 1512 MHz, 99 %, 77449 MiB
2026/09/14 09:41:45.996, 1, 49, 73.20 W, 1410 MHz, 1512 MHz, 0 %, 79247 MiB
2026/09/14 09:41:50.997, 0, 73, 98.98 W, 1410 MHz, 1512 MHz, 0 %, 77461 MiB
2026/09/14 09:41:50.997, 1, 49, 72.61 W, 1410 MHz, 1512 MHz, 0 %, 79247 MiB
2026/09/14 09:41:55.998, 0, 71, 95.68 W, 1410 MHz, 1512 MHz, 0 %, 77461 MiB
2026/09/14 09:41:55.998, 1, 48, 72.12 W, 1410 MHz, 1512 MHz, 0 %, 79247 MiB
2026/09/14 09:42:00.998, 0, 69, 93.46 W, 1410 MHz, 1512 MHz, 0 %, 77461 MiB
2026/09/14 09:42:00.998, 1, 48, 71.93 W, 1410 MHz, 1512 MHz, 0 %, 79247 MiB
2026/09/14 09:42:05.999, 0, 67, 94.63 W, 1410 MHz, 1512 MHz, 100 %, 425 MiB
2026/09/14 09:42:05.999, 1, 47, 71.16 W, 1410 MHz, 1512 MHz, 0 %, 79247 MiB
2026/09/14 09:42:11.000, 0, 65, 57.26 W, 210 MHz, 1512 MHz, 0 %, 0 MiB
2026/09/14 09:42:11.000, 1, 47, 70.79 W, 1410 MHz, 1512 MHz, 0 %, 79247 MiB
2026/09/14 09:42:16.000, 0, 63, 56.78 W, 210 MHz, 1512 MHz, 0 %, 4 MiB
2026/09/14 09:42:16.001, 1, 47, 70.79 W, 1410 MHz, 1512 MHz, 0 %, 79247 MiB
2026/09/14 09:42:21.001, 0, 62, 55.79 W, 210 MHz, 1512 MHz, 0 %, 4 MiB
2026/09/14 09:42:21.001, 1, 46, 70.90 W, 1410 MHz, 1512 MHz, 0 %, 79247 MiB
2026/09/14 09:42:26.002, 0, 60, 55.10 W, 210 MHz, 1512 MHz, 0 %, 4 MiB
2026/09/14 09:42:26.002, 1, 46, 70.60 W, 1410 MHz, 1512 MHz, 0 %, 79247 MiB
2026/09/14 09:42:31.002, 0, 60, 84.71 W, 1410 MHz, 1512 MHz, 2 %, 67357 MiB
2026/09/14 09:42:31.003, 1, 46, 70.69 W, 1410 MHz, 1512 MHz, 0 %, 79247 MiB
2026/09/14 09:42:36.003, 0, 60, 83.13 W, 1410 MHz, 1512 MHz, 5 %, 67357 MiB
2026/09/14 09:42:36.003, 1, 46, 70.59 W, 1410 MHz, 1512 MHz, 0 %, 79247 MiB
2026/09/14 09:42:41.004, 0, 59, 83.23 W, 1410 MHz, 1512 MHz, 19 %, 67357 MiB
2026/09/14 09:42:41.004, 1, 46, 70.89 W, 1410 MHz, 1512 MHz, 0 %, 79247 MiB
2026/09/14 09:42:46.004, 0, 59, 82.86 W, 1410 MHz, 1512 MHz, 20 %, 67357 MiB
2026/09/14 09:42:46.005, 1, 46, 70.79 W, 1410 MHz, 1512 MHz, 0 %, 79247 MiB
2026/09/14 09:42:51.005, 0, 59, 81.97 W, 1410 MHz, 1512 MHz, 0 %, 68433 MiB
2026/09/14 09:42:51.005, 1, 46, 70.89 W, 1410 MHz, 1512 MHz, 0 %, 79247 MiB
2026/09/14 09:42:56.006, 0, 59, 80.99 W, 1410 MHz, 1512 MHz, 0 %, 68433 MiB
2026/09/14 09:42:56.006, 1, 46, 71.68 W, 1410 MHz, 1512 MHz, 0 %, 79247 MiB
2026/09/14 09:43:01.006, 0, 59, 80.82 W, 1410 MHz, 1512 MHz, 0 %, 69477 MiB
2026/09/14 09:43:01.007, 1, 46, 71.08 W, 1410 MHz, 1512 MHz, 0 %, 79247 MiB
2026/09/14 09:43:06.007, 0, 59, 112.60 W, 1410 MHz, 1512 MHz, 8 %, 69477 MiB
2026/09/14 09:43:06.007, 1, 47, 70.50 W, 1410 MHz, 1512 MHz, 0 %, 79247 MiB
2026/09/14 09:43:11.008, 0, 59, 81.29 W, 1410 MHz, 1512 MHz, 0 %, 69477 MiB
2026/09/14 09:43:11.008, 1, 47, 70.79 W, 1410 MHz, 1512 MHz, 0 %, 79247 MiB
2026/09/14 09:43:16.008, 0, 59, 81.08 W, 1410 MHz, 1512 MHz, 0 %, 69479 MiB
2026/09/14 09:43:16.009, 1, 47, 71.29 W, 1410 MHz, 1512 MHz, 0 %, 79247 MiB
2026/09/14 09:43:21.009, 0, 59, 80.99 W, 1410 MHz, 1512 MHz, 0 %, 69479 MiB
2026/09/14 09:43:21.009, 1, 47, 71.19 W, 1410 MHz, 1512 MHz, 0 %, 79247 MiB
2026/09/14 09:43:26.010, 0, 59, 81.48 W, 1410 MHz, 1512 MHz, 0 %, 69497 MiB
2026/09/14 09:43:26.010, 1, 47, 71.38 W, 1410 MHz, 1512 MHz, 0 %, 79247 MiB
2026/09/14 09:43:31.010, 0, 60, 82.56 W, 1410 MHz, 1512 MHz, 0 %, 69499 MiB
2026/09/14 09:43:31.011, 1, 48, 71.38 W, 1410 MHz, 1512 MHz, 0 %, 79247 MiB
2026/09/14 09:43:36.011, 0, 60, 82.37 W, 1410 MHz, 1512 MHz, 0 %, 69499 MiB
2026/09/14 09:43:36.011, 1, 48, 71.78 W, 1410 MHz, 1512 MHz, 0 %, 79247 MiB
2026/09/14 09:43:41.012, 0, 60, 82.73 W, 1410 MHz, 1512 MHz, 51 %, 69499 MiB
2026/09/14 09:43:41.012, 1, 48, 71.98 W, 1410 MHz, 1512 MHz, 0 %, 79247 MiB
2026/09/14 09:43:46.013, 0, 60, 82.93 W, 1410 MHz, 1512 MHz, 0 %, 69499 MiB
2026/09/14 09:43:46.013, 1, 48, 72.17 W, 1410 MHz, 1512 MHz, 0 %, 79247 MiB
2026/09/14 09:43:51.013, 0, 60, 82.56 W, 1410 MHz, 1512 MHz, 0 %, 69499 MiB
2026/09/14 09:43:51.013, 1, 48, 72.27 W, 1410 MHz, 1512 MHz, 0 %, 79247 MiB
2026/09/14 09:43:56.014, 0, 61, 82.92 W, 1410 MHz, 1512 MHz, 41 %, 69499 MiB
2026/09/14 09:43:56.014, 1, 49, 72.56 W, 1410 MHz, 1512 MHz, 0 %, 79247 MiB
2026/09/14 09:44:01.015, 0, 61, 82.77 W, 1410 MHz, 1512 MHz, 0 %, 69501 MiB
2026/09/14 09:44:01.015, 1, 49, 72.64 W, 1410 MHz, 1512 MHz, 0 %, 79247 MiB
2026/09/14 09:44:06.015, 0, 61, 83.61 W, 1410 MHz, 1512 MHz, 0 %, 69501 MiB
2026/09/14 09:44:06.015, 1, 49, 72.73 W, 1410 MHz, 1512 MHz, 0 %, 79247 MiB
2026/09/14 09:44:11.016, 0, 61, 83.32 W, 1410 MHz, 1512 MHz, 52 %, 69501 MiB
2026/09/14 09:44:11.016, 1, 49, 73.06 W, 1410 MHz, 1512 MHz, 0 %, 79247 MiB
2026/09/14 09:44:16.016, 0, 61, 83.25 W, 1410 MHz, 1512 MHz, 0 %, 69501 MiB
2026/09/14 09:44:16.017, 1, 49, 72.66 W, 1410 MHz, 1512 MHz, 0 %, 79247 MiB
2026/09/14 09:44:21.017, 0, 62, 85.46 W, 1410 MHz, 1512 MHz, 17 %, 69501 MiB
2026/09/14 09:44:21.017, 1, 49, 72.75 W, 1410 MHz, 1512 MHz, 0 %, 79247 MiB
2026/09/14 09:44:26.018, 0, 61, 84.11 W, 1410 MHz, 1512 MHz, 0 %, 69501 MiB
2026/09/14 09:44:26.018, 1, 50, 72.85 W, 1410 MHz, 1512 MHz, 0 %, 79247 MiB
2026/09/14 09:44:31.018, 0, 62, 83.89 W, 1410 MHz, 1512 MHz, 0 %, 69501 MiB
2026/09/14 09:44:31.019, 1, 50, 73.44 W, 1410 MHz, 1512 MHz, 0 %, 79247 MiB
2026/09/14 09:44:36.019, 0, 62, 84.30 W, 1410 MHz, 1512 MHz, 23 %, 69503 MiB
2026/09/14 09:44:36.019, 1, 50, 73.15 W, 1410 MHz, 1512 MHz, 0 %, 79247 MiB
2026/09/14 09:44:41.020, 0, 62, 84.80 W, 1410 MHz, 1512 MHz, 52 %, 69503 MiB
2026/09/14 09:44:41.020, 1, 50, 73.15 W, 1410 MHz, 1512 MHz, 0 %, 79247 MiB
2026/09/14 09:44:46.020, 0, 62, 84.21 W, 1410 MHz, 1512 MHz, 0 %, 69503 MiB
2026/09/14 09:44:46.021, 1, 50, 73.35 W, 1410 MHz, 1512 MHz, 0 %, 79247 MiB
2026/09/14 09:44:51.021, 0, 62, 83.99 W, 1410 MHz, 1512 MHz, 35 %, 69503 MiB
2026/09/14 09:44:51.021, 1, 50, 75.00 W, 1410 MHz, 1512 MHz, 0 %, 79247 MiB
2026/09/14 09:44:56.022, 0, 64, 215.24 W, 1410 MHz, 1512 MHz, 63 %, 69427 MiB
2026/09/14 09:44:56.022, 1, 50, 73.82 W, 1410 MHz, 1512 MHz, 0 %, 79247 MiB
2026/09/14 09:45:01.023, 0, 63, 86.56 W, 1410 MHz, 1512 MHz, 0 %, 70397 MiB
2026/09/14 09:45:01.023, 1, 51, 73.75 W, 1410 MHz, 1512 MHz, 0 %, 79247 MiB
2026/09/14 09:45:06.023, 0, 63, 261.11 W, 1410 MHz, 1512 MHz, 15 %, 70397 MiB
2026/09/14 09:45:06.024, 1, 51, 73.80 W, 1410 MHz, 1512 MHz, 0 %, 79247 MiB
2026/09/14 09:45:11.024, 0, 63, 85.97 W, 1410 MHz, 1512 MHz, 0 %, 76903 MiB
2026/09/14 09:45:11.024, 1, 51, 74.42 W, 1410 MHz, 1512 MHz, 0 %, 79247 MiB
2026/09/14 09:45:16.025, 0, 63, 85.87 W, 1410 MHz, 1512 MHz, 0 %, 76973 MiB
2026/09/14 09:45:16.025, 1, 51, 74.31 W, 1410 MHz, 1512 MHz, 0 %, 79247 MiB
2026/09/14 09:45:21.025, 0, 65, 280.49 W, 1410 MHz, 1512 MHz, 65 %, 77025 MiB
2026/09/14 09:45:21.026, 1, 51, 73.93 W, 1410 MHz, 1512 MHz, 0 %, 79247 MiB
2026/09/14 09:45:26.026, 0, 67, 283.44 W, 1410 MHz, 1512 MHz, 99 %, 77027 MiB
2026/09/14 09:45:26.026, 1, 51, 73.60 W, 1410 MHz, 1512 MHz, 0 %, 79247 MiB
2026/09/14 09:45:31.027, 0, 69, 284.67 W, 1410 MHz, 1512 MHz, 99 %, 77027 MiB
2026/09/14 09:45:31.027, 1, 56, 240.80 W, 1395 MHz, 1512 MHz, 100 %, 79735 MiB
2026/09/14 09:45:36.027, 0, 71, 305.17 W, 1410 MHz, 1512 MHz, 99 %, 77027 MiB
2026/09/14 09:45:36.028, 1, 57, 223.15 W, 1410 MHz, 1512 MHz, 100 %, 79735 MiB
2026/09/14 09:45:41.028, 0, 72, 288.01 W, 1410 MHz, 1512 MHz, 99 %, 77027 MiB
2026/09/14 09:45:41.028, 1, 58, 230.37 W, 1410 MHz, 1512 MHz, 100 %, 79735 MiB
2026/09/14 09:45:46.029, 0, 73, 295.86 W, 1410 MHz, 1512 MHz, 82 %, 77449 MiB
2026/09/14 09:45:46.029, 1, 59, 84.32 W, 1410 MHz, 1512 MHz, 97 %, 80157 MiB
2026/09/14 09:45:51.029, 0, 73, 295.54 W, 1395 MHz, 1512 MHz, 92 %, 77449 MiB
2026/09/14 09:45:51.030, 1, 61, 249.70 W, 1395 MHz, 1512 MHz, 100 %, 80157 MiB
2026/09/14 09:45:56.030, 0, 74, 314.05 W, 1410 MHz, 1512 MHz, 72 %, 77449 MiB
2026/09/14 09:45:56.030, 1, 61, 272.47 W, 1395 MHz, 1512 MHz, 100 %, 80157 MiB
2026/09/14 09:46:01.031, 0, 75, 300.24 W, 1410 MHz, 1512 MHz, 80 %, 77449 MiB
2026/09/14 09:46:01.031, 1, 62, 316.05 W, 1395 MHz, 1512 MHz, 100 %, 80157 MiB
2026/09/14 09:46:06.032, 0, 74, 142.66 W, 1410 MHz, 1512 MHz, 93 %, 77449 MiB
2026/09/14 09:46:06.032, 1, 63, 233.95 W, 1395 MHz, 1512 MHz, 100 %, 80157 MiB
2026/09/14 09:46:11.032, 0, 75, 157.88 W, 1410 MHz, 1512 MHz, 90 %, 77449 MiB
2026/09/14 09:46:11.033, 1, 64, 320.73 W, 1395 MHz, 1512 MHz, 100 %, 80169 MiB
2026/09/14 09:46:16.033, 0, 77, 298.12 W, 1410 MHz, 1512 MHz, 99 %, 77461 MiB
2026/09/14 09:46:16.033, 1, 64, 308.60 W, 1395 MHz, 1512 MHz, 100 %, 80169 MiB
2026/09/14 09:46:21.034, 0, 71, 96.47 W, 1410 MHz, 1512 MHz, 0 %, 77461 MiB
2026/09/14 09:46:21.034, 1, 60, 83.30 W, 1410 MHz, 1512 MHz, 0 %, 80169 MiB
2026/09/14 09:46:26.034, 0, 69, 94.24 W, 1410 MHz, 1512 MHz, 0 %, 77461 MiB
2026/09/14 09:46:26.035, 1, 59, 81.74 W, 1410 MHz, 1512 MHz, 0 %, 80169 MiB
2026/09/14 09:46:31.035, 0, 68, 92.50 W, 1410 MHz, 1512 MHz, 0 %, 68969 MiB
2026/09/14 09:46:31.035, 1, 58, 80.47 W, 1410 MHz, 1512 MHz, 0 %, 80169 MiB
2026/09/14 09:46:36.036, 0, 67, 92.12 W, 1410 MHz, 1512 MHz, 0 %, 0 MiB
2026/09/14 09:46:36.036, 1, 57, 80.67 W, 1410 MHz, 1512 MHz, 0 %, 80169 MiB
2026/09/14 09:46:41.036, 0, 65, 57.57 W, 210 MHz, 1512 MHz, 0 %, 0 MiB
2026/09/14 09:46:41.037, 1, 56, 78.73 W, 1410 MHz, 1512 MHz, 0 %, 80169 MiB
2026/09/14 09:46:46.037, 0, 64, 57.17 W, 210 MHz, 1512 MHz, 0 %, 4 MiB
2026/09/14 09:46:46.038, 1, 55, 78.24 W, 1410 MHz, 1512 MHz, 0 %, 80169 MiB
2026/09/14 09:46:51.038, 0, 63, 56.68 W, 210 MHz, 1512 MHz, 0 %, 4 MiB
2026/09/14 09:46:51.038, 1, 55, 81.54 W, 1410 MHz, 1512 MHz, 0 %, 72207 MiB
2026/09/14 09:46:56.039, 0, 62, 56.38 W, 210 MHz, 1512 MHz, 0 %, 4 MiB
2026/09/14 09:46:56.039, 1, 54, 51.67 W, 210 MHz, 1512 MHz, 0 %, 0 MiB
2026/09/14 09:47:01.039, 0, 63, 85.79 W, 1410 MHz, 1512 MHz, 7 %, 67357 MiB
2026/09/14 09:47:01.040, 1, 55, 77.66 W, 1410 MHz, 1512 MHz, 0 %, 613 MiB
2026/09/14 09:47:06.040, 0, 62, 85.98 W, 1410 MHz, 1512 MHz, 18 %, 67357 MiB
2026/09/14 09:47:06.041, 1, 56, 114.76 W, 1410 MHz, 1512 MHz, 100 %, 2631 MiB
2026/09/14 09:47:11.041, 0, 62, 86.17 W, 1410 MHz, 1512 MHz, 17 %, 67357 MiB
2026/09/14 09:47:11.041, 1, 57, 114.46 W, 1410 MHz, 1512 MHz, 100 %, 2631 MiB
2026/09/14 09:47:16.042, 0, 62, 86.46 W, 1410 MHz, 1512 MHz, 20 %, 67357 MiB
2026/09/14 09:47:16.042, 1, 56, 79.32 W, 1410 MHz, 1512 MHz, 53 %, 2631 MiB
2026/09/14 09:47:21.043, 0, 62, 85.29 W, 1410 MHz, 1512 MHz, 0 %, 68433 MiB
2026/09/14 09:47:21.043, 1, 60, 148.68 W, 1410 MHz, 1512 MHz, 100 %, 2711 MiB
2026/09/14 09:47:26.043, 0, 63, 106.83 W, 1410 MHz, 1512 MHz, 16 %, 69477 MiB
2026/09/14 09:47:26.044, 1, 61, 180.78 W, 1410 MHz, 1512 MHz, 100 %, 2837 MiB
2026/09/14 09:47:31.044, 0, 64, 238.31 W, 1410 MHz, 1512 MHz, 11 %, 69477 MiB
2026/09/14 09:47:31.045, 1, 62, 181.47 W, 1410 MHz, 1512 MHz, 100 %, 2837 MiB
2026/09/14 09:47:36.045, 0, 63, 86.04 W, 1410 MHz, 1512 MHz, 0 %, 69477 MiB
2026/09/14 09:47:36.046, 1, 63, 182.05 W, 1410 MHz, 1512 MHz, 100 %, 2837 MiB
2026/09/14 09:47:41.046, 0, 63, 85.67 W, 1410 MHz, 1512 MHz, 0 %, 69477 MiB
2026/09/14 09:47:41.047, 1, 66, 301.94 W, 1365 MHz, 1512 MHz, 94 %, 2831 MiB
2026/09/14 09:47:46.047, 0, 62, 85.48 W, 1410 MHz, 1512 MHz, 0 %, 69479 MiB
2026/09/14 09:47:46.047, 1, 68, 303.11 W, 1320 MHz, 1512 MHz, 100 %, 3121 MiB
2026/09/14 09:47:51.048, 0, 62, 86.46 W, 1410 MHz, 1512 MHz, 0 %, 69479 MiB
2026/09/14 09:47:51.048, 1, 70, 296.95 W, 1290 MHz, 1512 MHz, 100 %, 3377 MiB
2026/09/14 09:47:56.049, 0, 63, 109.88 W, 1410 MHz, 1512 MHz, 33 %, 69499 MiB
2026/09/14 09:47:56.049, 1, 69, 189.89 W, 1410 MHz, 1512 MHz, 100 %, 3357 MiB
2026/09/14 09:48:01.049, 0, 63, 121.72 W, 1410 MHz, 1512 MHz, 31 %, 69499 MiB
2026/09/14 09:48:01.050, 1, 69, 191.81 W, 1410 MHz, 1512 MHz, 100 %, 3357 MiB
2026/09/14 09:48:06.050, 0, 62, 85.38 W, 1410 MHz, 1512 MHz, 0 %, 69499 MiB
2026/09/14 09:48:06.050, 1, 69, 191.95 W, 1410 MHz, 1512 MHz, 100 %, 3357 MiB
2026/09/14 09:48:11.051, 0, 62, 85.19 W, 1410 MHz, 1512 MHz, 0 %, 69499 MiB
2026/09/14 09:48:11.051, 1, 69, 192.71 W, 1410 MHz, 1512 MHz, 100 %, 3357 MiB
2026/09/14 09:48:16.052, 0, 62, 84.89 W, 1410 MHz, 1512 MHz, 0 %, 69499 MiB
2026/09/14 09:48:16.052, 1, 69, 190.88 W, 1410 MHz, 1512 MHz, 100 %, 3357 MiB
2026/09/14 09:48:21.052, 0, 62, 84.60 W, 1410 MHz, 1512 MHz, 0 %, 69499 MiB
2026/09/14 09:48:21.052, 1, 70, 192.13 W, 1410 MHz, 1512 MHz, 100 %, 3357 MiB
2026/09/14 09:48:26.053, 0, 62, 84.69 W, 1410 MHz, 1512 MHz, 0 %, 69501 MiB
2026/09/14 09:48:26.053, 1, 72, 233.45 W, 1410 MHz, 1512 MHz, 100 %, 3359 MiB
2026/09/14 09:48:31.054, 0, 62, 86.13 W, 1410 MHz, 1512 MHz, 52 %, 69501 MiB
2026/09/14 09:48:31.054, 1, 74, 291.52 W, 1260 MHz, 1512 MHz, 100 %, 3127 MiB
2026/09/14 09:48:36.054, 0, 62, 84.89 W, 1410 MHz, 1512 MHz, 0 %, 69501 MiB
2026/09/14 09:48:36.055, 1, 76, 290.76 W, 1230 MHz, 1512 MHz, 100 %, 3383 MiB
2026/09/14 09:48:41.055, 0, 62, 84.58 W, 1410 MHz, 1512 MHz, 0 %, 69501 MiB
2026/09/14 09:48:41.055, 1, 75, 222.32 W, 1410 MHz, 1512 MHz, 100 %, 3363 MiB
2026/09/14 09:48:46.056, 0, 61, 84.68 W, 1410 MHz, 1512 MHz, 0 %, 69501 MiB
2026/09/14 09:48:46.056, 1, 78, 300.42 W, 1245 MHz, 1512 MHz, 100 %, 3895 MiB
2026/09/14 09:48:51.056, 0, 62, 84.77 W, 1410 MHz, 1512 MHz, 2 %, 69501 MiB
2026/09/14 09:48:51.057, 1, 77, 210.78 W, 1410 MHz, 1512 MHz, 100 %, 3875 MiB
2026/09/14 09:48:56.057, 0, 61, 84.49 W, 1410 MHz, 1512 MHz, 0 %, 69503 MiB
2026/09/14 09:48:56.057, 1, 77, 213.12 W, 1410 MHz, 1512 MHz, 100 %, 3875 MiB
2026/09/14 09:49:01.058, 0, 62, 194.50 W, 1410 MHz, 1512 MHz, 31 %, 69503 MiB
2026/09/14 09:49:01.058, 1, 77, 211.67 W, 1410 MHz, 1512 MHz, 100 %, 3875 MiB
2026/09/14 09:49:06.059, 0, 61, 84.29 W, 1410 MHz, 1512 MHz, 51 %, 69503 MiB
2026/09/14 09:49:06.059, 1, 77, 210.50 W, 1410 MHz, 1512 MHz, 100 %, 3875 MiB
2026/09/14 09:49:11.059, 0, 61, 191.64 W, 1410 MHz, 1512 MHz, 0 %, 69503 MiB
2026/09/14 09:49:11.059, 1, 77, 211.76 W, 1410 MHz, 1512 MHz, 100 %, 3875 MiB
2026/09/14 09:49:16.060, 0, 62, 201.55 W, 1410 MHz, 1512 MHz, 62 %, 69427 MiB
2026/09/14 09:49:16.060, 1, 77, 213.01 W, 1410 MHz, 1512 MHz, 100 %, 3875 MiB
2026/09/14 09:49:21.061, 0, 61, 90.43 W, 1410 MHz, 1512 MHz, 6 %, 70397 MiB
2026/09/14 09:49:21.061, 1, 77, 211.04 W, 1410 MHz, 1512 MHz, 100 %, 3875 MiB
2026/09/14 09:49:26.061, 0, 60, 246.77 W, 1410 MHz, 1512 MHz, 33 %, 70397 MiB
2026/09/14 09:49:26.062, 1, 77, 209.13 W, 1410 MHz, 1512 MHz, 100 %, 3875 MiB
2026/09/14 09:49:31.062, 0, 60, 82.53 W, 1410 MHz, 1512 MHz, 0 %, 76903 MiB
2026/09/14 09:49:31.062, 1, 76, 211.54 W, 1410 MHz, 1512 MHz, 100 %, 3875 MiB
2026/09/14 09:49:36.063, 0, 59, 82.14 W, 1410 MHz, 1512 MHz, 0 %, 76973 MiB
2026/09/14 09:49:36.063, 1, 76, 212.34 W, 1410 MHz, 1512 MHz, 100 %, 3875 MiB
2026/09/14 09:49:41.063, 0, 61, 275.14 W, 1410 MHz, 1512 MHz, 49 %, 77025 MiB
2026/09/14 09:49:41.064, 1, 76, 212.18 W, 1410 MHz, 1512 MHz, 100 %, 3875 MiB
2026/09/14 09:49:46.064, 0, 60, 82.53 W, 1410 MHz, 1512 MHz, 0 %, 77025 MiB
2026/09/14 09:49:46.064, 1, 76, 209.42 W, 1410 MHz, 1512 MHz, 100 %, 3875 MiB
2026/09/14 09:49:51.065, 0, 61, 84.34 W, 1410 MHz, 1512 MHz, 0 %, 77027 MiB
2026/09/14 09:49:51.065, 1, 75, 210.78 W, 1410 MHz, 1512 MHz, 100 %, 3875 MiB
2026/09/14 09:49:56.066, 0, 66, 282.58 W, 1410 MHz, 1512 MHz, 100 %, 77027 MiB
2026/09/14 09:49:56.066, 1, 72, 98.50 W, 1410 MHz, 1512 MHz, 0 %, 0 MiB
2026/09/14 09:50:01.066, 0, 67, 299.65 W, 1395 MHz, 1512 MHz, 99 %, 77027 MiB
2026/09/14 09:50:01.067, 1, 69, 61.17 W, 210 MHz, 1512 MHz, 0 %, 0 MiB
2026/09/14 09:50:06.067, 0, 68, 310.51 W, 1395 MHz, 1512 MHz, 67 %, 77027 MiB
2026/09/14 09:50:06.067, 1, 67, 59.81 W, 210 MHz, 1512 MHz, 0 %, 4 MiB
2026/09/14 09:50:11.068, 0, 70, 297.27 W, 1380 MHz, 1512 MHz, 100 %, 77027 MiB
2026/09/14 09:50:11.068, 1, 66, 58.62 W, 210 MHz, 1512 MHz, 0 %, 4 MiB
2026/09/14 09:50:16.069, 0, 71, 277.85 W, 1410 MHz, 1512 MHz, 87 %, 77449 MiB
2026/09/14 09:50:16.069, 1, 64, 57.56 W, 210 MHz, 1512 MHz, 0 %, 4 MiB
2026/09/14 09:50:21.070, 0, 72, 300.25 W, 1395 MHz, 1512 MHz, 99 %, 77449 MiB
2026/09/14 09:50:21.070, 1, 64, 88.66 W, 1410 MHz, 1512 MHz, 17 %, 67325 MiB
2026/09/14 09:50:26.070, 0, 74, 283.23 W, 1380 MHz, 1512 MHz, 99 %, 77449 MiB
2026/09/14 09:50:26.071, 1, 63, 87.59 W, 1410 MHz, 1512 MHz, 18 %, 67325 MiB
2026/09/14 09:50:31.071, 0, 75, 294.96 W, 1380 MHz, 1512 MHz, 100 %, 77449 MiB
2026/09/14 09:50:31.071, 1, 62, 86.53 W, 1410 MHz, 1512 MHz, 19 %, 67325 MiB
2026/09/14 09:50:36.072, 0, 75, 291.61 W, 1395 MHz, 1512 MHz, 100 %, 77449 MiB
2026/09/14 09:50:36.072, 1, 61, 85.75 W, 1410 MHz, 1512 MHz, 16 %, 67325 MiB
2026/09/14 09:50:41.073, 0, 76, 283.75 W, 1380 MHz, 1512 MHz, 100 %, 77449 MiB
2026/09/14 09:50:41.073, 1, 60, 84.01 W, 1410 MHz, 1512 MHz, 1 %, 67071 MiB
2026/09/14 09:50:46.073, 0, 77, 307.40 W, 1380 MHz, 1512 MHz, 66 %, 77449 MiB
2026/09/14 09:50:46.073, 1, 60, 84.07 W, 1410 MHz, 1512 MHz, 9 %, 74373 MiB
2026/09/14 09:50:51.074, 0, 78, 293.29 W, 1365 MHz, 1512 MHz, 99 %, 77449 MiB
2026/09/14 09:50:51.074, 1, 64, 286.50 W, 1410 MHz, 1512 MHz, 100 %, 74487 MiB
2026/09/14 09:50:56.075, 0, 73, 99.09 W, 1410 MHz, 1512 MHz, 0 %, 77461 MiB
2026/09/14 09:50:56.075, 1, 64, 287.47 W, 1410 MHz, 1512 MHz, 100 %, 74509 MiB
2026/09/14 09:51:01.075, 0, 71, 96.27 W, 1410 MHz, 1512 MHz, 0 %, 77461 MiB
2026/09/14 09:51:01.076, 1, 65, 290.06 W, 1410 MHz, 1512 MHz, 100 %, 74931 MiB
2026/09/14 09:51:06.076, 0, 69, 93.75 W, 1410 MHz, 1512 MHz, 0 %, 77461 MiB
2026/09/14 09:51:06.076, 1, 67, 290.84 W, 1410 MHz, 1512 MHz, 100 %, 74931 MiB
2026/09/14 09:51:11.077, 0, 68, 93.18 W, 1410 MHz, 1512 MHz, 0 %, 68969 MiB
2026/09/14 09:51:11.077, 1, 68, 294.42 W, 1410 MHz, 1512 MHz, 100 %, 74931 MiB
2026/09/14 09:51:16.078, 0, 65, 58.52 W, 330 MHz, 1512 MHz, 0 %, 0 MiB
2026/09/14 09:51:16.078, 1, 65, 89.35 W, 1410 MHz, 1512 MHz, 0 %, 74943 MiB
2026/09/14 09:51:21.079, 0, 64, 57.27 W, 210 MHz, 1512 MHz, 0 %, 0 MiB
2026/09/14 09:51:21.079, 1, 63, 87.40 W, 1410 MHz, 1512 MHz, 0 %, 74943 MiB
2026/09/14 09:51:26.079, 0, 62, 56.28 W, 210 MHz, 1512 MHz, 0 %, 4 MiB
2026/09/14 09:51:26.080, 1, 61, 84.29 W, 1410 MHz, 1512 MHz, 0 %, 74943 MiB
2026/09/14 09:51:31.080, 0, 61, 55.60 W, 210 MHz, 1512 MHz, 0 %, 4 MiB
2026/09/14 09:51:31.080, 1, 60, 82.43 W, 1410 MHz, 1512 MHz, 0 %, 74943 MiB
2026/09/14 09:51:36.081, 0, 61, 83.52 W, 1410 MHz, 1512 MHz, 2 %, 425 MiB
2026/09/14 09:51:36.081, 1, 59, 81.65 W, 1410 MHz, 1512 MHz, 0 %, 74943 MiB
2026/09/14 09:51:41.082, 0, 60, 84.10 W, 1410 MHz, 1512 MHz, 21 %, 67357 MiB
2026/09/14 09:51:41.082, 1, 59, 81.55 W, 1410 MHz, 1512 MHz, 0 %, 67409 MiB
2026/09/14 09:51:46.082, 0, 60, 84.70 W, 1410 MHz, 1512 MHz, 14 %, 67357 MiB
2026/09/14 09:51:46.083, 1, 57, 53.64 W, 270 MHz, 1512 MHz, 0 %, 0 MiB
2026/09/14 09:51:51.083, 0, 60, 83.61 W, 1410 MHz, 1512 MHz, 24 %, 67357 MiB
2026/09/14 09:51:51.083, 1, 57, 52.95 W, 210 MHz, 1512 MHz, 0 %, 0 MiB
2026/09/14 09:51:56.084, 0, 60, 82.56 W, 1410 MHz, 1512 MHz, 0 %, 68433 MiB
2026/09/14 09:51:56.084, 1, 56, 52.76 W, 210 MHz, 1512 MHz, 0 %, 4 MiB
2026/09/14 09:52:01.084, 0, 60, 82.46 W, 1410 MHz, 1512 MHz, 0 %, 68433 MiB
2026/09/14 09:52:01.085, 1, 56, 52.47 W, 210 MHz, 1512 MHz, 0 %, 4 MiB
2026/09/14 09:52:06.085, 0, 60, 83.03 W, 1410 MHz, 1512 MHz, 0 %, 69477 MiB
2026/09/14 09:52:06.085, 1, 56, 78.43 W, 1410 MHz, 1512 MHz, 2 %, 425 MiB
2026/09/14 09:52:11.086, 0, 60, 83.23 W, 1410 MHz, 1512 MHz, 0 %, 69477 MiB
2026/09/14 09:52:11.086, 1, 56, 79.02 W, 1410 MHz, 1512 MHz, 18 %, 67357 MiB
2026/09/14 09:52:16.087, 0, 60, 83.25 W, 1410 MHz, 1512 MHz, 0 %, 69477 MiB
2026/09/14 09:52:16.087, 1, 56, 79.11 W, 1410 MHz, 1512 MHz, 19 %, 67357 MiB
2026/09/14 09:52:21.087, 0, 60, 83.61 W, 1410 MHz, 1512 MHz, 0 %, 69479 MiB
2026/09/14 09:52:21.087, 1, 56, 79.32 W, 1410 MHz, 1512 MHz, 19 %, 67357 MiB
2026/09/14 09:52:26.088, 0, 60, 83.73 W, 1410 MHz, 1512 MHz, 0 %, 69479 MiB
2026/09/14 09:52:26.088, 1, 56, 78.74 W, 1410 MHz, 1512 MHz, 0 %, 68433 MiB
2026/09/14 09:52:31.089, 0, 61, 83.90 W, 1410 MHz, 1512 MHz, 0 %, 69497 MiB
2026/09/14 09:52:31.089, 1, 56, 78.42 W, 1410 MHz, 1512 MHz, 0 %, 68433 MiB
2026/09/14 09:52:36.089, 0, 61, 85.47 W, 1410 MHz, 1512 MHz, 39 %, 69499 MiB
2026/09/14 09:52:36.090, 1, 56, 78.98 W, 1410 MHz, 1512 MHz, 0 %, 69477 MiB
2026/09/14 09:52:41.090, 0, 62, 205.04 W, 1410 MHz, 1512 MHz, 38 %, 69499 MiB
2026/09/14 09:52:41.090, 1, 56, 79.01 W, 1410 MHz, 1512 MHz, 0 %, 69477 MiB
2026/09/14 09:52:46.091, 0, 61, 84.50 W, 1410 MHz, 1512 MHz, 0 %, 69499 MiB
2026/09/14 09:52:46.091, 1, 57, 79.41 W, 1410 MHz, 1512 MHz, 0 %, 69477 MiB
2026/09/14 09:52:51.091, 0, 62, 85.36 W, 1410 MHz, 1512 MHz, 51 %, 69499 MiB
2026/09/14 09:52:51.092, 1, 56, 79.86 W, 1410 MHz, 1512 MHz, 0 %, 69479 MiB
2026/09/14 09:52:56.092, 0, 62, 190.28 W, 1410 MHz, 1512 MHz, 12 %, 69499 MiB
2026/09/14 09:52:56.092, 1, 56, 79.30 W, 1410 MHz, 1512 MHz, 0 %, 69479 MiB
2026/09/14 09:53:01.093, 0, 62, 85.58 W, 1410 MHz, 1512 MHz, 0 %, 69501 MiB
2026/09/14 09:53:01.094, 1, 58, 196.11 W, 1410 MHz, 1512 MHz, 0 %, 69497 MiB
2026/09/14 09:53:06.094, 0, 62, 85.08 W, 1410 MHz, 1512 MHz, 0 %, 69501 MiB
2026/09/14 09:53:06.095, 1, 58, 147.62 W, 1410 MHz, 1512 MHz, 0 %, 69499 MiB
2026/09/14 09:53:11.095, 0, 63, 85.96 W, 1410 MHz, 1512 MHz, 42 %, 69501 MiB
2026/09/14 09:53:11.096, 1, 57, 80.01 W, 1410 MHz, 1512 MHz, 52 %, 69499 MiB
2026/09/14 09:53:16.096, 0, 63, 86.06 W, 1410 MHz, 1512 MHz, 52 %, 69501 MiB
2026/09/14 09:53:16.097, 1, 58, 79.89 W, 1410 MHz, 1512 MHz, 52 %, 69499 MiB
2026/09/14 09:53:21.097, 0, 63, 208.99 W, 1410 MHz, 1512 MHz, 30 %, 69501 MiB
2026/09/14 09:53:21.098, 1, 58, 79.68 W, 1410 MHz, 1512 MHz, 0 %, 69499 MiB
2026/09/14 09:53:26.098, 0, 63, 85.97 W, 1410 MHz, 1512 MHz, 0 %, 69501 MiB
2026/09/14 09:53:26.099, 1, 58, 80.47 W, 1410 MHz, 1512 MHz, 44 %, 69499 MiB
2026/09/14 09:53:31.099, 0, 63, 99.21 W, 1410 MHz, 1512 MHz, 0 %, 69501 MiB
2026/09/14 09:53:31.100, 1, 58, 88.06 W, 1410 MHz, 1512 MHz, 12 %, 69499 MiB
2026/09/14 09:53:36.100, 0, 63, 87.14 W, 1410 MHz, 1512 MHz, 0 %, 69503 MiB
2026/09/14 09:53:36.101, 1, 58, 80.07 W, 1410 MHz, 1512 MHz, 0 %, 69501 MiB
2026/09/14 09:53:41.102, 0, 63, 86.66 W, 1410 MHz, 1512 MHz, 0 %, 69503 MiB
2026/09/14 09:53:41.102, 1, 58, 80.19 W, 1410 MHz, 1512 MHz, 0 %, 69501 MiB
2026/09/14 09:53:46.103, 0, 63, 86.65 W, 1410 MHz, 1512 MHz, 0 %, 69503 MiB
2026/09/14 09:53:46.103, 1, 58, 81.36 W, 1410 MHz, 1512 MHz, 0 %, 69501 MiB
2026/09/14 09:53:51.103, 0, 63, 86.35 W, 1410 MHz, 1512 MHz, 0 %, 69503 MiB
2026/09/14 09:53:51.104, 1, 59, 196.21 W, 1410 MHz, 1512 MHz, 0 %, 69501 MiB
2026/09/14 09:53:56.104, 0, 66, 204.94 W, 1410 MHz, 1512 MHz, 65 %, 69427 MiB
2026/09/14 09:53:56.105, 1, 58, 80.67 W, 1410 MHz, 1512 MHz, 0 %, 69501 MiB
2026/09/14 09:54:01.105, 0, 64, 87.36 W, 1410 MHz, 1512 MHz, 0 %, 70397 MiB
2026/09/14 09:54:01.106, 1, 58, 81.26 W, 1410 MHz, 1512 MHz, 17 %, 69501 MiB
2026/09/14 09:54:06.106, 0, 64, 87.55 W, 1410 MHz, 1512 MHz, 0 %, 70403 MiB
2026/09/14 09:54:06.107, 1, 58, 81.65 W, 1410 MHz, 1512 MHz, 0 %, 69503 MiB
2026/09/14 09:54:11.107, 0, 64, 87.45 W, 1410 MHz, 1512 MHz, 0 %, 76903 MiB
2026/09/14 09:54:11.108, 1, 58, 80.96 W, 1410 MHz, 1512 MHz, 0 %, 69503 MiB
2026/09/14 09:54:16.108, 0, 64, 87.65 W, 1410 MHz, 1512 MHz, 0 %, 76957 MiB
2026/09/14 09:54:16.109, 1, 58, 80.57 W, 1410 MHz, 1512 MHz, 0 %, 69503 MiB
2026/09/14 09:54:21.109, 0, 64, 87.31 W, 1410 MHz, 1512 MHz, 0 %, 76957 MiB
2026/09/14 09:54:21.109, 1, 59, 104.37 W, 1410 MHz, 1512 MHz, 2 %, 69503 MiB
2026/09/14 09:54:26.110, 0, 64, 87.82 W, 1410 MHz, 1512 MHz, 0 %, 76957 MiB
2026/09/14 09:54:26.110, 1, 61, 197.73 W, 1410 MHz, 1512 MHz, 65 %, 69427 MiB
2026/09/14 09:54:31.111, 0, 64, 87.98 W, 1410 MHz, 1512 MHz, 0 %, 76957 MiB
2026/09/14 09:54:31.111, 1, 59, 81.55 W, 1410 MHz, 1512 MHz, 0 %, 70397 MiB
2026/09/14 09:54:36.111, 0, 64, 87.52 W, 1410 MHz, 1512 MHz, 0 %, 76957 MiB
2026/09/14 09:54:36.111, 1, 60, 120.68 W, 1410 MHz, 1512 MHz, 10 %, 70397 MiB
2026/09/14 09:54:41.112, 0, 64, 87.62 W, 1410 MHz, 1512 MHz, 0 %, 77283 MiB
2026/09/14 09:54:41.112, 1, 59, 82.13 W, 1410 MHz, 1512 MHz, 0 %, 70397 MiB
2026/09/14 09:54:46.113, 0, 64, 87.85 W, 1410 MHz, 1512 MHz, 0 %, 77283 MiB
2026/09/14 09:54:46.113, 1, 59, 81.56 W, 1410 MHz, 1512 MHz, 0 %, 76917 MiB
2026/09/14 09:54:51.113, 0, 64, 88.12 W, 1410 MHz, 1512 MHz, 0 %, 77283 MiB
2026/09/14 09:54:51.114, 1, 59, 94.90 W, 1410 MHz, 1512 MHz, 3 %, 77009 MiB
2026/09/14 09:54:56.114, 0, 64, 87.03 W, 1410 MHz, 1512 MHz, 0 %, 77283 MiB
2026/09/14 09:54:56.114, 1, 59, 102.08 W, 1410 MHz, 1512 MHz, 0 %, 77081 MiB
2026/09/14 09:55:01.115, 0, 64, 87.05 W, 1410 MHz, 1512 MHz, 0 %, 77283 MiB
2026/09/14 09:55:01.115, 1, 59, 82.04 W, 1410 MHz, 1512 MHz, 0 %, 77089 MiB
2026/09/14 09:55:06.116, 0, 64, 87.06 W, 1410 MHz, 1512 MHz, 0 %, 77297 MiB
2026/09/14 09:55:06.116, 1, 60, 82.04 W, 1410 MHz, 1512 MHz, 0 %, 77091 MiB
2026/09/14 09:55:11.116, 0, 67, 257.87 W, 1410 MHz, 1512 MHz, 9 %, 77349 MiB
2026/09/14 09:55:11.116, 1, 66, 299.73 W, 1380 MHz, 1512 MHz, 99 %, 77513 MiB
2026/09/14 09:55:16.117, 0, 66, 89.71 W, 1410 MHz, 1512 MHz, 0 %, 77349 MiB
2026/09/14 09:55:16.117, 1, 68, 302.80 W, 1380 MHz, 1512 MHz, 99 %, 77513 MiB
2026/09/14 09:55:21.117, 0, 71, 306.65 W, 1410 MHz, 1512 MHz, 99 %, 77351 MiB
2026/09/14 09:55:21.117, 1, 65, 88.85 W, 1410 MHz, 1512 MHz, 0 %, 77525 MiB
2026/09/14 09:55:26.118, 0, 72, 309.36 W, 1395 MHz, 1512 MHz, 99 %, 77351 MiB
2026/09/14 09:55:26.118, 1, 64, 88.12 W, 1410 MHz, 1512 MHz, 0 %, 77525 MiB
2026/09/14 09:55:31.119, 0, 74, 276.21 W, 1395 MHz, 1512 MHz, 60 %, 77351 MiB
2026/09/14 09:55:31.119, 1, 63, 86.41 W, 1410 MHz, 1512 MHz, 0 %, 77525 MiB
2026/09/14 09:55:36.119, 0, 74, 281.87 W, 1410 MHz, 1512 MHz, 100 %, 77351 MiB
2026/09/14 09:55:36.120, 1, 62, 85.14 W, 1410 MHz, 1512 MHz, 0 %, 70025 MiB
2026/09/14 09:55:41.120, 0, 76, 321.22 W, 1380 MHz, 1512 MHz, 99 %, 77351 MiB
2026/09/14 09:55:41.120, 1, 61, 83.68 W, 1410 MHz, 1512 MHz, 0 %, 0 MiB
2026/09/14 09:55:46.121, 0, 76, 285.87 W, 1395 MHz, 1512 MHz, 100 %, 77773 MiB
2026/09/14 09:55:46.121, 1, 59, 54.00 W, 210 MHz, 1512 MHz, 0 %, 0 MiB
2026/09/14 09:55:51.121, 0, 76, 171.65 W, 1410 MHz, 1512 MHz, 99 %, 77773 MiB
2026/09/14 09:55:51.122, 1, 58, 53.33 W, 210 MHz, 1512 MHz, 0 %, 4 MiB
2026/09/14 09:55:56.122, 0, 77, 296.13 W, 1395 MHz, 1512 MHz, 99 %, 77773 MiB
2026/09/14 09:55:56.122, 1, 56, 52.65 W, 210 MHz, 1512 MHz, 0 %, 4 MiB
2026/09/14 09:56:01.123, 0, 78, 295.13 W, 1395 MHz, 1512 MHz, 100 %, 77773 MiB
2026/09/14 09:56:01.123, 1, 55, 52.44 W, 210 MHz, 1512 MHz, 0 %, 4 MiB
2026/09/14 09:56:06.124, 0, 78, 300.44 W, 1410 MHz, 1512 MHz, 100 %, 77773 MiB
2026/09/14 09:56:06.124, 1, 55, 79.36 W, 1410 MHz, 1512 MHz, 18 %, 67357 MiB
2026/09/14 09:56:11.124, 0, 78, 280.81 W, 1395 MHz, 1512 MHz, 100 %, 77773 MiB
2026/09/14 09:56:11.125, 1, 54, 78.80 W, 1410 MHz, 1512 MHz, 19 %, 67357 MiB
2026/09/14 09:56:16.125, 0, 78, 161.66 W, 1410 MHz, 1512 MHz, 87 %, 77773 MiB
2026/09/14 09:56:16.125, 1, 53, 78.17 W, 1410 MHz, 1512 MHz, 18 %, 67357 MiB
2026/09/14 09:56:21.126, 0, 78, 258.18 W, 1395 MHz, 1512 MHz, 100 %, 77773 MiB
2026/09/14 09:56:21.126, 1, 53, 77.89 W, 1410 MHz, 1512 MHz, 20 %, 67357 MiB
2026/09/14 09:56:26.126, 0, 78, 305.20 W, 1395 MHz, 1512 MHz, 99 %, 77773 MiB
2026/09/14 09:56:26.127, 1, 52, 76.33 W, 1410 MHz, 1512 MHz, 0 %, 68433 MiB
2026/09/14 09:56:31.127, 0, 73, 98.79 W, 1410 MHz, 1512 MHz, 0 %, 77785 MiB
2026/09/14 09:56:31.128, 1, 51, 73.51 W, 1410 MHz, 1512 MHz, 9 %, 69477 MiB
2026/09/14 09:56:36.128, 0, 70, 96.10 W, 1410 MHz, 1512 MHz, 0 %, 77785 MiB
2026/09/14 09:56:36.128, 1, 50, 73.20 W, 1410 MHz, 1512 MHz, 65 %, 69477 MiB
2026/09/14 09:56:41.129, 0, 68, 92.67 W, 1410 MHz, 1512 MHz, 0 %, 77785 MiB
2026/09/14 09:56:41.129, 1, 50, 73.49 W, 1410 MHz, 1512 MHz, 0 %, 69477 MiB
2026/09/14 09:56:46.130, 0, 66, 90.53 W, 1410 MHz, 1512 MHz, 0 %, 77785 MiB
2026/09/14 09:56:46.130, 1, 49, 72.42 W, 1410 MHz, 1512 MHz, 0 %, 69477 MiB
2026/09/14 09:56:51.130, 0, 65, 89.06 W, 1410 MHz, 1512 MHz, 0 %, 69293 MiB
2026/09/14 09:56:51.131, 1, 48, 71.95 W, 1410 MHz, 1512 MHz, 0 %, 69479 MiB
2026/09/14 09:56:56.131, 0, 62, 56.58 W, 210 MHz, 1512 MHz, 0 %, 0 MiB
2026/09/14 09:56:56.131, 1, 48, 71.78 W, 1410 MHz, 1512 MHz, 0 %, 69479 MiB
2026/09/14 09:57:01.132, 0, 61, 55.41 W, 210 MHz, 1512 MHz, 0 %, 0 MiB
2026/09/14 09:57:01.132, 1, 49, 72.75 W, 1410 MHz, 1512 MHz, 51 %, 69499 MiB
2026/09/14 09:57:06.132, 0, 60, 54.72 W, 210 MHz, 1512 MHz, 0 %, 4 MiB
2026/09/14 09:57:06.133, 1, 48, 72.25 W, 1410 MHz, 1512 MHz, 52 %, 69499 MiB
2026/09/14 09:57:11.133, 0, 59, 53.54 W, 210 MHz, 1512 MHz, 0 %, 4 MiB
2026/09/14 09:57:11.133, 1, 48, 71.88 W, 1410 MHz, 1512 MHz, 0 %, 69499 MiB
2026/09/14 09:57:16.134, 0, 58, 80.53 W, 1410 MHz, 1512 MHz, 0 %, 6417 MiB
2026/09/14 09:57:16.134, 1, 48, 71.88 W, 1410 MHz, 1512 MHz, 0 %, 69499 MiB
2026/09/14 09:57:21.134, 0, 58, 80.82 W, 1410 MHz, 1512 MHz, 18 %, 67357 MiB
2026/09/14 09:57:21.135, 1, 48, 83.89 W, 1410 MHz, 1512 MHz, 43 %, 69499 MiB
2026/09/14 09:57:26.135, 0, 57, 80.43 W, 1410 MHz, 1512 MHz, 17 %, 67357 MiB
2026/09/14 09:57:26.135, 1, 49, 184.64 W, 1410 MHz, 1512 MHz, 15 %, 69499 MiB
2026/09/14 09:57:31.136, 0, 57, 80.62 W, 1410 MHz, 1512 MHz, 18 %, 67357 MiB
2026/09/14 09:57:31.136, 1, 48, 72.17 W, 1410 MHz, 1512 MHz, 0 %, 69501 MiB
2026/09/14 09:57:36.136, 0, 57, 79.44 W, 1410 MHz, 1512 MHz, 0 %, 68433 MiB
2026/09/14 09:57:36.137, 1, 48, 71.67 W, 1410 MHz, 1512 MHz, 0 %, 69501 MiB
2026/09/14 09:57:41.137, 0, 57, 79.44 W, 1410 MHz, 1512 MHz, 0 %, 68433 MiB
2026/09/14 09:57:41.137, 1, 48, 71.88 W, 1410 MHz, 1512 MHz, 0 %, 69501 MiB
2026/09/14 09:57:46.138, 0, 57, 79.44 W, 1410 MHz, 1512 MHz, 0 %, 69477 MiB
2026/09/14 09:57:46.138, 1, 48, 71.77 W, 1410 MHz, 1512 MHz, 0 %, 69501 MiB
2026/09/14 09:57:51.138, 0, 57, 80.62 W, 1410 MHz, 1512 MHz, 12 %, 69477 MiB
2026/09/14 09:57:51.139, 1, 49, 72.36 W, 1410 MHz, 1512 MHz, 0 %, 69501 MiB
2026/09/14 09:57:56.139, 0, 57, 79.82 W, 1410 MHz, 1512 MHz, 0 %, 69477 MiB
2026/09/14 09:57:56.139, 1, 49, 73.04 W, 1410 MHz, 1512 MHz, 0 %, 69501 MiB
2026/09/14 09:58:01.140, 0, 57, 79.73 W, 1410 MHz, 1512 MHz, 0 %, 69479 MiB
2026/09/14 09:58:01.140, 1, 49, 72.75 W, 1410 MHz, 1512 MHz, 0 %, 69501 MiB
2026/09/14 09:58:06.141, 0, 57, 80.14 W, 1410 MHz, 1512 MHz, 0 %, 69479 MiB
2026/09/14 09:58:06.141, 1, 50, 73.13 W, 1410 MHz, 1512 MHz, 49 %, 69503 MiB
2026/09/14 09:58:11.141, 0, 59, 157.76 W, 1410 MHz, 1512 MHz, 70 %, 69497 MiB
2026/09/14 09:58:11.141, 1, 51, 162.29 W, 1410 MHz, 1512 MHz, 0 %, 69503 MiB
2026/09/14 09:58:16.142, 0, 58, 80.41 W, 1410 MHz, 1512 MHz, 0 %, 69499 MiB
2026/09/14 09:58:16.142, 1, 50, 73.92 W, 1410 MHz, 1512 MHz, 0 %, 69503 MiB
2026/09/14 09:58:21.143, 0, 59, 80.62 W, 1410 MHz, 1512 MHz, 0 %, 69499 MiB
2026/09/14 09:58:21.143, 1, 51, 73.82 W, 1410 MHz, 1512 MHz, 0 %, 69497 MiB
2026/09/14 09:58:26.143, 0, 59, 81.28 W, 1410 MHz, 1512 MHz, 31 %, 69499 MiB
2026/09/14 09:58:26.144, 1, 52, 74.51 W, 1410 MHz, 1512 MHz, 0 %, 70397 MiB
2026/09/14 09:58:31.144, 0, 59, 81.68 W, 1410 MHz, 1512 MHz, 28 %, 69499 MiB
2026/09/14 09:58:31.144, 1, 52, 74.61 W, 1410 MHz, 1512 MHz, 0 %, 70397 MiB
2026/09/14 09:58:36.145, 0, 60, 112.25 W, 1410 MHz, 1512 MHz, 35 %, 69499 MiB
2026/09/14 09:58:36.145, 1, 52, 75.96 W, 1410 MHz, 1512 MHz, 0 %, 70397 MiB
2026/09/14 09:58:41.146, 0, 60, 103.13 W, 1410 MHz, 1512 MHz, 36 %, 69499 MiB
2026/09/14 09:58:41.146, 1, 52, 77.53 W, 1410 MHz, 1512 MHz, 0 %, 70397 MiB
2026/09/14 09:58:46.146, 0, 60, 164.83 W, 1410 MHz, 1512 MHz, 0 %, 69501 MiB
2026/09/14 09:58:46.146, 1, 52, 74.51 W, 1410 MHz, 1512 MHz, 0 %, 76897 MiB
2026/09/14 09:58:51.147, 0, 60, 82.46 W, 1410 MHz, 1512 MHz, 0 %, 69501 MiB
2026/09/14 09:58:51.147, 1, 52, 75.38 W, 1410 MHz, 1512 MHz, 0 %, 77009 MiB
2026/09/14 09:58:56.147, 0, 61, 83.21 W, 1410 MHz, 1512 MHz, 34 %, 69501 MiB
2026/09/14 09:58:56.148, 1, 52, 74.89 W, 1410 MHz, 1512 MHz, 0 %, 77061 MiB
2026/09/14 09:59:01.148, 0, 61, 82.96 W, 1410 MHz, 1512 MHz, 52 %, 69501 MiB
2026/09/14 09:59:01.148, 1, 53, 74.71 W, 1410 MHz, 1512 MHz, 0 %, 77117 MiB
2026/09/14 09:59:06.149, 0, 61, 83.89 W, 1410 MHz, 1512 MHz, 0 %, 69501 MiB
2026/09/14 09:59:06.149, 1, 53, 74.81 W, 1410 MHz, 1512 MHz, 0 %, 77119 MiB
2026/09/14 09:59:11.150, 0, 61, 83.61 W, 1410 MHz, 1512 MHz, 4 %, 69501 MiB
2026/09/14 09:59:11.150, 1, 53, 75.66 W, 1410 MHz, 1512 MHz, 1 %, 77119 MiB
2026/09/14 09:59:16.150, 0, 61, 83.70 W, 1410 MHz, 1512 MHz, 0 %, 69503 MiB
2026/09/14 09:59:16.151, 1, 56, 272.61 W, 1410 MHz, 1512 MHz, 99 %, 77121 MiB
2026/09/14 09:59:21.151, 0, 61, 83.99 W, 1410 MHz, 1512 MHz, 0 %, 69503 MiB
2026/09/14 09:59:21.151, 1, 60, 298.36 W, 1410 MHz, 1512 MHz, 99 %, 77121 MiB
2026/09/14 09:59:26.152, 0, 61, 83.99 W, 1410 MHz, 1512 MHz, 0 %, 69503 MiB
2026/09/14 09:59:26.152, 1, 62, 302.13 W, 1410 MHz, 1512 MHz, 46 %, 77543 MiB
2026/09/14 09:59:31.152, 0, 62, 83.70 W, 1410 MHz, 1512 MHz, 0 %, 69503 MiB
2026/09/14 09:59:31.153, 1, 62, 250.99 W, 1410 MHz, 1512 MHz, 99 %, 77555 MiB
2026/09/14 09:59:36.153, 0, 64, 205.22 W, 1410 MHz, 1512 MHz, 63 %, 69427 MiB
2026/09/14 09:59:36.153, 1, 60, 83.82 W, 1410 MHz, 1512 MHz, 0 %, 77555 MiB
2026/09/14 09:59:41.154, 0, 63, 85.58 W, 1410 MHz, 1512 MHz, 0 %, 70397 MiB
2026/09/14 09:59:41.154, 1, 59, 83.61 W, 1410 MHz, 1512 MHz, 0 %, 77555 MiB
2026/09/14 09:59:46.155, 0, 63, 86.27 W, 1410 MHz, 1512 MHz, 1 %, 70403 MiB
2026/09/14 09:59:46.155, 1, 59, 82.82 W, 1410 MHz, 1512 MHz, 0 %, 77555 MiB
2026/09/14 09:59:51.155, 0, 63, 85.87 W, 1410 MHz, 1512 MHz, 0 %, 76903 MiB
2026/09/14 09:59:51.155, 1, 59, 84.98 W, 1410 MHz, 1512 MHz, 100 %, 425 MiB
2026/09/14 09:59:56.156, 0, 63, 85.68 W, 1410 MHz, 1512 MHz, 0 %, 76959 MiB
2026/09/14 09:59:56.156, 1, 58, 53.64 W, 210 MHz, 1512 MHz, 0 %, 0 MiB
2026/09/14 10:00:01.157, 0, 63, 86.36 W, 1410 MHz, 1512 MHz, 0 %, 76959 MiB
2026/09/14 10:00:01.157, 1, 58, 53.45 W, 210 MHz, 1512 MHz, 0 %, 4 MiB
2026/09/14 10:00:06.157, 0, 63, 86.08 W, 1410 MHz, 1512 MHz, 0 %, 76959 MiB
2026/09/14 10:00:06.158, 1, 57, 53.14 W, 210 MHz, 1512 MHz, 0 %, 4 MiB
2026/09/14 10:00:11.158, 0, 63, 86.47 W, 1410 MHz, 1512 MHz, 0 %, 76959 MiB
2026/09/14 10:00:11.158, 1, 57, 52.95 W, 210 MHz, 1512 MHz, 0 %, 4 MiB
2026/09/14 10:00:16.159, 0, 63, 86.36 W, 1410 MHz, 1512 MHz, 0 %, 76959 MiB
2026/09/14 10:00:16.159, 1, 57, 82.13 W, 1410 MHz, 1512 MHz, 0 %, 67357 MiB
2026/09/14 10:00:21.160, 0, 63, 87.05 W, 1410 MHz, 1512 MHz, 0 %, 76959 MiB
2026/09/14 10:00:21.160, 1, 58, 81.94 W, 1410 MHz, 1512 MHz, 17 %, 67357 MiB
2026/09/14 10:00:26.160, 0, 63, 86.67 W, 1410 MHz, 1512 MHz, 0 %, 76959 MiB
2026/09/14 10:00:26.161, 1, 58, 81.65 W, 1410 MHz, 1512 MHz, 19 %, 67357 MiB
2026/09/14 10:00:31.161, 0, 63, 86.07 W, 1410 MHz, 1512 MHz, 0 %, 76959 MiB
2026/09/14 10:00:31.161, 1, 58, 82.23 W, 1410 MHz, 1512 MHz, 19 %, 67357 MiB
2026/09/14 10:00:36.162, 0, 63, 85.98 W, 1410 MHz, 1512 MHz, 0 %, 76959 MiB
2026/09/14 10:00:36.162, 1, 58, 81.74 W, 1410 MHz, 1512 MHz, 0 %, 68433 MiB
2026/09/14 10:00:41.162, 0, 63, 86.56 W, 1410 MHz, 1512 MHz, 0 %, 76959 MiB
2026/09/14 10:00:41.163, 1, 58, 81.16 W, 1410 MHz, 1512 MHz, 0 %, 68433 MiB
2026/09/14 10:00:46.163, 0, 63, 86.17 W, 1410 MHz, 1512 MHz, 0 %, 76959 MiB
2026/09/14 10:00:46.163, 1, 58, 81.74 W, 1410 MHz, 1512 MHz, 0 %, 69477 MiB
2026/09/14 10:00:51.164, 0, 63, 86.57 W, 1410 MHz, 1512 MHz, 0 %, 76959 MiB
2026/09/14 10:00:51.164, 1, 58, 81.45 W, 1410 MHz, 1512 MHz, 18 %, 69477 MiB
2026/09/14 10:00:56.164, 0, 63, 86.27 W, 1410 MHz, 1512 MHz, 0 %, 76959 MiB
2026/09/14 10:00:56.165, 1, 58, 81.65 W, 1410 MHz, 1512 MHz, 0 %, 69477 MiB
2026/09/14 10:01:01.165, 0, 63, 86.76 W, 1410 MHz, 1512 MHz, 0 %, 76959 MiB
2026/09/14 10:01:01.165, 1, 58, 81.45 W, 1410 MHz, 1512 MHz, 0 %, 69479 MiB
2026/09/14 10:01:06.166, 0, 63, 86.56 W, 1410 MHz, 1512 MHz, 0 %, 76959 MiB
2026/09/14 10:01:06.166, 1, 58, 80.38 W, 1410 MHz, 1512 MHz, 0 %, 69479 MiB
2026/09/14 10:01:11.166, 0, 63, 86.36 W, 1410 MHz, 1512 MHz, 0 %, 76959 MiB
2026/09/14 10:01:11.167, 1, 58, 81.15 W, 1410 MHz, 1512 MHz, 0 %, 69497 MiB
2026/09/14 10:01:16.167, 0, 63, 87.31 W, 1410 MHz, 1512 MHz, 0 %, 76959 MiB
2026/09/14 10:01:16.167, 1, 59, 81.36 W, 1410 MHz, 1512 MHz, 51 %, 69499 MiB
2026/09/14 10:01:21.168, 0, 63, 87.07 W, 1410 MHz, 1512 MHz, 0 %, 76959 MiB
2026/09/14 10:01:21.168, 1, 59, 82.23 W, 1410 MHz, 1512 MHz, 0 %, 69499 MiB
2026/09/14 10:01:26.168, 0, 63, 86.76 W, 1410 MHz, 1512 MHz, 0 %, 76959 MiB
2026/09/14 10:01:26.169, 1, 59, 174.22 W, 1410 MHz, 1512 MHz, 13 %, 69499 MiB
2026/09/14 10:01:31.169, 0, 63, 86.86 W, 1410 MHz, 1512 MHz, 0 %, 76959 MiB
2026/09/14 10:01:31.169, 1, 59, 190.84 W, 1410 MHz, 1512 MHz, 8 %, 69499 MiB
2026/09/14 10:01:36.170, 0, 63, 86.76 W, 1410 MHz, 1512 MHz, 0 %, 76959 MiB
2026/09/14 10:01:36.170, 1, 59, 82.73 W, 1410 MHz, 1512 MHz, 0 %, 69499 MiB
2026/09/14 10:01:41.171, 0, 63, 86.37 W, 1410 MHz, 1512 MHz, 0 %, 76959 MiB
2026/09/14 10:01:41.171, 1, 59, 83.03 W, 1410 MHz, 1512 MHz, 43 %, 69499 MiB
2026/09/14 10:01:46.172, 0, 63, 86.36 W, 1410 MHz, 1512 MHz, 0 %, 76959 MiB
2026/09/14 10:01:46.172, 1, 59, 83.13 W, 1410 MHz, 1512 MHz, 0 %, 69501 MiB
2026/09/14 10:01:51.172, 0, 64, 86.36 W, 1410 MHz, 1512 MHz, 0 %, 76959 MiB
2026/09/14 10:01:51.172, 1, 59, 83.22 W, 1410 MHz, 1512 MHz, 0 %, 69501 MiB
2026/09/14 10:01:56.173, 0, 64, 87.25 W, 1410 MHz, 1512 MHz, 0 %, 76959 MiB
2026/09/14 10:01:56.173, 1, 59, 83.51 W, 1410 MHz, 1512 MHz, 52 %, 69501 MiB
2026/09/14 10:02:01.174, 0, 64, 86.57 W, 1410 MHz, 1512 MHz, 0 %, 76959 MiB
2026/09/14 10:02:01.174, 1, 59, 83.42 W, 1410 MHz, 1512 MHz, 0 %, 69501 MiB
2026/09/14 10:02:06.174, 0, 64, 86.67 W, 1410 MHz, 1512 MHz, 0 %, 76959 MiB
2026/09/14 10:02:06.174, 1, 60, 111.76 W, 1410 MHz, 1512 MHz, 15 %, 69501 MiB
2026/09/14 10:02:11.175, 0, 64, 86.67 W, 1410 MHz, 1512 MHz, 0 %, 76959 MiB
2026/09/14 10:02:11.175, 1, 59, 82.04 W, 1410 MHz, 1512 MHz, 0 %, 69501 MiB
2026/09/14 10:02:16.176, 0, 64, 87.79 W, 1410 MHz, 1512 MHz, 0 %, 76959 MiB
2026/09/14 10:02:16.176, 1, 60, 120.78 W, 1410 MHz, 1512 MHz, 13 %, 69501 MiB
2026/09/14 10:02:21.176, 0, 63, 86.76 W, 1410 MHz, 1512 MHz, 0 %, 76959 MiB
2026/09/14 10:02:21.176, 1, 60, 83.32 W, 1410 MHz, 1512 MHz, 52 %, 69503 MiB
2026/09/14 10:02:26.177, 0, 63, 86.76 W, 1410 MHz, 1512 MHz, 0 %, 76959 MiB
2026/09/14 10:02:26.177, 1, 60, 83.12 W, 1410 MHz, 1512 MHz, 0 %, 69503 MiB
2026/09/14 10:02:31.178, 0, 63, 87.45 W, 1410 MHz, 1512 MHz, 0 %, 76959 MiB
2026/09/14 10:02:31.178, 1, 59, 83.22 W, 1410 MHz, 1512 MHz, 0 %, 69503 MiB
2026/09/14 10:02:36.178, 0, 63, 86.96 W, 1410 MHz, 1512 MHz, 0 %, 76959 MiB
2026/09/14 10:02:36.178, 1, 60, 83.42 W, 1410 MHz, 1512 MHz, 52 %, 69503 MiB
2026/09/14 10:02:41.179, 0, 63, 86.93 W, 1410 MHz, 1512 MHz, 0 %, 76959 MiB
2026/09/14 10:02:41.179, 1, 62, 193.11 W, 1410 MHz, 1512 MHz, 61 %, 69427 MiB
2026/09/14 10:02:46.180, 0, 63, 86.36 W, 1410 MHz, 1512 MHz, 0 %, 76959 MiB
2026/09/14 10:02:46.180, 1, 60, 83.03 W, 1410 MHz, 1512 MHz, 0 %, 70397 MiB
2026/09/14 10:02:51.180, 0, 63, 86.83 W, 1410 MHz, 1512 MHz, 0 %, 76959 MiB
2026/09/14 10:02:51.180, 1, 61, 100.07 W, 1410 MHz, 1512 MHz, 2 %, 70397 MiB
2026/09/14 10:02:56.181, 0, 63, 86.27 W, 1410 MHz, 1512 MHz, 0 %, 76959 MiB
2026/09/14 10:02:56.181, 1, 60, 83.42 W, 1410 MHz, 1512 MHz, 0 %, 70397 MiB
2026/09/14 10:03:01.181, 0, 63, 86.46 W, 1410 MHz, 1512 MHz, 0 %, 76959 MiB
2026/09/14 10:03:01.182, 1, 60, 83.91 W, 1410 MHz, 1512 MHz, 0 %, 70397 MiB
2026/09/14 10:03:06.182, 0, 63, 86.56 W, 1410 MHz, 1512 MHz, 0 %, 76959 MiB
2026/09/14 10:03:06.182, 1, 60, 84.11 W, 1410 MHz, 1512 MHz, 0 %, 76921 MiB
2026/09/14 10:03:11.183, 0, 63, 86.56 W, 1410 MHz, 1512 MHz, 0 %, 76959 MiB
2026/09/14 10:03:11.183, 1, 60, 84.40 W, 1410 MHz, 1512 MHz, 0 %, 77027 MiB
2026/09/14 10:03:16.183, 0, 63, 86.56 W, 1410 MHz, 1512 MHz, 0 %, 76959 MiB
2026/09/14 10:03:16.184, 1, 60, 83.32 W, 1410 MHz, 1512 MHz, 0 %, 77027 MiB
2026/09/14 10:03:21.184, 0, 63, 86.46 W, 1410 MHz, 1512 MHz, 0 %, 76959 MiB
2026/09/14 10:03:21.184, 1, 59, 82.23 W, 1410 MHz, 1512 MHz, 0 %, 77027 MiB
2026/09/14 10:03:26.185, 0, 63, 87.15 W, 1410 MHz, 1512 MHz, 0 %, 76959 MiB
2026/09/14 10:03:26.185, 1, 59, 83.80 W, 1410 MHz, 1512 MHz, 0 %, 77085 MiB
2026/09/14 10:03:31.185, 0, 63, 86.65 W, 1410 MHz, 1512 MHz, 0 %, 76959 MiB
2026/09/14 10:03:31.185, 1, 59, 83.03 W, 1410 MHz, 1512 MHz, 0 %, 77093 MiB
2026/09/14 10:03:36.186, 0, 63, 86.65 W, 1410 MHz, 1512 MHz, 0 %, 76959 MiB
2026/09/14 10:03:36.186, 1, 59, 82.83 W, 1410 MHz, 1512 MHz, 0 %, 77093 MiB
2026/09/14 10:03:41.187, 0, 63, 86.77 W, 1410 MHz, 1512 MHz, 0 %, 76959 MiB
2026/09/14 10:03:41.187, 1, 59, 81.74 W, 1410 MHz, 1512 MHz, 0 %, 77093 MiB
2026/09/14 10:03:46.187, 0, 63, 86.86 W, 1410 MHz, 1512 MHz, 0 %, 76959 MiB
2026/09/14 10:03:46.187, 1, 60, 84.01 W, 1410 MHz, 1512 MHz, 4 %, 77095 MiB
2026/09/14 10:03:51.188, 0, 63, 86.32 W, 1410 MHz, 1512 MHz, 0 %, 76959 MiB
2026/09/14 10:03:51.188, 1, 65, 303.40 W, 1380 MHz, 1512 MHz, 87 %, 77095 MiB
2026/09/14 10:03:56.189, 0, 63, 86.13 W, 1410 MHz, 1512 MHz, 0 %, 76959 MiB
2026/09/14 10:03:56.189, 1, 67, 308.71 W, 1380 MHz, 1512 MHz, 100 %, 77517 MiB
2026/09/14 10:04:01.189, 0, 63, 86.04 W, 1410 MHz, 1512 MHz, 0 %, 76959 MiB
2026/09/14 10:04:01.189, 1, 69, 282.28 W, 1410 MHz, 1512 MHz, 100 %, 77517 MiB
2026/09/14 10:04:06.190, 0, 63, 86.27 W, 1410 MHz, 1512 MHz, 0 %, 76959 MiB
2026/09/14 10:04:06.190, 1, 65, 88.57 W, 1410 MHz, 1512 MHz, 0 %, 77531 MiB
2026/09/14 10:04:11.190, 0, 62, 85.27 W, 1410 MHz, 1512 MHz, 0 %, 76959 MiB
2026/09/14 10:04:11.191, 1, 64, 87.19 W, 1410 MHz, 1512 MHz, 0 %, 77531 MiB
2026/09/14 10:04:16.191, 0, 62, 84.89 W, 1410 MHz, 1512 MHz, 0 %, 79033 MiB
2026/09/14 10:04:16.191, 1, 63, 87.98 W, 1410 MHz, 1512 MHz, 0 %, 77531 MiB
2026/09/14 10:04:21.192, 0, 62, 85.58 W, 1410 MHz, 1512 MHz, 0 %, 79033 MiB
2026/09/14 10:04:21.192, 1, 62, 85.26 W, 1410 MHz, 1512 MHz, 0 %, 70051 MiB
2026/09/14 10:04:26.192, 0, 61, 84.50 W, 1410 MHz, 1512 MHz, 0 %, 79033 MiB
2026/09/14 10:04:26.192, 1, 61, 55.50 W, 240 MHz, 1512 MHz, 0 %, 0 MiB
2026/09/14 10:04:31.193, 0, 61, 84.61 W, 1410 MHz, 1512 MHz, 0 %, 79033 MiB
2026/09/14 10:04:31.193, 1, 60, 54.92 W, 210 MHz, 1512 MHz, 0 %, 0 MiB
2026/09/14 10:04:36.193, 0, 61, 84.60 W, 1410 MHz, 1512 MHz, 0 %, 79033 MiB
2026/09/14 10:04:36.194, 1, 59, 54.31 W, 210 MHz, 1512 MHz, 0 %, 4 MiB
2026/09/14 10:04:41.194, 0, 61, 84.99 W, 1410 MHz, 1512 MHz, 0 %, 79033 MiB
2026/09/14 10:04:41.194, 1, 59, 54.11 W, 210 MHz, 1512 MHz, 0 %, 4 MiB
2026/09/14 10:04:46.195, 0, 61, 84.79 W, 1410 MHz, 1512 MHz, 0 %, 79033 MiB
2026/09/14 10:04:46.195, 1, 59, 84.86 W, 1410 MHz, 1512 MHz, 0 %, 425 MiB
2026/09/14 10:04:51.195, 0, 61, 84.69 W, 1410 MHz, 1512 MHz, 0 %, 79033 MiB
2026/09/14 10:04:51.195, 1, 59, 82.93 W, 1410 MHz, 1512 MHz, 17 %, 67357 MiB
2026/09/14 10:04:56.196, 0, 61, 84.89 W, 1410 MHz, 1512 MHz, 0 %, 79033 MiB
2026/09/14 10:04:56.197, 1, 59, 83.51 W, 1410 MHz, 1512 MHz, 18 %, 67357 MiB
2026/09/14 10:05:01.197, 0, 61, 84.60 W, 1410 MHz, 1512 MHz, 0 %, 79033 MiB
2026/09/14 10:05:01.197, 1, 59, 83.51 W, 1410 MHz, 1512 MHz, 17 %, 67357 MiB
2026/09/14 10:05:06.198, 0, 61, 84.40 W, 1410 MHz, 1512 MHz, 0 %, 79033 MiB
2026/09/14 10:05:06.198, 1, 59, 84.00 W, 1410 MHz, 1512 MHz, 18 %, 70905 MiB
2026/09/14 10:05:11.198, 0, 62, 84.30 W, 1410 MHz, 1512 MHz, 0 %, 79033 MiB
2026/09/14 10:05:11.198, 1, 59, 83.03 W, 1410 MHz, 1512 MHz, 0 %, 68433 MiB
2026/09/14 10:05:16.199, 0, 62, 84.49 W, 1410 MHz, 1512 MHz, 0 %, 79033 MiB
2026/09/14 10:05:16.199, 1, 59, 82.23 W, 1410 MHz, 1512 MHz, 0 %, 69477 MiB
2026/09/14 10:05:21.199, 0, 62, 84.79 W, 1410 MHz, 1512 MHz, 0 %, 79033 MiB
2026/09/14 10:05:21.200, 1, 59, 82.13 W, 1410 MHz, 1512 MHz, 0 %, 69477 MiB
2026/09/14 10:05:26.200, 0, 62, 84.69 W, 1410 MHz, 1512 MHz, 0 %, 79033 MiB
2026/09/14 10:05:26.200, 1, 59, 81.94 W, 1410 MHz, 1512 MHz, 0 %, 69477 MiB
2026/09/14 10:05:31.201, 0, 62, 84.69 W, 1410 MHz, 1512 MHz, 0 %, 79033 MiB
2026/09/14 10:05:31.201, 1, 59, 82.23 W, 1410 MHz, 1512 MHz, 0 %, 69477 MiB
2026/09/14 10:05:36.201, 0, 62, 85.67 W, 1410 MHz, 1512 MHz, 0 %, 79033 MiB
2026/09/14 10:05:36.202, 1, 59, 81.36 W, 1410 MHz, 1512 MHz, 0 %, 69479 MiB
2026/09/14 10:05:41.202, 0, 62, 84.89 W, 1410 MHz, 1512 MHz, 0 %, 79033 MiB
2026/09/14 10:05:41.202, 1, 59, 81.84 W, 1410 MHz, 1512 MHz, 0 %, 69479 MiB
2026/09/14 10:05:46.203, 0, 62, 85.10 W, 1410 MHz, 1512 MHz, 0 %, 79033 MiB
2026/09/14 10:05:46.203, 1, 59, 82.83 W, 1410 MHz, 1512 MHz, 46 %, 69499 MiB
2026/09/14 10:05:51.203, 0, 62, 85.08 W, 1410 MHz, 1512 MHz, 0 %, 79033 MiB
2026/09/14 10:05:51.203, 1, 60, 157.88 W, 1410 MHz, 1512 MHz, 24 %, 69499 MiB
2026/09/14 10:05:56.204, 0, 62, 86.17 W, 1410 MHz, 1512 MHz, 0 %, 79033 MiB
2026/09/14 10:05:56.204, 1, 59, 82.23 W, 1410 MHz, 1512 MHz, 0 %, 69499 MiB
2026/09/14 10:06:01.204, 0, 62, 85.38 W, 1410 MHz, 1512 MHz, 0 %, 79033 MiB
2026/09/14 10:06:01.205, 1, 59, 82.92 W, 1410 MHz, 1512 MHz, 34 %, 69499 MiB
2026/09/14 10:06:06.205, 0, 62, 84.79 W, 1410 MHz, 1512 MHz, 0 %, 79033 MiB
2026/09/14 10:06:06.205, 1, 60, 109.70 W, 1410 MHz, 1512 MHz, 0 %, 69499 MiB
2026/09/14 10:06:11.206, 0, 62, 84.69 W, 1410 MHz, 1512 MHz, 0 %, 79033 MiB
2026/09/14 10:06:11.206, 1, 59, 82.32 W, 1410 MHz, 1512 MHz, 0 %, 69499 MiB
2026/09/14 10:06:16.206, 0, 62, 85.29 W, 1410 MHz, 1512 MHz, 0 %, 79033 MiB
2026/09/14 10:06:16.206, 1, 59, 84.49 W, 1410 MHz, 1512 MHz, 0 %, 69501 MiB
2026/09/14 10:06:21.207, 0, 62, 85.19 W, 1410 MHz, 1512 MHz, 0 %, 79033 MiB
2026/09/14 10:06:21.207, 1, 59, 83.61 W, 1410 MHz, 1512 MHz, 0 %, 69501 MiB
2026/09/14 10:06:26.208, 0, 62, 84.89 W, 1410 MHz, 1512 MHz, 0 %, 79033 MiB
2026/09/14 10:06:26.208, 1, 60, 85.62 W, 1410 MHz, 1512 MHz, 0 %, 69501 MiB
2026/09/14 10:06:31.208, 0, 62, 84.89 W, 1410 MHz, 1512 MHz, 0 %, 79033 MiB
2026/09/14 10:06:31.208, 1, 59, 83.51 W, 1410 MHz, 1512 MHz, 0 %, 69501 MiB
2026/09/14 10:06:36.209, 0, 62, 85.40 W, 1410 MHz, 1512 MHz, 0 %, 79033 MiB
2026/09/14 10:06:36.209, 1, 60, 82.92 W, 1410 MHz, 1512 MHz, 30 %, 69501 MiB
2026/09/14 10:06:41.209, 0, 62, 84.98 W, 1410 MHz, 1512 MHz, 0 %, 79033 MiB
2026/09/14 10:06:41.210, 1, 59, 82.93 W, 1410 MHz, 1512 MHz, 0 %, 69501 MiB
2026/09/14 10:06:46.210, 0, 62, 85.09 W, 1410 MHz, 1512 MHz, 0 %, 79033 MiB
2026/09/14 10:06:46.210, 1, 60, 83.22 W, 1410 MHz, 1512 MHz, 9 %, 69501 MiB
2026/09/14 10:06:51.211, 0, 62, 85.18 W, 1410 MHz, 1512 MHz, 0 %, 79033 MiB
2026/09/14 10:06:51.211, 1, 59, 83.71 W, 1410 MHz, 1512 MHz, 0 %, 69503 MiB
2026/09/14 10:06:56.211, 0, 62, 85.48 W, 1410 MHz, 1512 MHz, 0 %, 79033 MiB
2026/09/14 10:06:56.211, 1, 60, 202.82 W, 1410 MHz, 1512 MHz, 34 %, 69503 MiB
2026/09/14 10:07:01.212, 0, 62, 85.27 W, 1410 MHz, 1512 MHz, 0 %, 79033 MiB
2026/09/14 10:07:01.212, 1, 59, 82.93 W, 1410 MHz, 1512 MHz, 0 %, 69503 MiB
2026/09/14 10:07:06.212, 0, 62, 85.49 W, 1410 MHz, 1512 MHz, 0 %, 79033 MiB
2026/09/14 10:07:06.213, 1, 59, 82.04 W, 1410 MHz, 1512 MHz, 0 %, 69503 MiB
2026/09/14 10:07:11.213, 0, 62, 85.58 W, 1410 MHz, 1512 MHz, 0 %, 79033 MiB
2026/09/14 10:07:11.213, 1, 60, 208.71 W, 1410 MHz, 1512 MHz, 0 %, 69427 MiB
2026/09/14 10:07:16.214, 0, 62, 84.79 W, 1410 MHz, 1512 MHz, 0 %, 79033 MiB
2026/09/14 10:07:16.214, 1, 60, 82.93 W, 1410 MHz, 1512 MHz, 0 %, 70397 MiB
2026/09/14 10:07:21.214, 0, 62, 84.89 W, 1410 MHz, 1512 MHz, 0 %, 79033 MiB
2026/09/14 10:07:21.214, 1, 60, 83.51 W, 1410 MHz, 1512 MHz, 0 %, 70397 MiB
2026/09/14 10:07:26.215, 0, 62, 84.69 W, 1410 MHz, 1512 MHz, 0 %, 79033 MiB
2026/09/14 10:07:26.215, 1, 60, 83.51 W, 1410 MHz, 1512 MHz, 0 %, 70397 MiB
2026/09/14 10:07:31.215, 0, 62, 85.48 W, 1410 MHz, 1512 MHz, 0 %, 79033 MiB
2026/09/14 10:07:31.216, 1, 59, 83.12 W, 1410 MHz, 1512 MHz, 0 %, 70397 MiB
2026/09/14 10:07:36.216, 0, 62, 84.60 W, 1410 MHz, 1512 MHz, 0 %, 79033 MiB
2026/09/14 10:07:36.216, 1, 59, 83.32 W, 1410 MHz, 1512 MHz, 0 %, 76897 MiB
2026/09/14 10:07:41.217, 0, 62, 84.68 W, 1410 MHz, 1512 MHz, 0 %, 79033 MiB
2026/09/14 10:07:41.217, 1, 59, 98.72 W, 1410 MHz, 1512 MHz, 0 %, 77027 MiB
2026/09/14 10:07:46.217, 0, 62, 84.39 W, 1410 MHz, 1512 MHz, 0 %, 79033 MiB
2026/09/14 10:07:46.217, 1, 59, 81.65 W, 1410 MHz, 1512 MHz, 0 %, 77091 MiB
2026/09/14 10:07:51.218, 0, 61, 84.56 W, 1410 MHz, 1512 MHz, 0 %, 79033 MiB
2026/09/14 10:07:51.218, 1, 63, 309.49 W, 1380 MHz, 1512 MHz, 100 %, 77093 MiB
2026/09/14 10:07:56.218, 0, 61, 85.07 W, 1410 MHz, 1512 MHz, 0 %, 79033 MiB
2026/09/14 10:07:56.219, 1, 63, 272.56 W, 1305 MHz, 1512 MHz, 100 %, 77095 MiB
2026/09/14 10:08:01.219, 0, 61, 85.07 W, 1410 MHz, 1512 MHz, 0 %, 79033 MiB
2026/09/14 10:08:01.219, 1, 64, 167.60 W, 1410 MHz, 1512 MHz, 99 %, 77517 MiB
2026/09/14 10:08:06.220, 0, 61, 85.25 W, 1410 MHz, 1512 MHz, 0 %, 79101 MiB
2026/09/14 10:08:06.220, 1, 68, 296.08 W, 1350 MHz, 1512 MHz, 100 %, 77517 MiB
2026/09/14 10:08:11.220, 0, 66, 201.96 W, 1395 MHz, 1512 MHz, 100 %, 79103 MiB
2026/09/14 10:08:11.221, 1, 65, 88.18 W, 1410 MHz, 1512 MHz, 0 %, 77529 MiB
2026/09/14 10:08:16.221, 0, 66, 181.29 W, 1395 MHz, 1512 MHz, 62 %, 79103 MiB
2026/09/14 10:08:16.221, 1, 64, 88.07 W, 1410 MHz, 1512 MHz, 0 %, 77529 MiB
2026/09/14 10:08:21.222, 0, 67, 179.06 W, 1365 MHz, 1512 MHz, 100 %, 79105 MiB
2026/09/14 10:08:21.222, 1, 63, 86.02 W, 1410 MHz, 1512 MHz, 0 %, 77529 MiB
2026/09/14 10:08:26.222, 0, 66, 147.78 W, 1410 MHz, 1512 MHz, 0 %, 79105 MiB
2026/09/14 10:08:26.222, 1, 62, 85.73 W, 1410 MHz, 1512 MHz, 0 %, 70049 MiB
2026/09/14 10:08:31.223, 0, 68, 283.18 W, 1410 MHz, 1512 MHz, 100 %, 79105 MiB
2026/09/14 10:08:31.223, 1, 61, 84.89 W, 1410 MHz, 1512 MHz, 0 %, 0 MiB
2026/09/14 10:08:36.223, 0, 70, 214.85 W, 1395 MHz, 1512 MHz, 100 %, 79105 MiB
2026/09/14 10:08:36.224, 1, 59, 54.09 W, 210 MHz, 1512 MHz, 0 %, 0 MiB
2026/09/14 10:08:41.224, 0, 71, 192.13 W, 1380 MHz, 1512 MHz, 100 %, 79105 MiB
2026/09/14 10:08:41.224, 1, 58, 53.42 W, 210 MHz, 1512 MHz, 0 %, 4 MiB
2026/09/14 10:08:46.225, 0, 71, 230.09 W, 1395 MHz, 1512 MHz, 100 %, 79105 MiB
2026/09/14 10:08:46.225, 1, 57, 52.83 W, 210 MHz, 1512 MHz, 0 %, 4 MiB
2026/09/14 10:08:51.225, 0, 72, 306.13 W, 1395 MHz, 1512 MHz, 100 %, 79105 MiB
2026/09/14 10:08:51.225, 1, 56, 52.33 W, 210 MHz, 1512 MHz, 0 %, 4 MiB
2026/09/14 10:08:56.226, 0, 72, 203.92 W, 1395 MHz, 1512 MHz, 100 %, 79105 MiB
2026/09/14 10:08:56.226, 1, 55, 78.41 W, 1410 MHz, 1512 MHz, 17 %, 67357 MiB
2026/09/14 10:09:01.226, 0, 73, 186.95 W, 1380 MHz, 1512 MHz, 100 %, 79105 MiB
2026/09/14 10:09:01.227, 1, 55, 78.21 W, 1410 MHz, 1512 MHz, 18 %, 67357 MiB
2026/09/14 10:09:06.227, 0, 73, 187.04 W, 1395 MHz, 1512 MHz, 100 %, 79105 MiB
2026/09/14 10:09:06.227, 1, 54, 77.29 W, 1410 MHz, 1512 MHz, 19 %, 67357 MiB
2026/09/14 10:09:11.228, 0, 73, 186.53 W, 1365 MHz, 1512 MHz, 100 %, 79105 MiB
2026/09/14 10:09:11.228, 1, 53, 77.50 W, 1410 MHz, 1512 MHz, 16 %, 67357 MiB
2026/09/14 10:09:16.228, 0, 73, 334.98 W, 1365 MHz, 1512 MHz, 100 %, 79105 MiB
2026/09/14 10:09:16.229, 1, 53, 75.45 W, 1410 MHz, 1512 MHz, 0 %, 68433 MiB
2026/09/14 10:09:21.229, 0, 74, 186.69 W, 1365 MHz, 1512 MHz, 100 %, 79527 MiB
2026/09/14 10:09:21.229, 1, 52, 105.96 W, 1410 MHz, 1512 MHz, 16 %, 69477 MiB
2026/09/14 10:09:26.230, 0, 73, 146.82 W, 1395 MHz, 1512 MHz, 94 %, 79527 MiB
2026/09/14 10:09:26.230, 1, 52, 76.34 W, 1410 MHz, 1512 MHz, 41 %, 69477 MiB
2026/09/14 10:09:31.230, 0, 73, 204.13 W, 1395 MHz, 1512 MHz, 100 %, 79527 MiB
2026/09/14 10:09:31.230, 1, 51, 74.09 W, 1410 MHz, 1512 MHz, 0 %, 69477 MiB
2026/09/14 10:09:36.231, 0, 74, 310.29 W, 1395 MHz, 1512 MHz, 100 %, 79527 MiB
2026/09/14 10:09:36.231, 1, 50, 73.80 W, 1410 MHz, 1512 MHz, 0 %, 69477 MiB
2026/09/14 10:09:41.231, 0, 74, 208.70 W, 1395 MHz, 1512 MHz, 100 %, 79527 MiB
2026/09/14 10:09:41.231, 1, 50, 73.47 W, 1410 MHz, 1512 MHz, 0 %, 69479 MiB
2026/09/14 10:09:46.232, 0, 73, 327.38 W, 1395 MHz, 1512 MHz, 100 %, 79527 MiB
2026/09/14 10:09:46.232, 1, 50, 73.30 W, 1410 MHz, 1512 MHz, 0 %, 69479 MiB
2026/09/14 10:09:51.232, 0, 74, 325.08 W, 1350 MHz, 1512 MHz, 64 %, 79527 MiB
2026/09/14 10:09:51.233, 1, 50, 73.41 W, 1410 MHz, 1512 MHz, 43 %, 69499 MiB
2026/09/14 10:09:56.233, 0, 74, 322.11 W, 1395 MHz, 1512 MHz, 100 %, 79527 MiB
2026/09/14 10:09:56.233, 1, 50, 72.90 W, 1410 MHz, 1512 MHz, 8 %, 69499 MiB
2026/09/14 10:10:01.234, 0, 75, 326.33 W, 1395 MHz, 1512 MHz, 100 %, 79527 MiB
2026/09/14 10:10:01.234, 1, 49, 106.85 W, 1410 MHz, 1512 MHz, 0 %, 69499 MiB
2026/09/14 10:10:06.234, 0, 75, 192.13 W, 1350 MHz, 1512 MHz, 100 %, 79527 MiB
2026/09/14 10:10:06.234, 1, 49, 72.76 W, 1410 MHz, 1512 MHz, 0 %, 69499 MiB
2026/09/14 10:10:11.235, 0, 74, 197.56 W, 1380 MHz, 1512 MHz, 100 %, 79527 MiB
2026/09/14 10:10:11.235, 1, 49, 72.12 W, 1410 MHz, 1512 MHz, 53 %, 69499 MiB
2026/09/14 10:10:16.235, 0, 74, 279.65 W, 1395 MHz, 1512 MHz, 100 %, 79527 MiB
2026/09/14 10:10:16.236, 1, 49, 72.42 W, 1410 MHz, 1512 MHz, 22 %, 69499 MiB
2026/09/14 10:10:21.236, 0, 74, 187.80 W, 1380 MHz, 1512 MHz, 64 %, 79527 MiB
2026/09/14 10:10:21.236, 1, 48, 73.34 W, 1410 MHz, 1512 MHz, 0 %, 69501 MiB
2026/09/14 10:10:26.237, 0, 74, 250.85 W, 1395 MHz, 1512 MHz, 100 %, 79527 MiB
2026/09/14 10:10:26.237, 1, 49, 186.03 W, 1410 MHz, 1512 MHz, 12 %, 69501 MiB
2026/09/14 10:10:31.237, 0, 75, 195.69 W, 1395 MHz, 1512 MHz, 100 %, 79527 MiB
2026/09/14 10:10:31.237, 1, 48, 72.25 W, 1410 MHz, 1512 MHz, 0 %, 69501 MiB
2026/09/14 10:10:36.238, 0, 74, 330.33 W, 1395 MHz, 1512 MHz, 100 %, 79527 MiB
2026/09/14 10:10:36.238, 1, 48, 71.95 W, 1410 MHz, 1512 MHz, 19 %, 69501 MiB
2026/09/14 10:10:41.238, 0, 74, 261.81 W, 1395 MHz, 1512 MHz, 100 %, 79527 MiB
2026/09/14 10:10:41.239, 1, 48, 72.22 W, 1410 MHz, 1512 MHz, 0 %, 69501 MiB
2026/09/14 10:10:46.239, 0, 74, 291.48 W, 1395 MHz, 1512 MHz, 100 %, 79527 MiB
2026/09/14 10:10:46.239, 1, 47, 71.87 W, 1410 MHz, 1512 MHz, 0 %, 69501 MiB
2026/09/14 10:10:51.240, 0, 74, 258.97 W, 1380 MHz, 1512 MHz, 100 %, 79527 MiB
2026/09/14 10:10:51.240, 1, 47, 71.64 W, 1410 MHz, 1512 MHz, 46 %, 69503 MiB
2026/09/14 10:10:56.240, 0, 74, 196.12 W, 1380 MHz, 1512 MHz, 100 %, 79527 MiB
2026/09/14 10:10:56.240, 1, 47, 71.65 W, 1410 MHz, 1512 MHz, 0 %, 69503 MiB
2026/09/14 10:11:01.241, 0, 74, 233.89 W, 1395 MHz, 1512 MHz, 100 %, 79539 MiB
2026/09/14 10:11:01.241, 1, 47, 71.36 W, 1410 MHz, 1512 MHz, 0 %, 69503 MiB
2026/09/14 10:11:06.242, 0, 70, 95.32 W, 1410 MHz, 1512 MHz, 0 %, 79539 MiB
2026/09/14 10:11:06.242, 1, 47, 70.76 W, 1410 MHz, 1512 MHz, 21 %, 69503 MiB
2026/09/14 10:11:11.242, 0, 68, 92.77 W, 1410 MHz, 1512 MHz, 0 %, 79539 MiB
2026/09/14 10:11:11.242, 1, 47, 70.68 W, 1410 MHz, 1512 MHz, 0 %, 69497 MiB
2026/09/14 10:11:16.243, 0, 67, 91.03 W, 1410 MHz, 1512 MHz, 0 %, 79539 MiB
2026/09/14 10:11:16.243, 1, 47, 71.38 W, 1410 MHz, 1512 MHz, 0 %, 70397 MiB
2026/09/14 10:11:21.243, 0, 65, 90.05 W, 1410 MHz, 1512 MHz, 0 %, 79539 MiB
2026/09/14 10:11:21.244, 1, 47, 71.26 W, 1410 MHz, 1512 MHz, 0 %, 70397 MiB
2026/09/14 10:11:26.244, 0, 64, 88.90 W, 1410 MHz, 1512 MHz, 0 %, 79539 MiB
2026/09/14 10:11:26.244, 1, 47, 70.89 W, 1410 MHz, 1512 MHz, 0 %, 70397 MiB
2026/09/14 10:11:31.244, 0, 63, 90.15 W, 1410 MHz, 1512 MHz, 100 %, 425 MiB
2026/09/14 10:11:31.245, 1, 47, 71.00 W, 1410 MHz, 1512 MHz, 0 %, 70397 MiB
2026/09/14 10:11:36.245, 0, 62, 56.08 W, 210 MHz, 1512 MHz, 0 %, 0 MiB
2026/09/14 10:11:36.245, 1, 47, 71.38 W, 1410 MHz, 1512 MHz, 0 %, 76923 MiB
2026/09/14 10:11:41.246, 0, 61, 55.10 W, 210 MHz, 1512 MHz, 0 %, 0 MiB
2026/09/14 10:11:41.246, 1, 47, 71.09 W, 1410 MHz, 1512 MHz, 0 %, 77031 MiB
2026/09/14 10:11:46.246, 0, 60, 55.02 W, 210 MHz, 1512 MHz, 0 %, 4 MiB
2026/09/14 10:11:46.246, 1, 47, 71.19 W, 1410 MHz, 1512 MHz, 0 %, 77105 MiB
2026/09/14 10:11:51.247, 0, 59, 54.52 W, 210 MHz, 1512 MHz, 0 %, 4 MiB
2026/09/14 10:11:51.247, 1, 49, 140.21 W, 1410 MHz, 1512 MHz, 0 %, 77121 MiB
2026/09/14 10:11:56.247, 0, 60, 82.84 W, 1410 MHz, 1512 MHz, 0 %, 67357 MiB
2026/09/14 10:11:56.248, 1, 55, 319.40 W, 1350 MHz, 1512 MHz, 100 %, 77131 MiB
2026/09/14 10:12:01.248, 0, 60, 81.96 W, 1410 MHz, 1512 MHz, 12 %, 67357 MiB
2026/09/14 10:12:01.248, 1, 57, 302.06 W, 1350 MHz, 1512 MHz, 100 %, 77553 MiB
2026/09/14 10:12:06.249, 0, 60, 82.64 W, 1410 MHz, 1512 MHz, 19 %, 67357 MiB
2026/09/14 10:12:06.249, 1, 60, 310.09 W, 1350 MHz, 1512 MHz, 72 %, 77553 MiB
2026/09/14 10:12:11.249, 0, 60, 82.73 W, 1410 MHz, 1512 MHz, 20 %, 67357 MiB
2026/09/14 10:12:11.250, 1, 62, 308.02 W, 1410 MHz, 1512 MHz, 100 %, 77553 MiB
2026/09/14 10:12:16.250, 0, 60, 82.63 W, 1410 MHz, 1512 MHz, 0 %, 68433 MiB
2026/09/14 10:12:16.250, 1, 64, 291.16 W, 1395 MHz, 1512 MHz, 100 %, 77553 MiB
2026/09/14 10:12:21.251, 0, 60, 82.27 W, 1410 MHz, 1512 MHz, 0 %, 68433 MiB
2026/09/14 10:12:21.251, 1, 61, 84.40 W, 1410 MHz, 1512 MHz, 0 %, 77565 MiB
2026/09/14 10:12:26.251, 0, 61, 82.27 W, 1410 MHz, 1512 MHz, 3 %, 69477 MiB
2026/09/14 10:12:26.252, 1, 61, 83.32 W, 1410 MHz, 1512 MHz, 0 %, 77565 MiB
2026/09/14 10:12:31.252, 0, 60, 82.43 W, 1410 MHz, 1512 MHz, 20 %, 69477 MiB
2026/09/14 10:12:31.252, 1, 60, 83.59 W, 1410 MHz, 1512 MHz, 0 %, 77565 MiB
2026/09/14 10:12:36.253, 0, 60, 82.77 W, 1410 MHz, 1512 MHz, 0 %, 69477 MiB
2026/09/14 10:12:36.253, 1, 59, 84.20 W, 1410 MHz, 1512 MHz, 0 %, 77565 MiB
2026/09/14 10:12:41.253, 0, 60, 82.26 W, 1410 MHz, 1512 MHz, 0 %, 69479 MiB
2026/09/14 10:12:41.253, 1, 59, 83.13 W, 1410 MHz, 1512 MHz, 0 %, 77565 MiB
2026/09/14 10:12:46.254, 0, 60, 82.08 W, 1410 MHz, 1512 MHz, 0 %, 69479 MiB
2026/09/14 10:12:46.254, 1, 59, 82.04 W, 1410 MHz, 1512 MHz, 0 %, 77565 MiB
2026/09/14 10:12:51.255, 0, 61, 183.33 W, 1410 MHz, 1512 MHz, 0 %, 69497 MiB
2026/09/14 10:12:51.255, 1, 59, 81.94 W, 1410 MHz, 1512 MHz, 0 %, 77565 MiB
2026/09/14 10:12:56.255, 0, 60, 82.56 W, 1410 MHz, 1512 MHz, 0 %, 69499 MiB
2026/09/14 10:12:56.255, 1, 59, 86.12 W, 1410 MHz, 1512 MHz, 72 %, 425 MiB
2026/09/14 10:13:01.256, 0, 61, 83.14 W, 1410 MHz, 1512 MHz, 33 %, 69499 MiB
2026/09/14 10:13:01.256, 1, 58, 53.35 W, 210 MHz, 1512 MHz, 0 %, 0 MiB
2026/09/14 10:13:06.257, 0, 61, 83.06 W, 1410 MHz, 1512 MHz, 0 %, 69499 MiB
2026/09/14 10:13:06.257, 1, 57, 53.16 W, 210 MHz, 1512 MHz, 0 %, 0 MiB
2026/09/14 10:13:11.257, 0, 62, 177.39 W, 1410 MHz, 1512 MHz, 0 %, 69499 MiB
2026/09/14 10:13:11.257, 1, 57, 52.84 W, 210 MHz, 1512 MHz, 0 %, 4 MiB
2026/09/14 10:13:16.258, 0, 63, 164.70 W, 1410 MHz, 1512 MHz, 0 %, 69499 MiB
2026/09/14 10:13:16.258, 1, 57, 52.66 W, 210 MHz, 1512 MHz, 0 %, 4 MiB
2026/09/14 10:13:21.258, 0, 62, 84.30 W, 1410 MHz, 1512 MHz, 52 %, 69499 MiB
2026/09/14 10:13:21.259, 1, 57, 79.79 W, 1410 MHz, 1512 MHz, 0 %, 67357 MiB
2026/09/14 10:13:26.259, 0, 62, 84.20 W, 1410 MHz, 1512 MHz, 0 %, 69501 MiB
2026/09/14 10:13:26.259, 1, 57, 79.89 W, 1410 MHz, 1512 MHz, 17 %, 67357 MiB
2026/09/14 10:13:31.260, 0, 63, 84.69 W, 1410 MHz, 1512 MHz, 0 %, 69501 MiB
2026/09/14 10:13:31.260, 1, 57, 81.45 W, 1410 MHz, 1512 MHz, 19 %, 67357 MiB
2026/09/14 10:13:36.260, 0, 62, 84.79 W, 1410 MHz, 1512 MHz, 0 %, 69501 MiB
2026/09/14 10:13:36.260, 1, 57, 80.96 W, 1410 MHz, 1512 MHz, 20 %, 67357 MiB
2026/09/14 10:13:41.261, 0, 62, 84.98 W, 1410 MHz, 1512 MHz, 0 %, 69501 MiB
2026/09/14 10:13:41.261, 1, 57, 80.10 W, 1410 MHz, 1512 MHz, 0 %, 68433 MiB
2026/09/14 10:13:46.261, 0, 63, 85.29 W, 1410 MHz, 1512 MHz, 0 %, 69501 MiB
2026/09/14 10:13:46.262, 1, 57, 80.96 W, 1410 MHz, 1512 MHz, 0 %, 68433 MiB
2026/09/14 10:13:51.262, 0, 63, 85.48 W, 1410 MHz, 1512 MHz, 0 %, 69501 MiB
2026/09/14 10:13:51.262, 1, 57, 80.50 W, 1410 MHz, 1512 MHz, 0 %, 69477 MiB
2026/09/14 10:13:56.263, 0, 63, 84.89 W, 1410 MHz, 1512 MHz, 0 %, 69503 MiB
2026/09/14 10:13:56.263, 1, 58, 79.79 W, 1410 MHz, 1512 MHz, 0 %, 69477 MiB
2026/09/14 10:14:01.263, 0, 63, 85.19 W, 1410 MHz, 1512 MHz, 0 %, 69503 MiB
2026/09/14 10:14:01.263, 1, 57, 79.87 W, 1410 MHz, 1512 MHz, 0 %, 69477 MiB
2026/09/14 10:14:06.264, 0, 63, 85.97 W, 1410 MHz, 1512 MHz, 0 %, 69503 MiB
2026/09/14 10:14:06.264, 1, 57, 80.40 W, 1410 MHz, 1512 MHz, 0 %, 69479 MiB
2026/09/14 10:14:11.265, 0, 63, 86.46 W, 1410 MHz, 1512 MHz, 0 %, 69503 MiB
2026/09/14 10:14:11.265, 1, 57, 80.17 W, 1410 MHz, 1512 MHz, 0 %, 69479 MiB
2026/09/14 10:14:16.265, 0, 66, 239.29 W, 1410 MHz, 1512 MHz, 64 %, 69427 MiB
2026/09/14 10:14:16.265, 1, 58, 80.25 W, 1410 MHz, 1512 MHz, 0 %, 69497 MiB
2026/09/14 10:14:21.266, 0, 64, 87.56 W, 1410 MHz, 1512 MHz, 0 %, 70397 MiB
2026/09/14 10:14:21.266, 1, 58, 80.98 W, 1410 MHz, 1512 MHz, 0 %, 69499 MiB
2026/09/14 10:14:26.266, 0, 65, 88.29 W, 1410 MHz, 1512 MHz, 0 %, 70403 MiB
2026/09/14 10:14:26.266, 1, 58, 80.86 W, 1410 MHz, 1512 MHz, 24 %, 69499 MiB
2026/09/14 10:14:31.267, 0, 65, 87.82 W, 1410 MHz, 1512 MHz, 0 %, 76923 MiB
2026/09/14 10:14:31.267, 1, 58, 80.58 W, 1410 MHz, 1512 MHz, 0 %, 69499 MiB
2026/09/14 10:14:36.267, 0, 65, 104.62 W, 1410 MHz, 1512 MHz, 0 %, 77047 MiB
2026/09/14 10:14:36.268, 1, 59, 81.34 W, 1410 MHz, 1512 MHz, 0 %, 69499 MiB
2026/09/14 10:14:41.268, 0, 69, 310.13 W, 1365 MHz, 1512 MHz, 100 %, 77049 MiB
2026/09/14 10:14:41.268, 1, 59, 189.48 W, 1410 MHz, 1512 MHz, 0 %, 69499 MiB
2026/09/14 10:14:46.268, 0, 71, 295.24 W, 1365 MHz, 1512 MHz, 100 %, 77049 MiB
2026/09/14 10:14:46.269, 1, 59, 81.45 W, 1410 MHz, 1512 MHz, 38 %, 69499 MiB
2026/09/14 10:14:51.269, 0, 73, 298.89 W, 1350 MHz, 1512 MHz, 100 %, 77051 MiB
2026/09/14 10:14:51.269, 1, 59, 80.97 W, 1410 MHz, 1512 MHz, 0 %, 69501 MiB
2026/09/14 10:14:56.270, 0, 74, 303.47 W, 1350 MHz, 1512 MHz, 100 %, 77051 MiB
2026/09/14 10:14:56.270, 1, 58, 80.55 W, 1410 MHz, 1512 MHz, 0 %, 69501 MiB
2026/09/14 10:15:01.270, 0, 75, 310.56 W, 1350 MHz, 1512 MHz, 100 %, 77051 MiB
2026/09/14 10:15:01.270, 1, 58, 80.57 W, 1410 MHz, 1512 MHz, 0 %, 69501 MiB
2026/09/14 10:15:06.271, 0, 76, 301.48 W, 1350 MHz, 1512 MHz, 64 %, 77051 MiB
2026/09/14 10:15:06.271, 1, 57, 79.98 W, 1410 MHz, 1512 MHz, 23 %, 69501 MiB
2026/09/14 10:15:11.272, 0, 78, 313.83 W, 1350 MHz, 1512 MHz, 100 %, 77051 MiB
2026/09/14 10:15:11.272, 1, 57, 79.74 W, 1410 MHz, 1512 MHz, 53 %, 69501 MiB
2026/09/14 10:15:16.272, 0, 78, 291.42 W, 1350 MHz, 1512 MHz, 65 %, 77051 MiB
2026/09/14 10:15:16.272, 1, 56, 79.87 W, 1410 MHz, 1512 MHz, 0 %, 69501 MiB
2026/09/14 10:15:21.273, 0, 78, 321.17 W, 1335 MHz, 1512 MHz, 64 %, 77051 MiB
2026/09/14 10:15:21.273, 1, 55, 78.49 W, 1410 MHz, 1512 MHz, 11 %, 69503 MiB
2026/09/14 10:15:26.273, 0, 78, 278.53 W, 1350 MHz, 1512 MHz, 100 %, 77051 MiB
2026/09/14 10:15:26.273, 1, 54, 77.68 W, 1410 MHz, 1512 MHz, 0 %, 69503 MiB
2026/09/14 10:15:31.274, 0, 78, 284.69 W, 1335 MHz, 1512 MHz, 100 %, 77473 MiB
2026/09/14 10:15:31.274, 1, 54, 76.14 W, 1410 MHz, 1512 MHz, 0 %, 69503 MiB
2026/09/14 10:15:36.274, 0, 78, 285.44 W, 1335 MHz, 1512 MHz, 100 %, 77473 MiB
2026/09/14 10:15:36.274, 1, 54, 166.95 W, 1410 MHz, 1512 MHz, 4 %, 69499 MiB
2026/09/14 10:15:41.275, 0, 77, 294.18 W, 1335 MHz, 1512 MHz, 100 %, 77473 MiB
2026/09/14 10:15:41.275, 1, 55, 188.69 W, 1410 MHz, 1512 MHz, 64 %, 69427 MiB
2026/09/14 10:15:46.275, 0, 77, 305.38 W, 1350 MHz, 1512 MHz, 66 %, 77473 MiB
2026/09/14 10:15:46.276, 1, 52, 75.83 W, 1410 MHz, 1512 MHz, 0 %, 70397 MiB
2026/09/14 10:15:51.276, 0, 76, 300.43 W, 1365 MHz, 1512 MHz, 100 %, 77473 MiB
2026/09/14 10:15:51.276, 1, 51, 73.87 W, 1410 MHz, 1512 MHz, 0 %, 70397 MiB
2026/09/14 10:15:56.276, 0, 76, 302.71 W, 1335 MHz, 1512 MHz, 100 %, 77473 MiB
2026/09/14 10:15:56.277, 1, 50, 73.07 W, 1410 MHz, 1512 MHz, 0 %, 70397 MiB
2026/09/14 10:16:01.277, 0, 75, 302.71 W, 1350 MHz, 1512 MHz, 76 %, 77473 MiB
2026/09/14 10:16:01.277, 1, 49, 72.51 W, 1410 MHz, 1512 MHz, 0 %, 76897 MiB
2026/09/14 10:16:06.278, 0, 75, 310.11 W, 1335 MHz, 1512 MHz, 100 %, 77473 MiB
2026/09/14 10:16:06.278, 1, 48, 72.12 W, 1410 MHz, 1512 MHz, 7 %, 77031 MiB
2026/09/14 10:16:11.278, 0, 74, 279.67 W, 1350 MHz, 1512 MHz, 67 %, 77473 MiB
2026/09/14 10:16:11.278, 1, 48, 72.22 W, 1410 MHz, 1512 MHz, 0 %, 77031 MiB
2026/09/14 10:16:16.279, 0, 74, 299.55 W, 1350 MHz, 1512 MHz, 100 %, 77473 MiB
2026/09/14 10:16:16.279, 1, 47, 71.34 W, 1410 MHz, 1512 MHz, 0 %, 77031 MiB
2026/09/14 10:16:21.279, 0, 74, 289.49 W, 1350 MHz, 1512 MHz, 100 %, 77473 MiB
2026/09/14 10:16:21.280, 1, 46, 71.14 W, 1410 MHz, 1512 MHz, 0 %, 77031 MiB
2026/09/14 10:16:26.280, 0, 74, 290.26 W, 1350 MHz, 1512 MHz, 100 %, 77473 MiB
2026/09/14 10:16:26.280, 1, 46, 70.85 W, 1410 MHz, 1512 MHz, 0 %, 77031 MiB
2026/09/14 10:16:31.281, 0, 73, 304.73 W, 1350 MHz, 1512 MHz, 100 %, 77473 MiB
2026/09/14 10:16:31.281, 1, 45, 70.64 W, 1410 MHz, 1512 MHz, 0 %, 77031 MiB
2026/09/14 10:16:36.281, 0, 73, 300.68 W, 1350 MHz, 1512 MHz, 100 %, 77473 MiB
2026/09/14 10:16:36.281, 1, 45, 70.33 W, 1410 MHz, 1512 MHz, 0 %, 77355 MiB
2026/09/14 10:16:41.282, 0, 68, 92.67 W, 1410 MHz, 1512 MHz, 0 %, 77485 MiB
2026/09/14 10:16:41.282, 1, 45, 69.59 W, 1410 MHz, 1512 MHz, 0 %, 77355 MiB
2026/09/14 10:16:46.283, 0, 66, 90.14 W, 1410 MHz, 1512 MHz, 0 %, 77485 MiB
2026/09/14 10:16:46.283, 1, 44, 70.26 W, 1410 MHz, 1512 MHz, 0 %, 77355 MiB
2026/09/14 10:16:51.283, 0, 64, 86.94 W, 1410 MHz, 1512 MHz, 0 %, 77485 MiB
2026/09/14 10:16:51.283, 1, 44, 69.22 W, 1410 MHz, 1512 MHz, 0 %, 77355 MiB
2026/09/14 10:16:56.284, 0, 62, 85.27 W, 1410 MHz, 1512 MHz, 0 %, 77485 MiB
2026/09/14 10:16:56.284, 1, 44, 69.12 W, 1410 MHz, 1512 MHz, 0 %, 77355 MiB
2026/09/14 10:17:01.285, 0, 61, 84.00 W, 1410 MHz, 1512 MHz, 0 %, 77485 MiB
2026/09/14 10:17:01.285, 1, 44, 69.03 W, 1410 MHz, 1512 MHz, 0 %, 77423 MiB
2026/09/14 10:17:06.285, 0, 60, 85.97 W, 1410 MHz, 1512 MHz, 100 %, 425 MiB
2026/09/14 10:17:06.285, 1, 44, 69.81 W, 1410 MHz, 1512 MHz, 0 %, 77429 MiB
2026/09/14 10:17:11.286, 0, 58, 53.54 W, 210 MHz, 1512 MHz, 0 %, 0 MiB
2026/09/14 10:17:11.286, 1, 43, 69.03 W, 1410 MHz, 1512 MHz, 0 %, 77429 MiB
2026/09/14 10:17:16.287, 0, 57, 52.86 W, 210 MHz, 1512 MHz, 0 %, 0 MiB
2026/09/14 10:17:16.287, 1, 43, 69.13 W, 1410 MHz, 1512 MHz, 0 %, 77429 MiB
2026/09/14 10:17:21.287, 0, 56, 52.15 W, 210 MHz, 1512 MHz, 0 %, 4 MiB
2026/09/14 10:17:21.287, 1, 43, 69.52 W, 1410 MHz, 1512 MHz, 0 %, 77429 MiB
2026/09/14 10:17:26.288, 0, 55, 51.77 W, 210 MHz, 1512 MHz, 0 %, 4 MiB
2026/09/14 10:17:26.288, 1, 43, 69.71 W, 1410 MHz, 1512 MHz, 0 %, 77429 MiB
2026/09/14 10:17:31.289, 0, 55, 77.40 W, 1410 MHz, 1512 MHz, 0 %, 66355 MiB
2026/09/14 10:17:31.289, 1, 44, 69.42 W, 1410 MHz, 1512 MHz, 0 %, 77429 MiB
2026/09/14 10:17:36.289, 0, 54, 77.99 W, 1410 MHz, 1512 MHz, 17 %, 67325 MiB
2026/09/14 10:17:36.290, 1, 44, 69.52 W, 1410 MHz, 1512 MHz, 0 %, 77429 MiB
2026/09/14 10:17:41.290, 0, 54, 77.90 W, 1410 MHz, 1512 MHz, 18 %, 67325 MiB
2026/09/14 10:17:41.290, 1, 44, 69.61 W, 1410 MHz, 1512 MHz, 0 %, 77429 MiB
2026/09/14 10:17:46.291, 0, 54, 77.99 W, 1410 MHz, 1512 MHz, 14 %, 67325 MiB
2026/09/14 10:17:46.291, 1, 44, 69.22 W, 1410 MHz, 1512 MHz, 0 %, 77429 MiB
2026/09/14 10:17:51.291, 0, 54, 78.00 W, 1410 MHz, 1512 MHz, 0 %, 66793 MiB
2026/09/14 10:17:51.292, 1, 44, 69.22 W, 1410 MHz, 1512 MHz, 0 %, 77429 MiB
2026/09/14 10:17:56.292, 0, 54, 77.40 W, 1410 MHz, 1512 MHz, 0 %, 66793 MiB
2026/09/14 10:17:56.292, 1, 45, 69.52 W, 1410 MHz, 1512 MHz, 0 %, 77431 MiB
2026/09/14 10:18:01.293, 0, 55, 77.35 W, 1410 MHz, 1512 MHz, 0 %, 67819 MiB
2026/09/14 10:18:01.293, 1, 51, 307.66 W, 1395 MHz, 1512 MHz, 100 %, 77437 MiB
2026/09/14 10:18:06.294, 0, 55, 78.06 W, 1410 MHz, 1512 MHz, 0 %, 67819 MiB
2026/09/14 10:18:06.294, 1, 53, 294.64 W, 1395 MHz, 1512 MHz, 100 %, 77437 MiB
2026/09/14 10:18:11.294, 0, 55, 78.52 W, 1410 MHz, 1512 MHz, 0 %, 67819 MiB
2026/09/14 10:18:11.294, 1, 55, 258.20 W, 1410 MHz, 1512 MHz, 100 %, 77859 MiB
2026/09/14 10:18:16.295, 0, 55, 78.65 W, 1410 MHz, 1512 MHz, 0 %, 67821 MiB
2026/09/14 10:18:16.295, 1, 59, 295.12 W, 1380 MHz, 1512 MHz, 100 %, 77859 MiB
2026/09/14 10:18:21.295, 0, 56, 78.78 W, 1410 MHz, 1512 MHz, 0 %, 67821 MiB
2026/09/14 10:18:21.296, 1, 57, 80.48 W, 1410 MHz, 1512 MHz, 0 %, 77871 MiB
2026/09/14 10:18:26.296, 0, 56, 78.57 W, 1410 MHz, 1512 MHz, 41 %, 67839 MiB
2026/09/14 10:18:26.296, 1, 56, 79.71 W, 1410 MHz, 1512 MHz, 0 %, 77871 MiB
2026/09/14 10:18:31.297, 0, 57, 79.63 W, 1410 MHz, 1512 MHz, 30 %, 67841 MiB
2026/09/14 10:18:31.297, 1, 56, 80.50 W, 1410 MHz, 1512 MHz, 0 %, 77871 MiB
2026/09/14 10:18:36.298, 0, 57, 79.74 W, 1410 MHz, 1512 MHz, 0 %, 67841 MiB
2026/09/14 10:18:36.298, 1, 56, 80.10 W, 1410 MHz, 1512 MHz, 0 %, 77871 MiB
2026/09/14 10:18:41.298, 0, 58, 80.14 W, 1410 MHz, 1512 MHz, 0 %, 67841 MiB
2026/09/14 10:18:41.298, 1, 56, 80.08 W, 1410 MHz, 1512 MHz, 0 %, 70389 MiB
2026/09/14 10:18:46.299, 0, 58, 80.72 W, 1410 MHz, 1512 MHz, 0 %, 67841 MiB
2026/09/14 10:18:46.299, 1, 56, 52.66 W, 210 MHz, 1512 MHz, 0 %, 0 MiB
2026/09/14 10:18:51.299, 0, 59, 81.37 W, 1410 MHz, 1512 MHz, 0 %, 67841 MiB
2026/09/14 10:18:51.300, 1, 56, 52.47 W, 210 MHz, 1512 MHz, 0 %, 0 MiB
2026/09/14 10:18:56.300, 0, 60, 196.76 W, 1410 MHz, 1512 MHz, 0 %, 67843 MiB
2026/09/14 10:18:56.300, 1, 55, 52.26 W, 210 MHz, 1512 MHz, 0 %, 4 MiB
2026/09/14 10:19:01.301, 0, 60, 81.89 W, 1410 MHz, 1512 MHz, 0 %, 67843 MiB
2026/09/14 10:19:01.301, 1, 55, 52.27 W, 210 MHz, 1512 MHz, 0 %, 4 MiB
2026/09/14 10:19:06.302, 0, 60, 82.27 W, 1410 MHz, 1512 MHz, 0 %, 67843 MiB
2026/09/14 10:19:06.302, 1, 56, 78.24 W, 1410 MHz, 1512 MHz, 5 %, 571 MiB
2026/09/14 10:19:11.302, 0, 60, 83.06 W, 1410 MHz, 1512 MHz, 0 %, 67843 MiB
2026/09/14 10:19:11.302, 1, 56, 79.79 W, 1410 MHz, 1512 MHz, 15 %, 67357 MiB
2026/09/14 10:19:16.303, 0, 61, 83.61 W, 1410 MHz, 1512 MHz, 52 %, 67843 MiB
2026/09/14 10:19:16.303, 1, 56, 79.41 W, 1410 MHz, 1512 MHz, 18 %, 67357 MiB
2026/09/14 10:19:21.304, 0, 61, 83.73 W, 1410 MHz, 1512 MHz, 0 %, 67843 MiB
2026/09/14 10:19:21.304, 1, 56, 79.77 W, 1410 MHz, 1512 MHz, 12 %, 67357 MiB
2026/09/14 10:19:26.304, 0, 61, 84.41 W, 1410 MHz, 1512 MHz, 0 %, 67843 MiB
2026/09/14 10:19:26.305, 1, 56, 79.03 W, 1410 MHz, 1512 MHz, 27 %, 68433 MiB
2026/09/14 10:19:31.305, 0, 62, 83.52 W, 1410 MHz, 1512 MHz, 0 %, 67845 MiB
2026/09/14 10:19:31.305, 1, 56, 79.21 W, 1410 MHz, 1512 MHz, 0 %, 68433 MiB
2026/09/14 10:19:36.306, 0, 62, 83.73 W, 1410 MHz, 1512 MHz, 0 %, 67845 MiB
2026/09/14 10:19:36.306, 1, 57, 79.41 W, 1410 MHz, 1512 MHz, 0 %, 69477 MiB
2026/09/14 10:19:41.306, 0, 62, 84.11 W, 1410 MHz, 1512 MHz, 0 %, 67845 MiB
2026/09/14 10:19:41.307, 1, 57, 82.82 W, 1410 MHz, 1512 MHz, 0 %, 69477 MiB
2026/09/14 10:19:46.307, 0, 63, 85.38 W, 1410 MHz, 1512 MHz, 51 %, 67845 MiB
2026/09/14 10:19:46.307, 1, 57, 80.57 W, 1410 MHz, 1512 MHz, 0 %, 69477 MiB
2026/09/14 10:19:51.308, 0, 65, 213.67 W, 1410 MHz, 1512 MHz, 64 %, 67785 MiB
2026/09/14 10:19:51.308, 1, 57, 80.07 W, 1410 MHz, 1512 MHz, 0 %, 69479 MiB
2026/09/14 10:19:56.308, 0, 64, 86.56 W, 1410 MHz, 1512 MHz, 0 %, 74947 MiB
2026/09/14 10:19:56.309, 1, 57, 80.00 W, 1410 MHz, 1512 MHz, 0 %, 69479 MiB
2026/09/14 10:20:01.309, 0, 64, 104.89 W, 1410 MHz, 1512 MHz, 0 %, 75033 MiB
2026/09/14 10:20:01.309, 1, 58, 169.50 W, 1410 MHz, 1512 MHz, 0 %, 69497 MiB
2026/09/14 10:20:06.310, 0, 68, 270.81 W, 1410 MHz, 1512 MHz, 100 %, 75071 MiB
2026/09/14 10:20:06.310, 1, 59, 81.36 W, 1410 MHz, 1512 MHz, 0 %, 69499 MiB
2026/09/14 10:20:11.311, 0, 69, 274.00 W, 1410 MHz, 1512 MHz, 100 %, 75073 MiB
2026/09/14 10:20:11.311, 1, 58, 80.46 W, 1410 MHz, 1512 MHz, 24 %, 69499 MiB
2026/09/14 10:20:16.311, 0, 71, 279.20 W, 1410 MHz, 1512 MHz, 100 %, 75073 MiB
2026/09/14 10:20:16.311, 1, 59, 80.97 W, 1410 MHz, 1512 MHz, 30 %, 69499 MiB
2026/09/14 10:20:21.312, 0, 73, 281.50 W, 1410 MHz, 1512 MHz, 100 %, 75495 MiB
2026/09/14 10:20:21.312, 1, 58, 80.47 W, 1410 MHz, 1512 MHz, 0 %, 69499 MiB
2026/09/14 10:20:26.313, 0, 74, 286.30 W, 1410 MHz, 1512 MHz, 100 %, 75495 MiB
2026/09/14 10:20:26.313, 1, 58, 80.76 W, 1410 MHz, 1512 MHz, 45 %, 69499 MiB
2026/09/14 10:20:31.313, 0, 74, 286.32 W, 1410 MHz, 1512 MHz, 100 %, 75495 MiB
2026/09/14 10:20:31.314, 1, 59, 189.74 W, 1410 MHz, 1512 MHz, 0 %, 69499 MiB
2026/09/14 10:20:36.314, 0, 75, 275.68 W, 1410 MHz, 1512 MHz, 40 %, 75495 MiB
2026/09/14 10:20:36.314, 1, 57, 79.38 W, 1410 MHz, 1512 MHz, 0 %, 69501 MiB
2026/09/14 10:20:41.315, 0, 74, 99.86 W, 1410 MHz, 1512 MHz, 0 %, 75509 MiB
2026/09/14 10:20:41.315, 1, 56, 80.47 W, 1410 MHz, 1512 MHz, 0 %, 69501 MiB
2026/09/14 10:20:46.316, 0, 71, 96.89 W, 1410 MHz, 1512 MHz, 0 %, 75509 MiB
2026/09/14 10:20:46.316, 1, 56, 78.62 W, 1410 MHz, 1512 MHz, 0 %, 69501 MiB
2026/09/14 10:20:51.316, 0, 70, 94.82 W, 1410 MHz, 1512 MHz, 0 %, 75509 MiB
2026/09/14 10:20:51.316, 1, 55, 78.22 W, 1410 MHz, 1512 MHz, 25 %, 69501 MiB
2026/09/14 10:20:56.317, 0, 69, 93.65 W, 1410 MHz, 1512 MHz, 0 %, 75509 MiB
2026/09/14 10:20:56.317, 1, 55, 78.23 W, 1410 MHz, 1512 MHz, 52 %, 69501 MiB
2026/09/14 10:21:01.317, 0, 68, 93.28 W, 1410 MHz, 1512 MHz, 0 %, 75509 MiB
2026/09/14 10:21:01.318, 1, 55, 78.23 W, 1410 MHz, 1512 MHz, 0 %, 69501 MiB
2026/09/14 10:21:06.318, 0, 68, 92.12 W, 1410 MHz, 1512 MHz, 0 %, 68337 MiB
2026/09/14 10:21:06.318, 1, 56, 161.40 W, 1410 MHz, 1512 MHz, 0 %, 69503 MiB
2026/09/14 10:21:11.318, 0, 67, 59.02 W, 315 MHz, 1512 MHz, 0 %, 0 MiB
2026/09/14 10:21:11.319, 1, 55, 77.25 W, 1410 MHz, 1512 MHz, 0 %, 69503 MiB
2026/09/14 10:21:16.319, 0, 66, 58.26 W, 210 MHz, 1512 MHz, 0 %, 0 MiB
2026/09/14 10:21:16.319, 1, 55, 77.26 W, 1410 MHz, 1512 MHz, 0 %, 69503 MiB
2026/09/14 10:21:21.320, 0, 65, 57.76 W, 210 MHz, 1512 MHz, 0 %, 4 MiB
2026/09/14 10:21:21.320, 1, 55, 78.32 W, 1410 MHz, 1512 MHz, 0 %, 69503 MiB
2026/09/14 10:21:26.321, 0, 65, 57.46 W, 210 MHz, 1512 MHz, 0 %, 4 MiB
2026/09/14 10:21:26.321, 1, 57, 187.88 W, 1410 MHz, 1512 MHz, 63 %, 69427 MiB
2026/09/14 10:21:31.321, 0, 65, 89.36 W, 1410 MHz, 1512 MHz, 2 %, 425 MiB
2026/09/14 10:21:31.321, 1, 57, 160.86 W, 1410 MHz, 1512 MHz, 0 %, 70397 MiB
2026/09/14 10:21:36.322, 0, 65, 91.12 W, 1410 MHz, 1512 MHz, 17 %, 67357 MiB
2026/09/14 10:21:36.322, 1, 56, 78.91 W, 1410 MHz, 1512 MHz, 51 %, 70397 MiB
2026/09/14 10:21:41.323, 0, 65, 90.63 W, 1410 MHz, 1512 MHz, 19 %, 67357 MiB
2026/09/14 10:21:41.323, 1, 56, 78.92 W, 1410 MHz, 1512 MHz, 0 %, 70397 MiB
2026/09/14 10:21:46.323, 0, 65, 90.15 W, 1410 MHz, 1512 MHz, 19 %, 67357 MiB
2026/09/14 10:21:46.323, 1, 56, 78.91 W, 1410 MHz, 1512 MHz, 0 %, 70397 MiB
2026/09/14 10:21:51.324, 0, 65, 89.25 W, 1410 MHz, 1512 MHz, 22 %, 70905 MiB
2026/09/14 10:21:51.324, 1, 56, 79.01 W, 1410 MHz, 1512 MHz, 0 %, 76897 MiB
2026/09/14 10:21:56.324, 0, 65, 89.66 W, 1410 MHz, 1512 MHz, 0 %, 68433 MiB
2026/09/14 10:21:56.325, 1, 56, 79.70 W, 1410 MHz, 1512 MHz, 0 %, 77067 MiB
2026/09/14 10:22:01.325, 0, 65, 89.67 W, 1410 MHz, 1512 MHz, 0 %, 69477 MiB
2026/09/14 10:22:01.325, 1, 56, 79.21 W, 1410 MHz, 1512 MHz, 0 %, 77067 MiB
2026/09/14 10:22:06.326, 0, 66, 89.66 W, 1410 MHz, 1512 MHz, 0 %, 69477 MiB
2026/09/14 10:22:06.326, 1, 56, 79.41 W, 1410 MHz, 1512 MHz, 0 %, 77067 MiB
2026/09/14 10:22:11.326, 0, 66, 89.86 W, 1410 MHz, 1512 MHz, 0 %, 69477 MiB
2026/09/14 10:22:11.327, 1, 56, 80.67 W, 1410 MHz, 1512 MHz, 0 %, 77067 MiB
2026/09/14 10:22:16.327, 0, 66, 90.06 W, 1410 MHz, 1512 MHz, 0 %, 69479 MiB
2026/09/14 10:22:16.327, 1, 56, 79.70 W, 1410 MHz, 1512 MHz, 0 %, 77067 MiB
2026/09/14 10:22:21.328, 0, 66, 89.76 W, 1410 MHz, 1512 MHz, 0 %, 69479 MiB
2026/09/14 10:22:21.328, 1, 56, 79.51 W, 1410 MHz, 1512 MHz, 0 %, 77067 MiB
2026/09/14 10:22:26.328, 0, 66, 89.86 W, 1410 MHz, 1512 MHz, 0 %, 69497 MiB
2026/09/14 10:22:26.328, 1, 56, 79.31 W, 1410 MHz, 1512 MHz, 0 %, 77067 MiB
2026/09/14 10:22:31.329, 0, 67, 91.51 W, 1410 MHz, 1512 MHz, 10 %, 69499 MiB
2026/09/14 10:22:31.329, 1, 56, 79.71 W, 1410 MHz, 1512 MHz, 0 %, 77067 MiB
2026/09/14 10:22:36.330, 0, 66, 90.93 W, 1410 MHz, 1512 MHz, 0 %, 69499 MiB
2026/09/14 10:22:36.330, 1, 56, 79.02 W, 1410 MHz, 1512 MHz, 0 %, 77067 MiB
2026/09/14 10:22:41.330, 0, 67, 91.43 W, 1410 MHz, 1512 MHz, 32 %, 69499 MiB
2026/09/14 10:22:41.330, 1, 56, 79.02 W, 1410 MHz, 1512 MHz, 0 %, 77067 MiB
2026/09/14 10:22:46.331, 0, 67, 91.22 W, 1410 MHz, 1512 MHz, 22 %, 69499 MiB
2026/09/14 10:22:46.331, 1, 56, 78.93 W, 1410 MHz, 1512 MHz, 0 %, 77067 MiB
2026/09/14 10:22:51.332, 0, 67, 92.85 W, 1410 MHz, 1512 MHz, 51 %, 69499 MiB
2026/09/14 10:22:51.332, 1, 56, 80.38 W, 1410 MHz, 1512 MHz, 0 %, 77067 MiB
2026/09/14 10:22:56.332, 0, 67, 91.22 W, 1410 MHz, 1512 MHz, 52 %, 69499 MiB
2026/09/14 10:22:56.332, 1, 56, 79.09 W, 1410 MHz, 1512 MHz, 0 %, 77067 MiB
2026/09/14 10:23:01.333, 0, 67, 91.03 W, 1410 MHz, 1512 MHz, 0 %, 69501 MiB
2026/09/14 10:23:01.333, 1, 56, 79.11 W, 1410 MHz, 1512 MHz, 0 %, 77067 MiB
2026/09/14 10:23:06.333, 0, 67, 101.59 W, 1410 MHz, 1512 MHz, 0 %, 69501 MiB
2026/09/14 10:23:06.334, 1, 56, 79.00 W, 1410 MHz, 1512 MHz, 0 %, 77067 MiB
2026/09/14 10:23:11.334, 0, 67, 91.52 W, 1410 MHz, 1512 MHz, 0 %, 69501 MiB
2026/09/14 10:23:11.334, 1, 56, 79.58 W, 1410 MHz, 1512 MHz, 0 %, 77067 MiB
2026/09/14 10:23:16.335, 0, 67, 91.12 W, 1410 MHz, 1512 MHz, 0 %, 69501 MiB
2026/09/14 10:23:16.335, 1, 56, 79.21 W, 1410 MHz, 1512 MHz, 0 %, 77067 MiB
2026/09/14 10:23:21.335, 0, 68, 101.00 W, 1410 MHz, 1512 MHz, 52 %, 69501 MiB
2026/09/14 10:23:21.336, 1, 56, 78.52 W, 1410 MHz, 1512 MHz, 0 %, 77067 MiB
2026/09/14 10:23:26.336, 0, 68, 110.50 W, 1410 MHz, 1512 MHz, 0 %, 69501 MiB
2026/09/14 10:23:26.336, 1, 56, 79.48 W, 1410 MHz, 1512 MHz, 0 %, 77067 MiB
2026/09/14 10:23:31.337, 0, 67, 92.02 W, 1410 MHz, 1512 MHz, 0 %, 69501 MiB
2026/09/14 10:23:31.337, 1, 56, 78.81 W, 1410 MHz, 1512 MHz, 0 %, 77067 MiB
2026/09/14 10:23:36.337, 0, 68, 100.01 W, 1410 MHz, 1512 MHz, 31 %, 69503 MiB
2026/09/14 10:23:36.338, 1, 56, 79.19 W, 1410 MHz, 1512 MHz, 0 %, 77067 MiB
2026/09/14 10:23:41.338, 0, 68, 92.01 W, 1410 MHz, 1512 MHz, 0 %, 69503 MiB
2026/09/14 10:23:41.338, 1, 56, 78.73 W, 1410 MHz, 1512 MHz, 0 %, 77067 MiB
2026/09/14 10:23:46.339, 0, 67, 92.96 W, 1410 MHz, 1512 MHz, 0 %, 69503 MiB
2026/09/14 10:23:46.339, 1, 56, 79.48 W, 1410 MHz, 1512 MHz, 0 %, 77067 MiB
2026/09/14 10:23:51.339, 0, 68, 92.01 W, 1410 MHz, 1512 MHz, 37 %, 69503 MiB
2026/09/14 10:23:51.340, 1, 56, 78.82 W, 1410 MHz, 1512 MHz, 0 %, 77067 MiB
2026/09/14 10:23:56.340, 0, 71, 235.13 W, 1410 MHz, 1512 MHz, 63 %, 69427 MiB
2026/09/14 10:23:56.340, 1, 56, 78.90 W, 1410 MHz, 1512 MHz, 0 %, 77067 MiB
2026/09/14 10:24:01.341, 0, 68, 93.06 W, 1410 MHz, 1512 MHz, 0 %, 70397 MiB
2026/09/14 10:24:01.341, 1, 56, 78.79 W, 1410 MHz, 1512 MHz, 0 %, 77067 MiB
2026/09/14 10:24:06.341, 0, 69, 93.36 W, 1410 MHz, 1512 MHz, 6 %, 70399 MiB
2026/09/14 10:24:06.342, 1, 56, 79.19 W, 1410 MHz, 1512 MHz, 0 %, 77067 MiB
2026/09/14 10:24:11.342, 0, 68, 92.41 W, 1410 MHz, 1512 MHz, 0 %, 76919 MiB
2026/09/14 10:24:11.342, 1, 56, 79.11 W, 1410 MHz, 1512 MHz, 0 %, 77067 MiB
2026/09/14 10:24:16.343, 0, 68, 104.45 W, 1410 MHz, 1512 MHz, 0 %, 77025 MiB
2026/09/14 10:24:16.343, 1, 56, 79.09 W, 1410 MHz, 1512 MHz, 0 %, 77067 MiB
2026/09/14 10:24:21.343, 0, 68, 92.19 W, 1410 MHz, 1512 MHz, 0 %, 77055 MiB
2026/09/14 10:24:21.344, 1, 56, 79.70 W, 1410 MHz, 1512 MHz, 0 %, 77067 MiB
2026/09/14 10:24:26.344, 0, 68, 92.86 W, 1410 MHz, 1512 MHz, 0 %, 77057 MiB
2026/09/14 10:24:26.344, 1, 56, 78.52 W, 1410 MHz, 1512 MHz, 0 %, 77067 MiB
2026/09/14 10:24:31.345, 0, 74, 301.47 W, 1395 MHz, 1512 MHz, 99 %, 77059 MiB
2026/09/14 10:24:31.345, 1, 56, 78.29 W, 1410 MHz, 1512 MHz, 0 %, 77067 MiB
2026/09/14 10:24:36.345, 0, 76, 301.67 W, 1395 MHz, 1512 MHz, 51 %, 77481 MiB
2026/09/14 10:24:36.345, 1, 56, 78.29 W, 1410 MHz, 1512 MHz, 0 %, 77067 MiB
2026/09/14 10:24:41.346, 0, 77, 298.31 W, 1395 MHz, 1512 MHz, 80 %, 77481 MiB
2026/09/14 10:24:41.346, 1, 55, 77.98 W, 1410 MHz, 1512 MHz, 0 %, 77067 MiB
2026/09/14 10:24:46.347, 0, 78, 303.29 W, 1380 MHz, 1512 MHz, 97 %, 77481 MiB
2026/09/14 10:24:46.347, 1, 55, 77.21 W, 1410 MHz, 1512 MHz, 0 %, 77067 MiB
2026/09/14 10:24:51.347, 0, 73, 98.39 W, 1410 MHz, 1512 MHz, 0 %, 77493 MiB
2026/09/14 10:24:51.347, 1, 54, 76.82 W, 1410 MHz, 1512 MHz, 0 %, 77067 MiB
2026/09/14 10:24:56.348, 0, 71, 96.57 W, 1410 MHz, 1512 MHz, 0 %, 77493 MiB
2026/09/14 10:24:56.348, 1, 53, 77.11 W, 1410 MHz, 1512 MHz, 0 %, 77067 MiB
2026/09/14 10:25:01.348, 0, 69, 94.43 W, 1410 MHz, 1512 MHz, 0 %, 77493 MiB
2026/09/14 10:25:01.349, 1, 53, 76.06 W, 1410 MHz, 1512 MHz, 0 %, 77067 MiB
2026/09/14 10:25:06.349, 0, 68, 92.21 W, 1410 MHz, 1512 MHz, 0 %, 69021 MiB
2026/09/14 10:25:06.349, 1, 52, 75.66 W, 1410 MHz, 1512 MHz, 0 %, 77067 MiB
2026/09/14 10:25:11.350, 0, 67, 91.32 W, 1410 MHz, 1512 MHz, 0 %, 0 MiB
2026/09/14 10:25:11.350, 1, 52, 74.97 W, 1410 MHz, 1512 MHz, 0 %, 77067 MiB
2026/09/14 10:25:16.350, 0, 64, 57.27 W, 210 MHz, 1512 MHz, 0 %, 0 MiB
2026/09/14 10:25:16.350, 1, 51, 74.51 W, 1410 MHz, 1512 MHz, 0 %, 77067 MiB
2026/09/14 10:25:21.351, 0, 63, 56.38 W, 210 MHz, 1512 MHz, 0 %, 4 MiB
2026/09/14 10:25:21.351, 1, 51, 74.11 W, 1410 MHz, 1512 MHz, 0 %, 77067 MiB
2026/09/14 10:25:26.351, 0, 62, 56.28 W, 210 MHz, 1512 MHz, 0 %, 4 MiB
2026/09/14 10:25:26.351, 1, 51, 74.02 W, 1410 MHz, 1512 MHz, 0 %, 77067 MiB
2026/09/14 10:25:31.352, 0, 61, 55.31 W, 210 MHz, 1512 MHz, 0 %, 4 MiB
2026/09/14 10:25:31.352, 1, 50, 74.90 W, 1410 MHz, 1512 MHz, 0 %, 77067 MiB
2026/09/14 10:25:36.353, 0, 62, 86.46 W, 1410 MHz, 1512 MHz, 17 %, 67357 MiB
2026/09/14 10:25:36.353, 1, 50, 73.32 W, 1410 MHz, 1512 MHz, 0 %, 77067 MiB
2026/09/14 10:25:41.353, 0, 61, 85.40 W, 1410 MHz, 1512 MHz, 15 %, 67357 MiB
2026/09/14 10:25:41.353, 1, 50, 73.42 W, 1410 MHz, 1512 MHz, 0 %, 77067 MiB
2026/09/14 10:25:46.354, 0, 61, 86.07 W, 1410 MHz, 1512 MHz, 19 %, 67357 MiB
2026/09/14 10:25:46.354, 1, 50, 73.23 W, 1410 MHz, 1512 MHz, 0 %, 77067 MiB
2026/09/14 10:25:51.354, 0, 61, 85.29 W, 1410 MHz, 1512 MHz, 20 %, 67357 MiB
2026/09/14 10:25:51.355, 1, 50, 74.02 W, 1410 MHz, 1512 MHz, 0 %, 77067 MiB
2026/09/14 10:25:56.355, 0, 61, 84.60 W, 1410 MHz, 1512 MHz, 0 %, 68433 MiB
2026/09/14 10:25:56.355, 1, 51, 73.65 W, 1410 MHz, 1512 MHz, 0 %, 77067 MiB
2026/09/14 10:26:01.356, 0, 61, 84.70 W, 1410 MHz, 1512 MHz, 0 %, 68433 MiB
2026/09/14 10:26:01.356, 1, 51, 73.82 W, 1410 MHz, 1512 MHz, 0 %, 77067 MiB
2026/09/14 10:26:06.356, 0, 61, 85.09 W, 1410 MHz, 1512 MHz, 0 %, 69477 MiB
2026/09/14 10:26:06.357, 1, 51, 73.82 W, 1410 MHz, 1512 MHz, 0 %, 77067 MiB
2026/09/14 10:26:11.357, 0, 62, 85.08 W, 1410 MHz, 1512 MHz, 0 %, 69477 MiB
2026/09/14 10:26:11.357, 1, 51, 74.11 W, 1410 MHz, 1512 MHz, 0 %, 77067 MiB
2026/09/14 10:26:16.358, 0, 62, 84.58 W, 1410 MHz, 1512 MHz, 0 %, 69477 MiB
2026/09/14 10:26:16.358, 1, 51, 74.11 W, 1410 MHz, 1512 MHz, 0 %, 77067 MiB
2026/09/14 10:26:21.358, 0, 62, 85.38 W, 1410 MHz, 1512 MHz, 0 %, 69479 MiB
2026/09/14 10:26:21.359, 1, 51, 74.21 W, 1410 MHz, 1512 MHz, 0 %, 79139 MiB
2026/09/14 10:26:26.359, 0, 62, 84.80 W, 1410 MHz, 1512 MHz, 0 %, 69479 MiB
2026/09/14 10:26:26.359, 1, 51, 75.26 W, 1410 MHz, 1512 MHz, 0 %, 79139 MiB
2026/09/14 10:26:31.360, 0, 63, 205.07 W, 1410 MHz, 1512 MHz, 0 %, 69497 MiB
2026/09/14 10:26:31.360, 1, 52, 74.78 W, 1410 MHz, 1512 MHz, 0 %, 79139 MiB
2026/09/14 10:26:36.360, 0, 63, 85.58 W, 1410 MHz, 1512 MHz, 51 %, 69499 MiB
2026/09/14 10:26:36.360, 1, 52, 74.71 W, 1410 MHz, 1512 MHz, 0 %, 79139 MiB
2026/09/14 10:26:41.361, 0, 64, 186.52 W, 1410 MHz, 1512 MHz, 9 %, 69499 MiB
2026/09/14 10:26:41.361, 1, 52, 73.99 W, 1410 MHz, 1512 MHz, 0 %, 79139 MiB
2026/09/14 10:26:46.362, 0, 63, 85.97 W, 1410 MHz, 1512 MHz, 0 %, 69499 MiB
2026/09/14 10:26:46.362, 1, 52, 74.90 W, 1410 MHz, 1512 MHz, 0 %, 79139 MiB
2026/09/14 10:26:51.362, 0, 64, 200.84 W, 1410 MHz, 1512 MHz, 45 %, 69499 MiB
2026/09/14 10:26:51.362, 1, 52, 74.38 W, 1410 MHz, 1512 MHz, 0 %, 79139 MiB
2026/09/14 10:26:56.363, 0, 63, 91.08 W, 1410 MHz, 1512 MHz, 52 %, 69499 MiB
2026/09/14 10:26:56.363, 1, 52, 74.49 W, 1410 MHz, 1512 MHz, 0 %, 79139 MiB
2026/09/14 10:27:01.364, 0, 64, 87.80 W, 1410 MHz, 1512 MHz, 0 %, 69501 MiB
2026/09/14 10:27:01.364, 1, 52, 74.49 W, 1410 MHz, 1512 MHz, 0 %, 79139 MiB
2026/09/14 10:27:06.364, 0, 63, 86.65 W, 1410 MHz, 1512 MHz, 52 %, 69501 MiB
2026/09/14 10:27:06.364, 1, 52, 74.71 W, 1410 MHz, 1512 MHz, 0 %, 79139 MiB
2026/09/14 10:27:11.365, 0, 63, 86.65 W, 1410 MHz, 1512 MHz, 0 %, 69501 MiB
2026/09/14 10:27:11.365, 1, 52, 74.58 W, 1410 MHz, 1512 MHz, 0 %, 79139 MiB
2026/09/14 10:27:16.366, 0, 63, 87.61 W, 1410 MHz, 1512 MHz, 0 %, 69501 MiB
2026/09/14 10:27:16.366, 1, 52, 74.71 W, 1410 MHz, 1512 MHz, 0 %, 79139 MiB
2026/09/14 10:27:21.366, 0, 64, 86.56 W, 1410 MHz, 1512 MHz, 47 %, 69501 MiB
2026/09/14 10:27:21.366, 1, 52, 74.97 W, 1410 MHz, 1512 MHz, 0 %, 79139 MiB
2026/09/14 10:27:26.367, 0, 63, 86.35 W, 1410 MHz, 1512 MHz, 0 %, 69501 MiB
2026/09/14 10:27:26.367, 1, 52, 75.19 W, 1410 MHz, 1512 MHz, 0 %, 79139 MiB
2026/09/14 10:27:31.368, 0, 64, 86.67 W, 1410 MHz, 1512 MHz, 6 %, 69501 MiB
2026/09/14 10:27:31.368, 1, 52, 75.09 W, 1410 MHz, 1512 MHz, 0 %, 79139 MiB
2026/09/14 10:27:36.368, 0, 64, 87.14 W, 1410 MHz, 1512 MHz, 0 %, 69503 MiB
2026/09/14 10:27:36.369, 1, 52, 75.00 W, 1410 MHz, 1512 MHz, 0 %, 79139 MiB
2026/09/14 10:27:41.369, 0, 64, 86.75 W, 1410 MHz, 1512 MHz, 0 %, 69503 MiB
2026/09/14 10:27:41.369, 1, 52, 75.87 W, 1410 MHz, 1512 MHz, 0 %, 79139 MiB
2026/09/14 10:27:46.370, 0, 64, 86.85 W, 1410 MHz, 1512 MHz, 0 %, 69503 MiB
2026/09/14 10:27:46.370, 1, 53, 75.46 W, 1410 MHz, 1512 MHz, 0 %, 79139 MiB
2026/09/14 10:27:51.370, 0, 64, 87.14 W, 1410 MHz, 1512 MHz, 52 %, 69503 MiB
2026/09/14 10:27:51.370, 1, 53, 74.80 W, 1410 MHz, 1512 MHz, 0 %, 79139 MiB
2026/09/14 10:27:56.371, 0, 67, 211.30 W, 1410 MHz, 1512 MHz, 62 %, 69427 MiB
2026/09/14 10:27:56.371, 1, 53, 75.28 W, 1410 MHz, 1512 MHz, 0 %, 79139 MiB
2026/09/14 10:28:01.372, 0, 65, 87.91 W, 1410 MHz, 1512 MHz, 0 %, 70397 MiB
2026/09/14 10:28:01.372, 1, 53, 75.55 W, 1410 MHz, 1512 MHz, 0 %, 79139 MiB
2026/09/14 10:28:06.372, 0, 65, 88.21 W, 1410 MHz, 1512 MHz, 2 %, 70399 MiB
2026/09/14 10:28:06.372, 1, 53, 75.07 W, 1410 MHz, 1512 MHz, 0 %, 79139 MiB
2026/09/14 10:28:11.373, 0, 64, 88.04 W, 1410 MHz, 1512 MHz, 0 %, 76899 MiB
2026/09/14 10:28:11.373, 1, 53, 75.10 W, 1410 MHz, 1512 MHz, 0 %, 79139 MiB
2026/09/14 10:28:16.374, 0, 64, 88.57 W, 1410 MHz, 1512 MHz, 0 %, 76991 MiB
2026/09/14 10:28:16.374, 1, 53, 75.09 W, 1410 MHz, 1512 MHz, 0 %, 79139 MiB
2026/09/14 10:28:21.375, 0, 64, 88.03 W, 1410 MHz, 1512 MHz, 0 %, 77043 MiB
2026/09/14 10:28:21.375, 1, 53, 75.46 W, 1410 MHz, 1512 MHz, 0 %, 79139 MiB
2026/09/14 10:28:26.375, 0, 64, 87.72 W, 1410 MHz, 1512 MHz, 0 %, 77085 MiB
2026/09/14 10:28:26.376, 1, 53, 75.46 W, 1410 MHz, 1512 MHz, 0 %, 79139 MiB
2026/09/14 10:28:31.376, 0, 64, 87.89 W, 1410 MHz, 1512 MHz, 0 %, 77087 MiB
2026/09/14 10:28:31.376, 1, 53, 75.56 W, 1410 MHz, 1512 MHz, 0 %, 79139 MiB
2026/09/14 10:28:36.377, 0, 64, 87.53 W, 1410 MHz, 1512 MHz, 0 %, 77089 MiB
2026/09/14 10:28:36.377, 1, 53, 75.67 W, 1410 MHz, 1512 MHz, 0 %, 79139 MiB
2026/09/14 10:28:41.377, 0, 68, 297.26 W, 1410 MHz, 1512 MHz, 99 %, 77091 MiB
2026/09/14 10:28:41.378, 1, 53, 75.76 W, 1410 MHz, 1512 MHz, 0 %, 79139 MiB
2026/09/14 10:28:46.378, 0, 69, 187.04 W, 1410 MHz, 1512 MHz, 99 %, 77091 MiB
2026/09/14 10:28:46.378, 1, 53, 75.65 W, 1410 MHz, 1512 MHz, 0 %, 79139 MiB
2026/09/14 10:28:51.379, 0, 72, 292.37 W, 1395 MHz, 1512 MHz, 99 %, 77513 MiB
2026/09/14 10:28:51.379, 1, 53, 75.95 W, 1410 MHz, 1512 MHz, 0 %, 79139 MiB
2026/09/14 10:28:56.380, 0, 74, 303.11 W, 1395 MHz, 1512 MHz, 99 %, 77513 MiB
2026/09/14 10:28:56.380, 1, 53, 75.17 W, 1410 MHz, 1512 MHz, 0 %, 79139 MiB
2026/09/14 10:29:01.381, 0, 76, 300.88 W, 1395 MHz, 1512 MHz, 99 %, 77513 MiB
2026/09/14 10:29:01.381, 1, 53, 75.45 W, 1410 MHz, 1512 MHz, 0 %, 79139 MiB
2026/09/14 10:29:06.381, 0, 71, 96.83 W, 1410 MHz, 1512 MHz, 0 %, 77525 MiB
2026/09/14 10:29:06.381, 1, 53, 74.87 W, 1410 MHz, 1512 MHz, 0 %, 79139 MiB
2026/09/14 10:29:11.382, 0, 70, 94.90 W, 1410 MHz, 1512 MHz, 0 %, 77525 MiB
2026/09/14 10:29:11.382, 1, 52, 74.78 W, 1410 MHz, 1512 MHz, 0 %, 79139 MiB
2026/09/14 10:29:16.383, 0, 69, 92.96 W, 1410 MHz, 1512 MHz, 0 %, 77525 MiB
2026/09/14 10:29:16.383, 1, 52, 75.17 W, 1410 MHz, 1512 MHz, 0 %, 79139 MiB
2026/09/14 10:29:21.383, 0, 68, 92.41 W, 1410 MHz, 1512 MHz, 0 %, 69073 MiB
2026/09/14 10:29:21.384, 1, 52, 74.38 W, 1410 MHz, 1512 MHz, 0 %, 79139 MiB
2026/09/14 10:29:26.384, 0, 66, 59.02 W, 300 MHz, 1512 MHz, 0 %, 0 MiB
2026/09/14 10:29:26.384, 1, 51, 74.02 W, 1410 MHz, 1512 MHz, 0 %, 79139 MiB
2026/09/14 10:29:31.385, 0, 65, 57.97 W, 210 MHz, 1512 MHz, 0 %, 0 MiB
2026/09/14 10:29:31.385, 1, 51, 74.11 W, 1410 MHz, 1512 MHz, 0 %, 79139 MiB
2026/09/14 10:29:36.385, 0, 64, 57.76 W, 210 MHz, 1512 MHz, 0 %, 4 MiB
2026/09/14 10:29:36.386, 1, 51, 74.79 W, 1410 MHz, 1512 MHz, 0 %, 79139 MiB
2026/09/14 10:29:41.386, 0, 64, 57.47 W, 210 MHz, 1512 MHz, 0 %, 4 MiB
2026/09/14 10:29:41.386, 1, 51, 74.31 W, 1410 MHz, 1512 MHz, 0 %, 79139 MiB
2026/09/14 10:29:46.388, 0, 63, 56.97 W, 210 MHz, 1512 MHz, 0 %, 4 MiB
2026/09/14 10:29:46.389, 1, 51, 74.33 W, 1410 MHz, 1512 MHz, 0 %, 79139 MiB
2026/09/14 10:29:51.389, 0, 64, 86.85 W, 1410 MHz, 1512 MHz, 21 %, 67357 MiB
2026/09/14 10:29:51.389, 1, 51, 74.51 W, 1410 MHz, 1512 MHz, 0 %, 79139 MiB
2026/09/14 10:29:56.390, 0, 64, 88.01 W, 1410 MHz, 1512 MHz, 24 %, 67357 MiB
2026/09/14 10:29:56.390, 1, 51, 75.17 W, 1410 MHz, 1512 MHz, 0 %, 79139 MiB
2026/09/14 10:30:01.390, 0, 64, 88.39 W, 1410 MHz, 1512 MHz, 16 %, 67357 MiB
2026/09/14 10:30:01.391, 1, 52, 74.11 W, 1410 MHz, 1512 MHz, 0 %, 79139 MiB
2026/09/14 10:30:06.391, 0, 64, 87.04 W, 1410 MHz, 1512 MHz, 0 %, 68433 MiB
2026/09/14 10:30:06.391, 1, 52, 92.94 W, 1410 MHz, 1512 MHz, 15 %, 79157 MiB
2026/09/14 10:30:11.392, 0, 64, 86.95 W, 1410 MHz, 1512 MHz, 0 %, 68433 MiB
2026/09/14 10:30:11.392, 1, 52, 74.31 W, 1410 MHz, 1512 MHz, 13 %, 79189 MiB
2026/09/14 10:30:16.392, 0, 64, 87.04 W, 1410 MHz, 1512 MHz, 0 %, 69477 MiB
2026/09/14 10:30:16.393, 1, 52, 74.98 W, 1410 MHz, 1512 MHz, 0 %, 79191 MiB
2026/09/14 10:30:21.393, 0, 64, 87.72 W, 1410 MHz, 1512 MHz, 0 %, 69477 MiB
2026/09/14 10:30:21.394, 1, 52, 74.59 W, 1410 MHz, 1512 MHz, 0 %, 79191 MiB
2026/09/14 10:30:26.394, 0, 64, 87.46 W, 1410 MHz, 1512 MHz, 0 %, 69477 MiB
2026/09/14 10:30:26.394, 1, 52, 74.60 W, 1410 MHz, 1512 MHz, 0 %, 79191 MiB
2026/09/14 10:30:31.395, 0, 64, 87.24 W, 1410 MHz, 1512 MHz, 0 %, 69479 MiB
2026/09/14 10:30:31.395, 1, 52, 74.81 W, 1410 MHz, 1512 MHz, 0 %, 79191 MiB
2026/09/14 10:30:36.396, 0, 64, 88.08 W, 1410 MHz, 1512 MHz, 0 %, 69479 MiB
2026/09/14 10:30:36.396, 1, 52, 74.98 W, 1410 MHz, 1512 MHz, 0 %, 79191 MiB
2026/09/14 10:30:41.396, 0, 64, 88.14 W, 1410 MHz, 1512 MHz, 0 %, 69497 MiB
2026/09/14 10:30:41.397, 1, 52, 75.29 W, 1410 MHz, 1512 MHz, 0 %, 79191 MiB
2026/09/14 10:30:46.397, 0, 66, 210.92 W, 1410 MHz, 1512 MHz, 20 %, 69499 MiB
2026/09/14 10:30:46.397, 1, 52, 74.97 W, 1410 MHz, 1512 MHz, 0 %, 79191 MiB
2026/09/14 10:30:51.398, 0, 66, 210.04 W, 1410 MHz, 1512 MHz, 0 %, 69499 MiB
2026/09/14 10:30:51.398, 1, 53, 75.96 W, 1410 MHz, 1512 MHz, 0 %, 79191 MiB
2026/09/14 10:30:56.398, 0, 65, 88.24 W, 1410 MHz, 1512 MHz, 28 %, 69499 MiB
2026/09/14 10:30:56.398, 1, 53, 75.56 W, 1410 MHz, 1512 MHz, 0 %, 79191 MiB
2026/09/14 10:31:01.399, 0, 65, 95.65 W, 1410 MHz, 1512 MHz, 0 %, 69499 MiB
2026/09/14 10:31:01.399, 1, 53, 75.26 W, 1410 MHz, 1512 MHz, 0 %, 79191 MiB
2026/09/14 10:31:06.400, 0, 66, 123.05 W, 1410 MHz, 1512 MHz, 0 %, 69499 MiB
2026/09/14 10:31:06.400, 1, 53, 75.76 W, 1410 MHz, 1512 MHz, 0 %, 79191 MiB
2026/09/14 10:31:11.400, 0, 65, 88.41 W, 1410 MHz, 1512 MHz, 0 %, 69501 MiB
2026/09/14 10:31:11.400, 1, 53, 75.36 W, 1410 MHz, 1512 MHz, 0 %, 79191 MiB
2026/09/14 10:31:16.401, 0, 65, 88.48 W, 1410 MHz, 1512 MHz, 0 %, 69501 MiB
2026/09/14 10:31:16.401, 1, 53, 75.07 W, 1410 MHz, 1512 MHz, 0 %, 79191 MiB
2026/09/14 10:31:21.402, 0, 66, 146.85 W, 1410 MHz, 1512 MHz, 0 %, 69501 MiB
2026/09/14 10:31:21.402, 1, 53, 74.87 W, 1410 MHz, 1512 MHz, 0 %, 79191 MiB
2026/09/14 10:31:26.402, 0, 65, 88.86 W, 1410 MHz, 1512 MHz, 1 %, 69501 MiB
2026/09/14 10:31:26.402, 1, 53, 75.00 W, 1410 MHz, 1512 MHz, 0 %, 79191 MiB
2026/09/14 10:31:31.403, 0, 67, 200.18 W, 1410 MHz, 1512 MHz, 0 %, 69501 MiB
2026/09/14 10:31:31.403, 1, 53, 75.36 W, 1410 MHz, 1512 MHz, 0 %, 79191 MiB
2026/09/14 10:31:36.403, 0, 65, 89.08 W, 1410 MHz, 1512 MHz, 0 %, 69501 MiB
2026/09/14 10:31:36.404, 1, 53, 75.37 W, 1410 MHz, 1512 MHz, 0 %, 79191 MiB
2026/09/14 10:31:41.404, 0, 65, 89.07 W, 1410 MHz, 1512 MHz, 0 %, 69501 MiB
2026/09/14 10:31:41.404, 1, 53, 75.37 W, 1410 MHz, 1512 MHz, 0 %, 79191 MiB
2026/09/14 10:31:46.405, 0, 66, 89.06 W, 1410 MHz, 1512 MHz, 36 %, 69503 MiB
2026/09/14 10:31:46.405, 1, 53, 75.37 W, 1410 MHz, 1512 MHz, 0 %, 79191 MiB
2026/09/14 10:31:51.405, 0, 66, 89.06 W, 1410 MHz, 1512 MHz, 0 %, 69503 MiB
2026/09/14 10:31:51.405, 1, 53, 75.77 W, 1410 MHz, 1512 MHz, 0 %, 79191 MiB
2026/09/14 10:31:56.406, 0, 66, 88.67 W, 1410 MHz, 1512 MHz, 7 %, 69503 MiB
2026/09/14 10:31:56.406, 1, 53, 75.59 W, 1410 MHz, 1512 MHz, 0 %, 79191 MiB
2026/09/14 10:32:01.407, 0, 66, 117.96 W, 1410 MHz, 1512 MHz, 0 %, 69503 MiB
2026/09/14 10:32:01.407, 1, 53, 75.76 W, 1410 MHz, 1512 MHz, 0 %, 79191 MiB
2026/09/14 10:32:06.407, 0, 68, 218.17 W, 1410 MHz, 1512 MHz, 62 %, 69427 MiB
2026/09/14 10:32:06.407, 1, 53, 76.55 W, 1410 MHz, 1512 MHz, 0 %, 79191 MiB
2026/09/14 10:32:11.408, 0, 66, 89.95 W, 1410 MHz, 1512 MHz, 0 %, 70397 MiB
2026/09/14 10:32:11.408, 1, 53, 76.06 W, 1410 MHz, 1512 MHz, 0 %, 79191 MiB
2026/09/14 10:32:16.408, 0, 67, 90.05 W, 1410 MHz, 1512 MHz, 20 %, 70399 MiB
2026/09/14 10:32:16.409, 1, 53, 75.36 W, 1410 MHz, 1512 MHz, 0 %, 79191 MiB
2026/09/14 10:32:21.409, 0, 66, 89.47 W, 1410 MHz, 1512 MHz, 0 %, 76899 MiB
2026/09/14 10:32:21.409, 1, 53, 75.37 W, 1410 MHz, 1512 MHz, 0 %, 79191 MiB
2026/09/14 10:32:26.410, 0, 66, 89.36 W, 1410 MHz, 1512 MHz, 0 %, 76995 MiB
2026/09/14 10:32:26.410, 1, 53, 75.76 W, 1410 MHz, 1512 MHz, 0 %, 79191 MiB
2026/09/14 10:32:31.410, 0, 66, 89.48 W, 1410 MHz, 1512 MHz, 0 %, 76995 MiB
2026/09/14 10:32:31.410, 1, 53, 75.57 W, 1410 MHz, 1512 MHz, 0 %, 79191 MiB
2026/09/14 10:32:36.411, 0, 66, 89.26 W, 1410 MHz, 1512 MHz, 0 %, 76995 MiB
2026/09/14 10:32:36.411, 1, 53, 75.36 W, 1410 MHz, 1512 MHz, 0 %, 79191 MiB
2026/09/14 10:32:41.412, 0, 66, 89.26 W, 1410 MHz, 1512 MHz, 0 %, 77035 MiB
2026/09/14 10:32:41.412, 1, 54, 75.66 W, 1410 MHz, 1512 MHz, 0 %, 79191 MiB
2026/09/14 10:32:46.412, 0, 66, 90.15 W, 1410 MHz, 1512 MHz, 0 %, 77041 MiB
2026/09/14 10:32:46.412, 1, 54, 75.88 W, 1410 MHz, 1512 MHz, 0 %, 79191 MiB
2026/09/14 10:32:51.413, 0, 66, 89.36 W, 1410 MHz, 1512 MHz, 0 %, 77041 MiB
2026/09/14 10:32:51.413, 1, 54, 75.77 W, 1410 MHz, 1512 MHz, 0 %, 79191 MiB
2026/09/14 10:32:56.414, 0, 66, 88.57 W, 1410 MHz, 1512 MHz, 19 %, 77043 MiB
2026/09/14 10:32:56.414, 1, 54, 75.97 W, 1410 MHz, 1512 MHz, 0 %, 79191 MiB
2026/09/14 10:33:01.414, 0, 70, 304.61 W, 1380 MHz, 1512 MHz, 99 %, 77043 MiB
2026/09/14 10:33:01.415, 1, 54, 76.33 W, 1410 MHz, 1512 MHz, 0 %, 79191 MiB
2026/09/14 10:33:06.415, 0, 72, 302.52 W, 1380 MHz, 1512 MHz, 76 %, 77045 MiB
2026/09/14 10:33:06.416, 1, 54, 76.55 W, 1410 MHz, 1512 MHz, 0 %, 79191 MiB
2026/09/14 10:33:11.416, 0, 73, 301.85 W, 1380 MHz, 1512 MHz, 44 %, 77467 MiB
2026/09/14 10:33:11.417, 1, 54, 76.04 W, 1410 MHz, 1512 MHz, 0 %, 79191 MiB
2026/09/14 10:33:16.417, 0, 75, 293.69 W, 1395 MHz, 1512 MHz, 99 %, 77467 MiB
2026/09/14 10:33:16.417, 1, 53, 75.96 W, 1410 MHz, 1512 MHz, 0 %, 79191 MiB
2026/09/14 10:33:21.418, 0, 77, 303.60 W, 1365 MHz, 1512 MHz, 99 %, 77467 MiB
2026/09/14 10:33:21.418, 1, 53, 75.95 W, 1410 MHz, 1512 MHz, 0 %, 79191 MiB
2026/09/14 10:33:26.419, 0, 74, 99.77 W, 1410 MHz, 1512 MHz, 0 %, 77479 MiB
2026/09/14 10:33:26.419, 1, 53, 75.46 W, 1410 MHz, 1512 MHz, 0 %, 79191 MiB
2026/09/14 10:33:31.419, 0, 73, 99.28 W, 1410 MHz, 1512 MHz, 0 %, 77479 MiB
2026/09/14 10:33:31.420, 1, 53, 75.26 W, 1410 MHz, 1512 MHz, 0 %, 79191 MiB
2026/09/14 10:33:36.420, 0, 72, 98.00 W, 1410 MHz, 1512 MHz, 0 %, 77479 MiB
2026/09/14 10:33:36.420, 1, 53, 75.07 W, 1410 MHz, 1512 MHz, 0 %, 79191 MiB
2026/09/14 10:33:41.421, 0, 72, 97.45 W, 1410 MHz, 1512 MHz, 0 %, 77479 MiB
2026/09/14 10:33:41.421, 1, 53, 75.55 W, 1410 MHz, 1512 MHz, 0 %, 79191 MiB
2026/09/14 10:33:46.421, 0, 72, 100.26 W, 1410 MHz, 1512 MHz, 62 %, 425 MiB
2026/09/14 10:33:46.422, 1, 53, 75.36 W, 1410 MHz, 1512 MHz, 0 %, 79191 MiB
2026/09/14 10:33:51.422, 0, 70, 61.85 W, 210 MHz, 1512 MHz, 0 %, 0 MiB
2026/09/14 10:33:51.422, 1, 53, 75.37 W, 1410 MHz, 1512 MHz, 0 %, 79191 MiB
2026/09/14 10:33:56.423, 0, 70, 61.27 W, 210 MHz, 1512 MHz, 0 %, 0 MiB
2026/09/14 10:33:56.423, 1, 53, 76.28 W, 1410 MHz, 1512 MHz, 0 %, 79191 MiB
2026/09/14 10:34:01.423, 0, 69, 60.69 W, 210 MHz, 1512 MHz, 0 %, 4 MiB
2026/09/14 10:34:01.424, 1, 53, 75.79 W, 1410 MHz, 1512 MHz, 0 %, 79191 MiB
2026/09/14 10:34:06.424, 0, 69, 60.21 W, 210 MHz, 1512 MHz, 0 %, 4 MiB
2026/09/14 10:34:06.424, 1, 53, 75.76 W, 1410 MHz, 1512 MHz, 0 %, 79191 MiB
2026/09/14 10:34:11.425, 0, 69, 93.55 W, 1410 MHz, 1512 MHz, 17 %, 67357 MiB
2026/09/14 10:34:11.425, 1, 54, 75.76 W, 1410 MHz, 1512 MHz, 0 %, 79191 MiB
2026/09/14 10:34:16.425, 0, 69, 93.15 W, 1410 MHz, 1512 MHz, 17 %, 67357 MiB
2026/09/14 10:34:16.425, 1, 54, 76.25 W, 1410 MHz, 1512 MHz, 0 %, 79191 MiB
2026/09/14 10:34:21.426, 0, 69, 93.06 W, 1410 MHz, 1512 MHz, 15 %, 67357 MiB
2026/09/14 10:34:21.426, 1, 54, 76.25 W, 1410 MHz, 1512 MHz, 0 %, 79191 MiB
2026/09/14 10:34:26.427, 0, 69, 92.86 W, 1410 MHz, 1512 MHz, 13 %, 67357 MiB
2026/09/14 10:34:26.427, 1, 54, 76.06 W, 1410 MHz, 1512 MHz, 0 %, 79191 MiB
2026/09/14 10:34:31.427, 0, 68, 91.69 W, 1410 MHz, 1512 MHz, 0 %, 68433 MiB
2026/09/14 10:34:31.427, 1, 54, 76.55 W, 1410 MHz, 1512 MHz, 0 %, 79191 MiB
2026/09/14 10:34:36.428, 0, 68, 91.61 W, 1410 MHz, 1512 MHz, 0 %, 68433 MiB
2026/09/14 10:34:36.428, 1, 54, 75.76 W, 1410 MHz, 1512 MHz, 0 %, 79193 MiB
2026/09/14 10:34:41.428, 0, 68, 91.72 W, 1410 MHz, 1512 MHz, 28 %, 69477 MiB
2026/09/14 10:34:41.429, 1, 54, 75.68 W, 1410 MHz, 1512 MHz, 0 %, 79193 MiB
2026/09/14 10:34:46.429, 0, 68, 92.01 W, 1410 MHz, 1512 MHz, 66 %, 69477 MiB
2026/09/14 10:34:46.429, 1, 54, 75.66 W, 1410 MHz, 1512 MHz, 0 %, 79193 MiB
2026/09/14 10:34:51.430, 0, 68, 91.42 W, 1410 MHz, 1512 MHz, 0 %, 69477 MiB
2026/09/14 10:34:51.430, 1, 54, 76.16 W, 1410 MHz, 1512 MHz, 0 %, 79193 MiB
2026/09/14 10:34:56.430, 0, 68, 91.22 W, 1410 MHz, 1512 MHz, 0 %, 69479 MiB
2026/09/14 10:34:56.430, 1, 54, 75.97 W, 1410 MHz, 1512 MHz, 0 %, 79193 MiB
2026/09/14 10:35:01.431, 0, 68, 91.22 W, 1410 MHz, 1512 MHz, 17 %, 69479 MiB
2026/09/14 10:35:01.431, 1, 54, 75.66 W, 1410 MHz, 1512 MHz, 0 %, 79193 MiB
2026/09/14 10:35:06.431, 0, 68, 91.51 W, 1410 MHz, 1512 MHz, 0 %, 69497 MiB
2026/09/14 10:35:06.431, 1, 54, 75.96 W, 1410 MHz, 1512 MHz, 0 %, 79193 MiB
2026/09/14 10:35:11.432, 0, 68, 91.03 W, 1410 MHz, 1512 MHz, 19 %, 69499 MiB
2026/09/14 10:35:11.432, 1, 54, 76.06 W, 1410 MHz, 1512 MHz, 0 %, 79193 MiB
2026/09/14 10:35:16.432, 0, 68, 90.83 W, 1410 MHz, 1512 MHz, 0 %, 69499 MiB
2026/09/14 10:35:16.433, 1, 54, 75.96 W, 1410 MHz, 1512 MHz, 0 %, 79193 MiB
2026/09/14 10:35:21.433, 0, 68, 92.12 W, 1410 MHz, 1512 MHz, 0 %, 69499 MiB
2026/09/14 10:35:21.433, 1, 54, 76.36 W, 1410 MHz, 1512 MHz, 0 %, 79193 MiB
2026/09/14 10:35:26.434, 0, 68, 90.93 W, 1410 MHz, 1512 MHz, 0 %, 69499 MiB
2026/09/14 10:35:26.434, 1, 54, 76.45 W, 1410 MHz, 1512 MHz, 0 %, 79193 MiB
2026/09/14 10:35:31.434, 0, 68, 91.03 W, 1410 MHz, 1512 MHz, 0 %, 69499 MiB
2026/09/14 10:35:31.434, 1, 54, 76.25 W, 1410 MHz, 1512 MHz, 0 %, 79193 MiB
2026/09/14 10:35:36.435, 0, 68, 91.22 W, 1410 MHz, 1512 MHz, 8 %, 69499 MiB
2026/09/14 10:35:36.435, 1, 54, 76.06 W, 1410 MHz, 1512 MHz, 0 %, 79193 MiB
2026/09/14 10:35:41.435, 0, 69, 91.61 W, 1410 MHz, 1512 MHz, 0 %, 69501 MiB
2026/09/14 10:35:41.436, 1, 54, 75.76 W, 1410 MHz, 1512 MHz, 0 %, 79193 MiB
2026/09/14 10:35:46.436, 0, 68, 91.22 W, 1410 MHz, 1512 MHz, 0 %, 69501 MiB
2026/09/14 10:35:46.436, 1, 54, 76.06 W, 1410 MHz, 1512 MHz, 0 %, 79193 MiB
2026/09/14 10:35:51.437, 0, 68, 91.03 W, 1410 MHz, 1512 MHz, 0 %, 69501 MiB
2026/09/14 10:35:51.437, 1, 54, 75.76 W, 1410 MHz, 1512 MHz, 0 %, 79193 MiB
2026/09/14 10:35:56.437, 0, 68, 91.69 W, 1410 MHz, 1512 MHz, 6 %, 69501 MiB
2026/09/14 10:35:56.437, 1, 54, 75.76 W, 1410 MHz, 1512 MHz, 0 %, 79193 MiB
2026/09/14 10:36:01.438, 0, 68, 91.42 W, 1410 MHz, 1512 MHz, 0 %, 69501 MiB
2026/09/14 10:36:01.438, 1, 54, 76.55 W, 1410 MHz, 1512 MHz, 0 %, 79193 MiB
2026/09/14 10:36:06.438, 0, 68, 91.03 W, 1410 MHz, 1512 MHz, 0 %, 69501 MiB
2026/09/14 10:36:06.438, 1, 54, 75.96 W, 1410 MHz, 1512 MHz, 0 %, 79193 MiB
2026/09/14 10:36:11.439, 0, 68, 91.32 W, 1410 MHz, 1512 MHz, 42 %, 69503 MiB
2026/09/14 10:36:11.439, 1, 54, 75.96 W, 1410 MHz, 1512 MHz, 0 %, 79193 MiB
2026/09/14 10:36:16.439, 0, 69, 98.60 W, 1410 MHz, 1512 MHz, 0 %, 69503 MiB
2026/09/14 10:36:16.440, 1, 54, 75.96 W, 1410 MHz, 1512 MHz, 0 %, 79193 MiB
2026/09/14 10:36:21.440, 0, 67, 90.82 W, 1410 MHz, 1512 MHz, 0 %, 69503 MiB
2026/09/14 10:36:21.440, 1, 54, 76.45 W, 1410 MHz, 1512 MHz, 0 %, 79193 MiB
2026/09/14 10:36:26.441, 0, 67, 90.53 W, 1410 MHz, 1512 MHz, 0 %, 69503 MiB
2026/09/14 10:36:26.441, 1, 54, 76.25 W, 1410 MHz, 1512 MHz, 0 %, 79193 MiB
2026/09/14 10:36:31.441, 0, 67, 90.63 W, 1410 MHz, 1512 MHz, 8 %, 69497 MiB
2026/09/14 10:36:31.442, 1, 54, 76.06 W, 1410 MHz, 1512 MHz, 0 %, 79193 MiB
2026/09/14 10:36:36.442, 0, 68, 91.81 W, 1410 MHz, 1512 MHz, 0 %, 69427 MiB
2026/09/14 10:36:36.442, 1, 54, 76.93 W, 1410 MHz, 1512 MHz, 0 %, 79193 MiB
2026/09/14 10:36:41.443, 0, 68, 91.42 W, 1410 MHz, 1512 MHz, 0 %, 70397 MiB
2026/09/14 10:36:41.443, 1, 54, 76.35 W, 1410 MHz, 1512 MHz, 0 %, 79193 MiB
2026/09/14 10:36:46.443, 0, 68, 91.32 W, 1410 MHz, 1512 MHz, 0 %, 76899 MiB
2026/09/14 10:36:46.443, 1, 54, 75.86 W, 1410 MHz, 1512 MHz, 0 %, 79193 MiB
2026/09/14 10:36:51.444, 0, 68, 112.55 W, 1410 MHz, 1512 MHz, 0 %, 76959 MiB
2026/09/14 10:36:51.444, 1, 54, 75.76 W, 1410 MHz, 1512 MHz, 0 %, 79193 MiB
2026/09/14 10:36:56.444, 0, 67, 90.93 W, 1410 MHz, 1512 MHz, 0 %, 77031 MiB
2026/09/14 10:36:56.445, 1, 54, 76.25 W, 1410 MHz, 1512 MHz, 0 %, 79193 MiB
2026/09/14 10:37:01.445, 0, 68, 91.22 W, 1410 MHz, 1512 MHz, 6 %, 77043 MiB
2026/09/14 10:37:01.445, 1, 54, 75.96 W, 1410 MHz, 1512 MHz, 0 %, 79193 MiB
2026/09/14 10:37:06.446, 0, 68, 91.42 W, 1410 MHz, 1512 MHz, 0 %, 77045 MiB
2026/09/14 10:37:06.446, 1, 54, 75.96 W, 1410 MHz, 1512 MHz, 0 %, 79193 MiB
2026/09/14 10:37:11.446, 0, 73, 305.14 W, 1365 MHz, 1512 MHz, 100 %, 77045 MiB
2026/09/14 10:37:11.446, 1, 54, 76.35 W, 1410 MHz, 1512 MHz, 0 %, 79193 MiB
2026/09/14 10:37:16.447, 0, 75, 305.50 W, 1395 MHz, 1512 MHz, 99 %, 77045 MiB
2026/09/14 10:37:16.447, 1, 54, 76.04 W, 1410 MHz, 1512 MHz, 0 %, 79193 MiB
2026/09/14 10:37:21.447, 0, 75, 157.45 W, 1410 MHz, 1512 MHz, 99 %, 77467 MiB
2026/09/14 10:37:21.447, 1, 54, 76.15 W, 1410 MHz, 1512 MHz, 0 %, 79193 MiB
2026/09/14 10:37:26.448, 0, 77, 305.40 W, 1365 MHz, 1512 MHz, 57 %, 77467 MiB
2026/09/14 10:37:26.448, 1, 53, 75.56 W, 1410 MHz, 1512 MHz, 0 %, 79193 MiB
2026/09/14 10:37:31.448, 0, 78, 304.91 W, 1365 MHz, 1512 MHz, 100 %, 77479 MiB
2026/09/14 10:37:31.449, 1, 53, 75.76 W, 1410 MHz, 1512 MHz, 0 %, 79193 MiB
2026/09/14 10:37:36.449, 0, 72, 97.52 W, 1410 MHz, 1512 MHz, 0 %, 77479 MiB
2026/09/14 10:37:36.449, 1, 52, 74.87 W, 1410 MHz, 1512 MHz, 0 %, 79193 MiB
2026/09/14 10:37:41.450, 0, 70, 95.10 W, 1410 MHz, 1512 MHz, 0 %, 77479 MiB
2026/09/14 10:37:41.450, 1, 51, 74.47 W, 1410 MHz, 1512 MHz, 0 %, 79193 MiB
2026/09/14 10:37:46.450, 0, 69, 92.19 W, 1410 MHz, 1512 MHz, 0 %, 77479 MiB
2026/09/14 10:37:46.451, 1, 51, 74.09 W, 1410 MHz, 1512 MHz, 0 %, 79193 MiB
2026/09/14 10:37:51.451, 0, 67, 95.58 W, 1410 MHz, 1512 MHz, 0 %, 425 MiB
2026/09/14 10:37:51.451, 1, 50, 73.89 W, 1410 MHz, 1512 MHz, 0 %, 79193 MiB
2026/09/14 10:37:56.452, 0, 65, 57.55 W, 210 MHz, 1512 MHz, 0 %, 0 MiB
2026/09/14 10:37:56.452, 1, 50, 73.02 W, 1410 MHz, 1512 MHz, 0 %, 79193 MiB
2026/09/14 10:38:01.452, 0, 63, 57.15 W, 210 MHz, 1512 MHz, 0 %, 0 MiB
2026/09/14 10:38:01.452, 1, 50, 72.82 W, 1410 MHz, 1512 MHz, 0 %, 79193 MiB
2026/09/14 10:38:06.453, 0, 62, 56.38 W, 210 MHz, 1512 MHz, 0 %, 4 MiB
2026/09/14 10:38:06.453, 1, 49, 73.51 W, 1410 MHz, 1512 MHz, 0 %, 79193 MiB
2026/09/14 10:38:11.453, 0, 61, 55.79 W, 210 MHz, 1512 MHz, 0 %, 4 MiB
2026/09/14 10:38:11.454, 1, 49, 72.65 W, 1410 MHz, 1512 MHz, 0 %, 79193 MiB
2026/09/14 10:38:16.454, 0, 61, 84.98 W, 1410 MHz, 1512 MHz, 1 %, 53621 MiB
2026/09/14 10:38:16.454, 1, 49, 72.65 W, 1410 MHz, 1512 MHz, 0 %, 79193 MiB
2026/09/14 10:38:21.455, 0, 61, 85.19 W, 1410 MHz, 1512 MHz, 17 %, 67357 MiB
2026/09/14 10:38:21.455, 1, 49, 72.72 W, 1410 MHz, 1512 MHz, 0 %, 79195 MiB
2026/09/14 10:38:26.456, 0, 61, 85.08 W, 1410 MHz, 1512 MHz, 18 %, 67357 MiB
2026/09/14 10:38:26.456, 1, 54, 237.56 W, 1410 MHz, 1512 MHz, 100 %, 79195 MiB
2026/09/14 10:38:31.456, 0, 61, 85.00 W, 1410 MHz, 1512 MHz, 23 %, 67357 MiB
2026/09/14 10:38:31.457, 1, 56, 203.07 W, 1410 MHz, 1512 MHz, 100 %, 79195 MiB
2026/09/14 10:38:36.457, 0, 61, 83.31 W, 1410 MHz, 1512 MHz, 0 %, 68433 MiB
2026/09/14 10:38:36.458, 1, 58, 206.44 W, 1410 MHz, 1512 MHz, 100 %, 79195 MiB
2026/09/14 10:38:41.458, 0, 61, 83.87 W, 1410 MHz, 1512 MHz, 17 %, 69477 MiB
2026/09/14 10:38:41.459, 1, 59, 267.32 W, 1410 MHz, 1512 MHz, 100 %, 79197 MiB
2026/09/14 10:38:46.459, 0, 61, 84.17 W, 1410 MHz, 1512 MHz, 35 %, 69477 MiB
2026/09/14 10:38:46.460, 1, 60, 122.06 W, 1395 MHz, 1512 MHz, 100 %, 79214 MiB
2026/09/14 10:38:51.461, 0, 61, 84.27 W, 1410 MHz, 1512 MHz, 0 %, 69477 MiB
2026/09/14 10:38:51.462, 1, 63, 286.81 W, 1410 MHz, 1512 MHz, 100 %, 79619 MiB
2026/09/14 10:38:56.462, 0, 61, 84.20 W, 1410 MHz, 1512 MHz, 0 %, 69477 MiB
2026/09/14 10:38:56.463, 1, 64, 270.36 W, 1395 MHz, 1512 MHz, 100 %, 79619 MiB
2026/09/14 10:39:01.463, 0, 61, 84.84 W, 1410 MHz, 1512 MHz, 0 %, 69479 MiB
2026/09/14 10:39:01.463, 1, 67, 319.72 W, 1365 MHz, 1512 MHz, 100 %, 79619 MiB
2026/09/14 10:39:06.464, 0, 61, 84.10 W, 1410 MHz, 1512 MHz, 0 %, 69479 MiB
2026/09/14 10:39:06.464, 1, 67, 298.44 W, 1395 MHz, 1512 MHz, 100 %, 79619 MiB
2026/09/14 10:39:11.464, 0, 61, 84.56 W, 1410 MHz, 1512 MHz, 18 %, 69499 MiB
2026/09/14 10:39:11.465, 1, 69, 246.13 W, 1410 MHz, 1512 MHz, 100 %, 79619 MiB
2026/09/14 10:39:16.465, 0, 62, 85.56 W, 1410 MHz, 1512 MHz, 0 %, 69499 MiB
2026/09/14 10:39:16.466, 1, 70, 236.81 W, 1395 MHz, 1512 MHz, 100 %, 79619 MiB
2026/09/14 10:39:21.466, 0, 62, 204.27 W, 1410 MHz, 1512 MHz, 0 %, 69499 MiB
2026/09/14 10:39:21.466, 1, 71, 216.99 W, 1395 MHz, 1512 MHz, 100 %, 79631 MiB
2026/09/14 10:39:26.467, 0, 61, 84.29 W, 1410 MHz, 1512 MHz, 0 %, 69499 MiB
2026/09/14 10:39:26.467, 1, 67, 91.68 W, 1410 MHz, 1512 MHz, 0 %, 79631 MiB
2026/09/14 10:39:31.468, 0, 61, 84.10 W, 1410 MHz, 1512 MHz, 0 %, 69499 MiB
2026/09/14 10:39:31.468, 1, 66, 89.95 W, 1410 MHz, 1512 MHz, 0 %, 79631 MiB
2026/09/14 10:39:36.468, 0, 61, 84.10 W, 1410 MHz, 1512 MHz, 0 %, 69499 MiB
2026/09/14 10:39:36.469, 1, 65, 88.17 W, 1410 MHz, 1512 MHz, 0 %, 79631 MiB
2026/09/14 10:39:41.469, 0, 61, 83.99 W, 1410 MHz, 1512 MHz, 0 %, 69501 MiB
2026/09/14 10:39:41.470, 1, 65, 89.65 W, 1410 MHz, 1512 MHz, 0 %, 79631 MiB
2026/09/14 10:39:46.470, 0, 61, 83.81 W, 1410 MHz, 1512 MHz, 0 %, 69501 MiB
2026/09/14 10:39:46.470, 1, 64, 87.59 W, 1410 MHz, 1512 MHz, 0 %, 79631 MiB
2026/09/14 10:39:51.471, 0, 61, 83.89 W, 1410 MHz, 1512 MHz, 0 %, 69501 MiB
2026/09/14 10:39:51.471, 1, 64, 86.90 W, 1410 MHz, 1512 MHz, 0 %, 72153 MiB
2026/09/14 10:39:56.472, 0, 61, 84.10 W, 1410 MHz, 1512 MHz, 0 %, 69501 MiB
2026/09/14 10:39:56.472, 1, 63, 87.48 W, 1410 MHz, 1512 MHz, 0 %, 0 MiB
2026/09/14 10:40:01.473, 0, 62, 84.50 W, 1410 MHz, 1512 MHz, 0 %, 69501 MiB
2026/09/14 10:40:01.473, 1, 62, 56.09 W, 210 MHz, 1512 MHz, 0 %, 0 MiB
2026/09/14 10:40:06.474, 0, 62, 84.39 W, 1410 MHz, 1512 MHz, 0 %, 69501 MiB
2026/09/14 10:40:06.474, 1, 61, 54.92 W, 210 MHz, 1512 MHz, 0 %, 4 MiB
2026/09/14 10:40:11.474, 0, 61, 84.50 W, 1410 MHz, 1512 MHz, 0 %, 69501 MiB
2026/09/14 10:40:11.475, 1, 60, 55.01 W, 210 MHz, 1512 MHz, 0 %, 4 MiB
2026/09/14 10:40:16.475, 0, 62, 85.38 W, 1410 MHz, 1512 MHz, 0 %, 69503 MiB
2026/09/14 10:40:16.475, 1, 60, 54.72 W, 210 MHz, 1512 MHz, 0 %, 4 MiB
2026/09/14 10:40:21.476, 0, 62, 108.96 W, 1410 MHz, 1512 MHz, 48 %, 69503 MiB
2026/09/14 10:40:21.476, 1, 60, 83.78 W, 1410 MHz, 1512 MHz, 18 %, 67357 MiB
2026/09/14 10:40:26.476, 0, 62, 84.79 W, 1410 MHz, 1512 MHz, 0 %, 69503 MiB
2026/09/14 10:40:26.476, 1, 60, 83.71 W, 1410 MHz, 1512 MHz, 18 %, 67357 MiB
2026/09/14 10:40:31.477, 0, 62, 85.08 W, 1410 MHz, 1512 MHz, 0 %, 69497 MiB
2026/09/14 10:40:31.477, 1, 60, 83.51 W, 1410 MHz, 1512 MHz, 20 %, 67357 MiB
2026/09/14 10:40:36.477, 0, 63, 109.01 W, 1410 MHz, 1512 MHz, 0 %, 70397 MiB
2026/09/14 10:40:36.478, 1, 60, 84.30 W, 1410 MHz, 1512 MHz, 24 %, 67357 MiB
2026/09/14 10:40:41.478, 0, 62, 85.87 W, 1410 MHz, 1512 MHz, 0 %, 70397 MiB
2026/09/14 10:40:41.478, 1, 59, 83.32 W, 1410 MHz, 1512 MHz, 0 %, 68433 MiB
2026/09/14 10:40:46.479, 0, 62, 85.19 W, 1410 MHz, 1512 MHz, 0 %, 76899 MiB
2026/09/14 10:40:46.479, 1, 59, 88.08 W, 1410 MHz, 1512 MHz, 18 %, 69477 MiB
2026/09/14 10:40:51.479, 0, 62, 85.48 W, 1410 MHz, 1512 MHz, 3 %, 76995 MiB
2026/09/14 10:40:51.479, 1, 59, 82.74 W, 1410 MHz, 1512 MHz, 19 %, 69477 MiB
2026/09/14 10:40:56.480, 0, 62, 99.91 W, 1410 MHz, 1512 MHz, 6 %, 77059 MiB
2026/09/14 10:40:56.480, 1, 59, 82.23 W, 1410 MHz, 1512 MHz, 0 %, 69477 MiB
2026/09/14 10:41:01.480, 0, 62, 98.79 W, 1410 MHz, 1512 MHz, 0 %, 77067 MiB
2026/09/14 10:41:01.481, 1, 59, 82.42 W, 1410 MHz, 1512 MHz, 0 %, 69477 MiB
2026/09/14 10:41:06.481, 0, 65, 307.42 W, 1380 MHz, 1512 MHz, 25 %, 77069 MiB
2026/09/14 10:41:06.481, 1, 58, 82.61 W, 1410 MHz, 1512 MHz, 0 %, 69479 MiB
2026/09/14 10:41:11.482, 0, 68, 307.78 W, 1365 MHz, 1512 MHz, 100 %, 77069 MiB
2026/09/14 10:41:11.482, 1, 58, 83.30 W, 1410 MHz, 1512 MHz, 0 %, 69479 MiB
2026/09/14 10:41:16.482, 0, 70, 303.12 W, 1350 MHz, 1512 MHz, 100 %, 77069 MiB
2026/09/14 10:41:16.482, 1, 60, 198.38 W, 1410 MHz, 1512 MHz, 31 %, 69499 MiB
2026/09/14 10:41:21.483, 0, 71, 304.05 W, 1365 MHz, 1512 MHz, 100 %, 77491 MiB
2026/09/14 10:41:21.483, 1, 58, 80.84 W, 1410 MHz, 1512 MHz, 0 %, 69499 MiB
2026/09/14 10:41:26.483, 0, 72, 299.95 W, 1350 MHz, 1512 MHz, 100 %, 77491 MiB
2026/09/14 10:41:26.484, 1, 58, 198.42 W, 1410 MHz, 1512 MHz, 23 %, 69499 MiB
2026/09/14 10:41:31.484, 0, 73, 304.07 W, 1350 MHz, 1512 MHz, 100 %, 77491 MiB
2026/09/14 10:41:31.484, 1, 57, 79.65 W, 1410 MHz, 1512 MHz, 0 %, 69499 MiB
2026/09/14 10:41:36.485, 0, 73, 282.20 W, 1395 MHz, 1512 MHz, 100 %, 77491 MiB
2026/09/14 10:41:36.485, 1, 56, 78.48 W, 1410 MHz, 1512 MHz, 0 %, 69499 MiB
2026/09/14 10:41:41.485, 0, 69, 92.96 W, 1410 MHz, 1512 MHz, 0 %, 77503 MiB
2026/09/14 10:41:41.485, 1, 56, 80.63 W, 1410 MHz, 1512 MHz, 52 %, 69499 MiB
2026/09/14 10:41:46.486, 0, 67, 90.83 W, 1410 MHz, 1512 MHz, 0 %, 77503 MiB
2026/09/14 10:41:46.486, 1, 55, 77.60 W, 1410 MHz, 1512 MHz, 0 %, 69501 MiB
2026/09/14 10:41:51.486, 0, 65, 89.06 W, 1410 MHz, 1512 MHz, 0 %, 77503 MiB
2026/09/14 10:41:51.486, 1, 54, 77.03 W, 1410 MHz, 1512 MHz, 53 %, 69501 MiB
2026/09/14 10:41:56.487, 0, 64, 87.05 W, 1410 MHz, 1512 MHz, 0 %, 77503 MiB
2026/09/14 10:41:56.487, 1, 53, 76.74 W, 1410 MHz, 1512 MHz, 0 %, 69501 MiB
2026/09/14 10:42:01.488, 0, 63, 88.77 W, 1410 MHz, 1512 MHz, 89 %, 425 MiB
2026/09/14 10:42:01.488, 1, 53, 76.74 W, 1410 MHz, 1512 MHz, 0 %, 69501 MiB
2026/09/14 10:42:06.488, 0, 61, 55.31 W, 210 MHz, 1512 MHz, 0 %, 0 MiB
2026/09/14 10:42:06.488, 1, 53, 75.98 W, 1410 MHz, 1512 MHz, 0 %, 69501 MiB
2026/09/14 10:42:11.489, 0, 60, 54.81 W, 210 MHz, 1512 MHz, 0 %, 0 MiB
2026/09/14 10:42:11.489, 1, 52, 76.25 W, 1410 MHz, 1512 MHz, 0 %, 69501 MiB
2026/09/14 10:42:16.489, 0, 59, 53.94 W, 210 MHz, 1512 MHz, 0 %, 4 MiB
2026/09/14 10:42:16.490, 1, 52, 75.57 W, 1410 MHz, 1512 MHz, 0 %, 69501 MiB
2026/09/14 10:42:21.490, 0, 58, 53.44 W, 210 MHz, 1512 MHz, 0 %, 4 MiB
2026/09/14 10:42:21.490, 1, 52, 75.50 W, 1410 MHz, 1512 MHz, 15 %, 69503 MiB
2026/09/14 10:42:26.491, 0, 58, 81.08 W, 1410 MHz, 1512 MHz, 12 %, 67357 MiB
2026/09/14 10:42:26.491, 1, 52, 74.30 W, 1410 MHz, 1512 MHz, 0 %, 69503 MiB
2026/09/14 10:42:31.491, 0, 58, 81.38 W, 1410 MHz, 1512 MHz, 9 %, 67357 MiB
2026/09/14 10:42:31.491, 1, 53, 187.27 W, 1410 MHz, 1512 MHz, 0 %, 69503 MiB
2026/09/14 10:42:36.492, 0, 58, 80.31 W, 1410 MHz, 1512 MHz, 15 %, 67357 MiB
2026/09/14 10:42:36.492, 1, 52, 75.07 W, 1410 MHz, 1512 MHz, 0 %, 69497 MiB
2026/09/14 10:42:41.492, 0, 57, 80.99 W, 1410 MHz, 1512 MHz, 20 %, 67357 MiB
2026/09/14 10:42:41.492, 1, 53, 74.98 W, 1410 MHz, 1512 MHz, 1 %, 70397 MiB
2026/09/14 10:42:46.493, 0, 57, 80.03 W, 1410 MHz, 1512 MHz, 0 %, 68433 MiB
2026/09/14 10:42:46.493, 1, 52, 74.81 W, 1410 MHz, 1512 MHz, 0 %, 70397 MiB
2026/09/14 10:42:51.493, 0, 58, 80.31 W, 1410 MHz, 1512 MHz, 0 %, 68433 MiB
2026/09/14 10:42:51.494, 1, 53, 75.10 W, 1410 MHz, 1512 MHz, 0 %, 70397 MiB
2026/09/14 10:42:56.494, 0, 58, 95.36 W, 1410 MHz, 1512 MHz, 0 %, 69477 MiB
2026/09/14 10:42:56.494, 1, 53, 75.46 W, 1410 MHz, 1512 MHz, 2 %, 70397 MiB
2026/09/14 10:43:01.495, 0, 58, 80.10 W, 1410 MHz, 1512 MHz, 66 %, 69477 MiB
2026/09/14 10:43:01.495, 1, 53, 75.19 W, 1410 MHz, 1512 MHz, 0 %, 76917 MiB
2026/09/14 10:43:06.495, 0, 58, 80.99 W, 1410 MHz, 1512 MHz, 0 %, 69477 MiB
2026/09/14 10:43:06.495, 1, 53, 75.48 W, 1410 MHz, 1512 MHz, 0 %, 77097 MiB
2026/09/14 10:43:11.496, 0, 58, 80.50 W, 1410 MHz, 1512 MHz, 0 %, 69479 MiB
2026/09/14 10:43:11.496, 1, 53, 75.77 W, 1410 MHz, 1512 MHz, 10 %, 77139 MiB
2026/09/14 10:43:16.496, 0, 58, 80.69 W, 1410 MHz, 1512 MHz, 0 %, 69479 MiB
2026/09/14 10:43:16.496, 1, 58, 297.60 W, 1395 MHz, 1512 MHz, 94 %, 77143 MiB
2026/09/14 10:43:21.497, 0, 60, 199.67 W, 1410 MHz, 1512 MHz, 0 %, 69497 MiB
2026/09/14 10:43:21.497, 1, 61, 303.69 W, 1395 MHz, 1512 MHz, 100 %, 77145 MiB
2026/09/14 10:43:26.497, 0, 60, 197.92 W, 1410 MHz, 1512 MHz, 0 %, 69499 MiB
2026/09/14 10:43:26.497, 1, 64, 297.52 W, 1365 MHz, 1512 MHz, 100 %, 77145 MiB
2026/09/14 10:43:31.498, 0, 59, 81.47 W, 1410 MHz, 1512 MHz, 8 %, 69499 MiB
2026/09/14 10:43:31.498, 1, 65, 299.54 W, 1365 MHz, 1512 MHz, 100 %, 77145 MiB
2026/09/14 10:43:36.498, 0, 59, 81.25 W, 1410 MHz, 1512 MHz, 0 %, 69499 MiB
2026/09/14 10:43:36.498, 1, 68, 291.36 W, 1365 MHz, 1512 MHz, 100 %, 77145 MiB
2026/09/14 10:43:41.499, 0, 59, 81.36 W, 1410 MHz, 1512 MHz, 53 %, 69499 MiB
2026/09/14 10:43:41.499, 1, 69, 296.36 W, 1350 MHz, 1512 MHz, 100 %, 77567 MiB
2026/09/14 10:43:46.500, 0, 59, 82.24 W, 1410 MHz, 1512 MHz, 53 %, 69499 MiB
2026/09/14 10:43:46.500, 1, 70, 295.12 W, 1350 MHz, 1512 MHz, 100 %, 77567 MiB
2026/09/14 10:43:51.500, 0, 59, 130.58 W, 1410 MHz, 1512 MHz, 0 %, 69499 MiB
2026/09/14 10:43:51.500, 1, 72, 301.29 W, 1350 MHz, 1512 MHz, 100 %, 77567 MiB
2026/09/14 10:43:56.501, 0, 58, 80.59 W, 1410 MHz, 1512 MHz, 0 %, 69501 MiB
2026/09/14 10:43:56.501, 1, 73, 299.36 W, 1350 MHz, 1512 MHz, 100 %, 77567 MiB
2026/09/14 10:44:01.501, 0, 58, 80.68 W, 1410 MHz, 1512 MHz, 2 %, 69501 MiB
2026/09/14 10:44:01.502, 1, 74, 300.89 W, 1350 MHz, 1512 MHz, 93 %, 77567 MiB
2026/09/14 10:44:06.502, 0, 57, 80.35 W, 1410 MHz, 1512 MHz, 0 %, 69501 MiB
2026/09/14 10:44:06.502, 1, 74, 293.18 W, 1335 MHz, 1512 MHz, 100 %, 77567 MiB
2026/09/14 10:44:11.503, 0, 57, 79.43 W, 1410 MHz, 1512 MHz, 0 %, 69501 MiB
2026/09/14 10:44:11.503, 1, 75, 293.65 W, 1335 MHz, 1512 MHz, 100 %, 77567 MiB
2026/09/14 10:44:16.503, 0, 57, 78.90 W, 1410 MHz, 1512 MHz, 48 %, 69501 MiB
2026/09/14 10:44:16.504, 1, 76, 301.67 W, 1335 MHz, 1512 MHz, 100 %, 77567 MiB
2026/09/14 10:44:21.504, 0, 56, 79.38 W, 1410 MHz, 1512 MHz, 0 %, 69501 MiB
2026/09/14 10:44:21.504, 1, 76, 301.28 W, 1335 MHz, 1512 MHz, 100 %, 77579 MiB
2026/09/14 10:44:26.505, 0, 56, 79.02 W, 1410 MHz, 1512 MHz, 15 %, 69503 MiB
2026/09/14 10:44:26.505, 1, 77, 298.60 W, 1335 MHz, 1512 MHz, 100 %, 77579 MiB
2026/09/14 10:44:31.505, 0, 56, 78.33 W, 1410 MHz, 1512 MHz, 0 %, 69503 MiB
2026/09/14 10:44:31.505, 1, 71, 97.06 W, 1410 MHz, 1512 MHz, 0 %, 77579 MiB
2026/09/14 10:44:36.506, 0, 55, 77.88 W, 1410 MHz, 1512 MHz, 0 %, 69503 MiB
2026/09/14 10:44:36.506, 1, 69, 93.85 W, 1410 MHz, 1512 MHz, 0 %, 77579 MiB
2026/09/14 10:44:41.506, 0, 55, 78.64 W, 1410 MHz, 1512 MHz, 48 %, 69503 MiB
2026/09/14 10:44:41.507, 1, 68, 93.25 W, 1410 MHz, 1512 MHz, 0 %, 77579 MiB
2026/09/14 10:44:46.507, 0, 58, 199.65 W, 1410 MHz, 1512 MHz, 65 %, 69427 MiB
2026/09/14 10:44:46.507, 1, 67, 90.89 W, 1410 MHz, 1512 MHz, 0 %, 77579 MiB
2026/09/14 10:44:51.508, 0, 56, 78.35 W, 1410 MHz, 1512 MHz, 0 %, 70397 MiB
2026/09/14 10:44:51.508, 1, 66, 88.77 W, 1410 MHz, 1512 MHz, 0 %, 77579 MiB
2026/09/14 10:44:56.508, 0, 56, 78.54 W, 1410 MHz, 1512 MHz, 0 %, 70399 MiB
2026/09/14 10:44:56.508, 1, 65, 88.77 W, 1410 MHz, 1512 MHz, 0 %, 77579 MiB
2026/09/14 10:45:01.509, 0, 55, 78.76 W, 1410 MHz, 1512 MHz, 0 %, 76921 MiB
2026/09/14 10:45:01.509, 1, 64, 87.23 W, 1410 MHz, 1512 MHz, 0 %, 77579 MiB
2026/09/14 10:45:06.509, 0, 55, 78.57 W, 1410 MHz, 1512 MHz, 0 %, 77015 MiB
2026/09/14 10:45:06.510, 1, 63, 86.55 W, 1410 MHz, 1512 MHz, 0 %, 77579 MiB
2026/09/14 10:45:11.510, 0, 56, 78.86 W, 1410 MHz, 1512 MHz, 0 %, 77015 MiB
2026/09/14 10:45:11.510, 1, 63, 86.26 W, 1410 MHz, 1512 MHz, 0 %, 77579 MiB
2026/09/14 10:45:16.511, 0, 56, 78.26 W, 1410 MHz, 1512 MHz, 0 %, 77015 MiB
2026/09/14 10:45:16.511, 1, 63, 86.17 W, 1410 MHz, 1512 MHz, 0 %, 77579 MiB
2026/09/14 10:45:21.511, 0, 56, 78.48 W, 1410 MHz, 1512 MHz, 0 %, 77015 MiB
2026/09/14 10:45:21.511, 1, 63, 86.17 W, 1410 MHz, 1512 MHz, 0 %, 77579 MiB
2026/09/14 10:45:26.512, 0, 56, 78.36 W, 1410 MHz, 1512 MHz, 0 %, 77015 MiB
2026/09/14 10:45:26.512, 1, 63, 85.78 W, 1410 MHz, 1512 MHz, 0 %, 77579 MiB
2026/09/14 10:45:31.513, 0, 56, 78.46 W, 1410 MHz, 1512 MHz, 0 %, 77339 MiB
2026/09/14 10:45:31.513, 1, 62, 85.78 W, 1410 MHz, 1512 MHz, 0 %, 77579 MiB
2026/09/14 10:45:36.513, 0, 56, 79.50 W, 1410 MHz, 1512 MHz, 0 %, 77339 MiB
2026/09/14 10:45:36.513, 1, 62, 85.87 W, 1410 MHz, 1512 MHz, 0 %, 77579 MiB
2026/09/14 10:45:41.514, 0, 56, 78.83 W, 1410 MHz, 1512 MHz, 0 %, 77339 MiB
2026/09/14 10:45:41.514, 1, 62, 85.68 W, 1410 MHz, 1512 MHz, 0 %, 77579 MiB
2026/09/14 10:45:46.514, 0, 56, 79.14 W, 1410 MHz, 1512 MHz, 0 %, 77339 MiB
2026/09/14 10:45:46.515, 1, 62, 84.79 W, 1410 MHz, 1512 MHz, 0 %, 77579 MiB
2026/09/14 10:45:51.515, 0, 57, 79.14 W, 1410 MHz, 1512 MHz, 0 %, 77339 MiB
2026/09/14 10:45:51.515, 1, 62, 84.88 W, 1410 MHz, 1512 MHz, 0 %, 77579 MiB
2026/09/14 10:45:56.516, 0, 57, 80.30 W, 1410 MHz, 1512 MHz, 0 %, 77379 MiB
2026/09/14 10:45:56.516, 1, 61, 84.20 W, 1410 MHz, 1512 MHz, 0 %, 77579 MiB
2026/09/14 10:46:01.516, 0, 57, 79.61 W, 1410 MHz, 1512 MHz, 0 %, 77389 MiB
2026/09/14 10:46:01.517, 1, 61, 84.00 W, 1410 MHz, 1512 MHz, 0 %, 70731 MiB
2026/09/14 10:46:06.517, 0, 57, 79.70 W, 1410 MHz, 1512 MHz, 0 %, 77389 MiB
2026/09/14 10:46:06.517, 1, 61, 83.91 W, 1410 MHz, 1512 MHz, 0 %, 0 MiB
2026/09/14 10:46:11.518, 0, 57, 79.83 W, 1410 MHz, 1512 MHz, 0 %, 77389 MiB
2026/09/14 10:46:11.518, 1, 60, 54.72 W, 210 MHz, 1512 MHz, 0 %, 0 MiB
2026/09/14 10:46:16.519, 0, 57, 80.20 W, 1410 MHz, 1512 MHz, 0 %, 77389 MiB
2026/09/14 10:46:16.519, 1, 59, 54.42 W, 210 MHz, 1512 MHz, 0 %, 4 MiB
2026/09/14 10:46:21.519, 0, 57, 79.53 W, 1410 MHz, 1512 MHz, 0 %, 77389 MiB
2026/09/14 10:46:21.520, 1, 59, 54.13 W, 210 MHz, 1512 MHz, 0 %, 4 MiB
2026/09/14 10:46:26.520, 0, 57, 79.53 W, 1410 MHz, 1512 MHz, 0 %, 77389 MiB
2026/09/14 10:46:26.520, 1, 59, 53.93 W, 210 MHz, 1512 MHz, 0 %, 4 MiB
2026/09/14 10:46:31.521, 0, 58, 80.69 W, 1410 MHz, 1512 MHz, 0 %, 77389 MiB
2026/09/14 10:46:31.521, 1, 59, 83.13 W, 1410 MHz, 1512 MHz, 18 %, 67325 MiB
2026/09/14 10:46:36.521, 0, 58, 80.12 W, 1410 MHz, 1512 MHz, 0 %, 77389 MiB
2026/09/14 10:46:36.521, 1, 59, 84.01 W, 1410 MHz, 1512 MHz, 14 %, 67325 MiB
2026/09/14 10:46:41.522, 0, 58, 80.01 W, 1410 MHz, 1512 MHz, 0 %, 77389 MiB
2026/09/14 10:46:41.522, 1, 59, 83.42 W, 1410 MHz, 1512 MHz, 17 %, 67325 MiB
2026/09/14 10:46:46.522, 0, 58, 80.10 W, 1410 MHz, 1512 MHz, 0 %, 77389 MiB
2026/09/14 10:46:46.523, 1, 59, 84.30 W, 1410 MHz, 1512 MHz, 18 %, 67325 MiB
2026/09/14 10:46:51.523, 0, 58, 81.08 W, 1410 MHz, 1512 MHz, 0 %, 77389 MiB
2026/09/14 10:46:51.523, 1, 59, 82.53 W, 1410 MHz, 1512 MHz, 0 %, 66793 MiB
2026/09/14 10:46:56.524, 0, 59, 81.37 W, 1410 MHz, 1512 MHz, 0 %, 77393 MiB
2026/09/14 10:46:56.524, 1, 59, 82.63 W, 1410 MHz, 1512 MHz, 9 %, 67819 MiB
2026/09/14 10:47:01.524, 0, 63, 275.66 W, 1410 MHz, 1512 MHz, 100 %, 77395 MiB
2026/09/14 10:47:01.525, 1, 59, 82.30 W, 1410 MHz, 1512 MHz, 5 %, 67819 MiB
2026/09/14 10:47:06.525, 0, 65, 303.55 W, 1395 MHz, 1512 MHz, 64 %, 77395 MiB
2026/09/14 10:47:06.526, 1, 58, 81.24 W, 1410 MHz, 1512 MHz, 0 %, 67819 MiB
2026/09/14 10:47:11.526, 0, 67, 304.03 W, 1395 MHz, 1512 MHz, 50 %, 77817 MiB
2026/09/14 10:47:11.527, 1, 58, 81.74 W, 1410 MHz, 1512 MHz, 0 %, 67819 MiB
2026/09/14 10:47:16.527, 0, 68, 303.58 W, 1395 MHz, 1512 MHz, 100 %, 77817 MiB
2026/09/14 10:47:16.528, 1, 57, 80.22 W, 1410 MHz, 1512 MHz, 0 %, 67821 MiB
2026/09/14 10:47:21.528, 0, 69, 303.71 W, 1380 MHz, 1512 MHz, 100 %, 77817 MiB
2026/09/14 10:47:21.528, 1, 56, 78.68 W, 1410 MHz, 1512 MHz, 0 %, 67821 MiB
2026/09/14 10:47:26.529, 0, 70, 312.99 W, 1380 MHz, 1512 MHz, 100 %, 77817 MiB
2026/09/14 10:47:26.529, 1, 55, 78.37 W, 1410 MHz, 1512 MHz, 53 %, 67841 MiB
2026/09/14 10:47:31.530, 0, 70, 300.82 W, 1395 MHz, 1512 MHz, 100 %, 77829 MiB
2026/09/14 10:47:31.530, 1, 55, 78.38 W, 1410 MHz, 1512 MHz, 53 %, 67841 MiB
2026/09/14 10:47:36.530, 0, 64, 87.60 W, 1410 MHz, 1512 MHz, 0 %, 77829 MiB
2026/09/14 10:47:36.531, 1, 54, 77.41 W, 1410 MHz, 1512 MHz, 0 %, 67841 MiB
2026/09/14 10:47:41.531, 0, 62, 85.08 W, 1410 MHz, 1512 MHz, 0 %, 77829 MiB
2026/09/14 10:47:41.531, 1, 53, 76.16 W, 1410 MHz, 1512 MHz, 0 %, 67841 MiB
2026/09/14 10:47:46.532, 0, 61, 84.60 W, 1410 MHz, 1512 MHz, 0 %, 77829 MiB
2026/09/14 10:47:46.532, 1, 52, 75.46 W, 1410 MHz, 1512 MHz, 19 %, 67841 MiB
2026/09/14 10:47:51.532, 0, 59, 81.84 W, 1410 MHz, 1512 MHz, 0 %, 69377 MiB
2026/09/14 10:47:51.533, 1, 52, 74.97 W, 1410 MHz, 1512 MHz, 0 %, 67841 MiB
2026/09/14 10:47:56.533, 0, 58, 80.69 W, 1410 MHz, 1512 MHz, 0 %, 0 MiB
2026/09/14 10:47:56.534, 1, 51, 73.80 W, 1410 MHz, 1512 MHz, 0 %, 67843 MiB
2026/09/14 10:48:01.534, 0, 56, 52.67 W, 210 MHz, 1512 MHz, 0 %, 0 MiB
2026/09/14 10:48:01.534, 1, 50, 73.30 W, 1410 MHz, 1512 MHz, 0 %, 67843 MiB
2026/09/14 10:48:06.535, 0, 55, 52.25 W, 210 MHz, 1512 MHz, 0 %, 4 MiB
2026/09/14 10:48:06.535, 1, 51, 74.69 W, 1410 MHz, 1512 MHz, 30 %, 67843 MiB
2026/09/14 10:48:11.535, 0, 54, 52.15 W, 210 MHz, 1512 MHz, 0 %, 4 MiB
2026/09/14 10:48:11.536, 1, 50, 73.92 W, 1410 MHz, 1512 MHz, 0 %, 67843 MiB
2026/09/14 10:48:16.536, 0, 54, 51.18 W, 210 MHz, 1512 MHz, 0 %, 4 MiB
2026/09/14 10:48:16.536, 1, 50, 74.70 W, 1410 MHz, 1512 MHz, 52 %, 67843 MiB
2026/09/14 10:48:21.537, 0, 54, 78.65 W, 1410 MHz, 1512 MHz, 8 %, 67357 MiB
2026/09/14 10:48:21.537, 1, 50, 169.00 W, 1410 MHz, 1512 MHz, 10 %, 67843 MiB
2026/09/14 10:48:26.537, 0, 54, 77.80 W, 1410 MHz, 1512 MHz, 18 %, 67357 MiB
2026/09/14 10:48:26.537, 1, 49, 72.73 W, 1410 MHz, 1512 MHz, 0 %, 67843 MiB
2026/09/14 10:48:31.538, 0, 53, 77.29 W, 1410 MHz, 1512 MHz, 15 %, 67357 MiB
2026/09/14 10:48:31.538, 1, 50, 73.22 W, 1410 MHz, 1512 MHz, 52 %, 67845 MiB
2026/09/14 10:48:36.538, 0, 53, 77.50 W, 1410 MHz, 1512 MHz, 18 %, 70905 MiB
2026/09/14 10:48:36.538, 1, 49, 73.35 W, 1410 MHz, 1512 MHz, 0 %, 67845 MiB
2026/09/14 10:48:41.539, 0, 53, 76.52 W, 1410 MHz, 1512 MHz, 0 %, 68433 MiB
2026/09/14 10:48:41.539, 1, 50, 73.15 W, 1410 MHz, 1512 MHz, 43 %, 67845 MiB
2026/09/14 10:48:46.539, 0, 54, 76.52 W, 1410 MHz, 1512 MHz, 0 %, 69477 MiB
2026/09/14 10:48:46.539, 1, 50, 73.82 W, 1410 MHz, 1512 MHz, 8 %, 67841 MiB
2026/09/14 10:48:51.540, 0, 54, 76.61 W, 1410 MHz, 1512 MHz, 0 %, 69477 MiB
2026/09/14 10:48:51.540, 1, 51, 74.11 W, 1410 MHz, 1512 MHz, 0 %, 67785 MiB
2026/09/14 10:48:56.540, 0, 54, 76.71 W, 1410 MHz, 1512 MHz, 0 %, 69477 MiB
2026/09/14 10:48:56.540, 1, 51, 74.02 W, 1410 MHz, 1512 MHz, 0 %, 67785 MiB
2026/09/14 10:49:01.541, 0, 54, 77.29 W, 1410 MHz, 1512 MHz, 0 %, 69477 MiB
2026/09/14 10:49:01.541, 1, 51, 74.02 W, 1410 MHz, 1512 MHz, 0 %, 74945 MiB
2026/09/14 10:49:06.541, 0, 54, 77.10 W, 1410 MHz, 1512 MHz, 0 %, 69479 MiB
2026/09/14 10:49:06.542, 1, 51, 74.02 W, 1410 MHz, 1512 MHz, 0 %, 75065 MiB
2026/09/14 10:49:11.542, 0, 55, 80.00 W, 1410 MHz, 1512 MHz, 0 %, 69495 MiB
2026/09/14 10:49:11.542, 1, 54, 260.41 W, 1410 MHz, 1512 MHz, 87 %, 75143 MiB
2026/09/14 10:49:16.542, 0, 56, 180.78 W, 1410 MHz, 1512 MHz, 49 %, 69499 MiB
2026/09/14 10:49:16.543, 1, 58, 330.90 W, 1365 MHz, 1512 MHz, 8 %, 75565 MiB
2026/09/14 10:49:21.543, 0, 56, 78.63 W, 1410 MHz, 1512 MHz, 49 %, 69499 MiB
2026/09/14 10:49:21.543, 1, 60, 283.12 W, 1410 MHz, 1512 MHz, 100 %, 75565 MiB
2026/09/14 10:49:26.544, 0, 57, 173.93 W, 1410 MHz, 1512 MHz, 0 %, 69499 MiB
2026/09/14 10:49:26.544, 1, 62, 288.37 W, 1410 MHz, 1512 MHz, 100 %, 75577 MiB
2026/09/14 10:49:31.544, 0, 57, 183.03 W, 1410 MHz, 1512 MHz, 0 %, 69499 MiB
2026/09/14 10:49:31.544, 1, 58, 81.16 W, 1410 MHz, 1512 MHz, 0 %, 75577 MiB
2026/09/14 10:49:36.545, 0, 56, 79.91 W, 1410 MHz, 1512 MHz, 0 %, 69499 MiB
2026/09/14 10:49:36.545, 1, 58, 81.16 W, 1410 MHz, 1512 MHz, 0 %, 75577 MiB
2026/09/14 10:49:41.545, 0, 57, 198.38 W, 1410 MHz, 1512 MHz, 0 %, 69499 MiB
2026/09/14 10:49:41.545, 1, 57, 80.86 W, 1410 MHz, 1512 MHz, 0 %, 75577 MiB
2026/09/14 10:49:46.546, 0, 57, 78.86 W, 1410 MHz, 1512 MHz, 0 %, 69501 MiB
2026/09/14 10:49:46.546, 1, 57, 79.78 W, 1410 MHz, 1512 MHz, 0 %, 75577 MiB
2026/09/14 10:49:51.546, 0, 57, 79.44 W, 1410 MHz, 1512 MHz, 52 %, 69501 MiB
2026/09/14 10:49:51.546, 1, 57, 79.98 W, 1410 MHz, 1512 MHz, 0 %, 68409 MiB
2026/09/14 10:49:56.547, 0, 57, 79.70 W, 1410 MHz, 1512 MHz, 52 %, 69501 MiB
2026/09/14 10:49:56.547, 1, 57, 79.60 W, 1410 MHz, 1512 MHz, 0 %, 0 MiB
2026/09/14 10:50:01.547, 0, 57, 79.93 W, 1410 MHz, 1512 MHz, 0 %, 69501 MiB
2026/09/14 10:50:01.549, 1, 56, 52.66 W, 210 MHz, 1512 MHz, 0 %, 0 MiB
2026/09/14 10:50:06.549, 0, 58, 79.83 W, 1410 MHz, 1512 MHz, 27 %, 69501 MiB
2026/09/14 10:50:06.549, 1, 56, 52.47 W, 210 MHz, 1512 MHz, 0 %, 4 MiB
2026/09/14 10:50:11.550, 0, 58, 80.12 W, 1410 MHz, 1512 MHz, 44 %, 69501 MiB
2026/09/14 10:50:11.550, 1, 55, 52.27 W, 210 MHz, 1512 MHz, 0 %, 4 MiB
2026/09/14 10:50:16.550, 0, 59, 200.05 W, 1410 MHz, 1512 MHz, 0 %, 69503 MiB
2026/09/14 10:50:16.551, 1, 55, 52.08 W, 210 MHz, 1512 MHz, 0 %, 4 MiB
2026/09/14 10:50:21.551, 0, 59, 182.97 W, 1410 MHz, 1512 MHz, 0 %, 69503 MiB
2026/09/14 10:50:21.551, 1, 56, 78.83 W, 1410 MHz, 1512 MHz, 17 %, 67357 MiB
2026/09/14 10:50:26.552, 0, 58, 80.79 W, 1410 MHz, 1512 MHz, 0 %, 69503 MiB
2026/09/14 10:50:26.552, 1, 56, 78.83 W, 1410 MHz, 1512 MHz, 14 %, 67357 MiB
2026/09/14 10:50:31.553, 0, 59, 81.77 W, 1410 MHz, 1512 MHz, 0 %, 69503 MiB
2026/09/14 10:50:31.553, 1, 56, 78.93 W, 1410 MHz, 1512 MHz, 16 %, 67357 MiB
2026/09/14 10:50:36.553, 0, 59, 81.68 W, 1410 MHz, 1512 MHz, 0 %, 69497 MiB
2026/09/14 10:50:36.554, 1, 56, 79.96 W, 1410 MHz, 1512 MHz, 14 %, 67357 MiB
2026/09/14 10:50:41.554, 0, 60, 86.92 W, 1410 MHz, 1512 MHz, 0 %, 70397 MiB
2026/09/14 10:50:41.554, 1, 56, 78.23 W, 1410 MHz, 1512 MHz, 0 %, 68433 MiB
2026/09/14 10:50:46.555, 0, 60, 82.26 W, 1410 MHz, 1512 MHz, 0 %, 70397 MiB
2026/09/14 10:50:46.555, 1, 56, 78.32 W, 1410 MHz, 1512 MHz, 0 %, 69435 MiB
2026/09/14 10:50:51.556, 0, 60, 82.46 W, 1410 MHz, 1512 MHz, 0 %, 76899 MiB
2026/09/14 10:50:51.556, 1, 56, 78.32 W, 1410 MHz, 1512 MHz, 0 %, 69477 MiB
2026/09/14 10:50:56.557, 0, 60, 81.97 W, 1410 MHz, 1512 MHz, 7 %, 76999 MiB
2026/09/14 10:50:56.557, 1, 56, 79.11 W, 1410 MHz, 1512 MHz, 0 %, 69477 MiB
2026/09/14 10:51:01.557, 0, 60, 82.46 W, 1410 MHz, 1512 MHz, 0 %, 77017 MiB
2026/09/14 10:51:01.558, 1, 56, 78.91 W, 1410 MHz, 1512 MHz, 0 %, 69477 MiB
2026/09/14 10:51:06.558, 0, 60, 82.46 W, 1410 MHz, 1512 MHz, 0 %, 77017 MiB
2026/09/14 10:51:06.558, 1, 56, 78.92 W, 1410 MHz, 1512 MHz, 0 %, 69479 MiB
2026/09/14 10:51:11.559, 0, 60, 82.46 W, 1410 MHz, 1512 MHz, 0 %, 77017 MiB
2026/09/14 10:51:11.559, 1, 56, 78.81 W, 1410 MHz, 1512 MHz, 0 %, 69479 MiB
2026/09/14 10:51:16.559, 0, 60, 82.46 W, 1410 MHz, 1512 MHz, 0 %, 77017 MiB
2026/09/14 10:51:16.560, 1, 57, 79.31 W, 1410 MHz, 1512 MHz, 51 %, 69497 MiB
2026/09/14 10:51:21.560, 0, 60, 82.53 W, 1410 MHz, 1512 MHz, 0 %, 77017 MiB
2026/09/14 10:51:21.560, 1, 58, 195.92 W, 1410 MHz, 1512 MHz, 21 %, 69499 MiB
2026/09/14 10:51:26.561, 0, 60, 83.51 W, 1410 MHz, 1512 MHz, 0 %, 77017 MiB
2026/09/14 10:51:26.561, 1, 57, 79.41 W, 1410 MHz, 1512 MHz, 23 %, 69499 MiB
2026/09/14 10:51:31.561, 0, 60, 82.93 W, 1410 MHz, 1512 MHz, 0 %, 77017 MiB
2026/09/14 10:51:31.562, 1, 58, 82.03 W, 1410 MHz, 1512 MHz, 53 %, 69499 MiB
2026/09/14 10:51:36.562, 0, 61, 82.73 W, 1410 MHz, 1512 MHz, 0 %, 77017 MiB
2026/09/14 10:51:36.562, 1, 57, 80.06 W, 1410 MHz, 1512 MHz, 6 %, 69499 MiB
2026/09/14 10:51:41.563, 0, 61, 82.84 W, 1410 MHz, 1512 MHz, 0 %, 77017 MiB
2026/09/14 10:51:41.563, 1, 58, 80.38 W, 1410 MHz, 1512 MHz, 51 %, 69499 MiB
2026/09/14 10:51:46.564, 0, 61, 83.80 W, 1410 MHz, 1512 MHz, 0 %, 77017 MiB
2026/09/14 10:51:46.564, 1, 58, 81.94 W, 1410 MHz, 1512 MHz, 13 %, 69501 MiB
2026/09/14 10:51:51.564, 0, 61, 83.22 W, 1410 MHz, 1512 MHz, 0 %, 77017 MiB
2026/09/14 10:51:51.565, 1, 58, 81.25 W, 1410 MHz, 1512 MHz, 52 %, 69501 MiB
2026/09/14 10:51:56.565, 0, 61, 82.73 W, 1410 MHz, 1512 MHz, 0 %, 77017 MiB
2026/09/14 10:51:56.566, 1, 59, 80.27 W, 1410 MHz, 1512 MHz, 0 %, 69501 MiB
2026/09/14 10:52:01.566, 0, 61, 82.83 W, 1410 MHz, 1512 MHz, 0 %, 77017 MiB
2026/09/14 10:52:01.566, 1, 58, 80.57 W, 1410 MHz, 1512 MHz, 0 %, 69501 MiB
2026/09/14 10:52:06.567, 0, 61, 83.41 W, 1410 MHz, 1512 MHz, 0 %, 77017 MiB
2026/09/14 10:52:06.567, 1, 58, 80.67 W, 1410 MHz, 1512 MHz, 0 %, 69501 MiB
2026/09/14 10:52:11.567, 0, 61, 83.03 W, 1410 MHz, 1512 MHz, 0 %, 77017 MiB
2026/09/14 10:52:11.568, 1, 58, 81.36 W, 1410 MHz, 1512 MHz, 0 %, 69501 MiB
2026/09/14 10:52:16.568, 0, 61, 83.02 W, 1410 MHz, 1512 MHz, 0 %, 77017 MiB
2026/09/14 10:52:16.568, 1, 58, 80.96 W, 1410 MHz, 1512 MHz, 0 %, 69501 MiB
2026/09/14 10:52:21.569, 0, 61, 83.12 W, 1410 MHz, 1512 MHz, 0 %, 77017 MiB
2026/09/14 10:52:21.569, 1, 58, 81.15 W, 1410 MHz, 1512 MHz, 52 %, 69503 MiB
2026/09/14 10:52:26.570, 0, 61, 84.10 W, 1410 MHz, 1512 MHz, 0 %, 77017 MiB
2026/09/14 10:52:26.570, 1, 59, 80.86 W, 1410 MHz, 1512 MHz, 52 %, 69503 MiB
2026/09/14 10:52:31.570, 0, 61, 83.31 W, 1410 MHz, 1512 MHz, 0 %, 77017 MiB
2026/09/14 10:52:31.571, 1, 59, 80.67 W, 1410 MHz, 1512 MHz, 0 %, 69503 MiB
2026/09/14 10:52:36.571, 0, 61, 83.32 W, 1410 MHz, 1512 MHz, 0 %, 77017 MiB
2026/09/14 10:52:36.571, 1, 58, 80.76 W, 1410 MHz, 1512 MHz, 0 %, 69503 MiB
2026/09/14 10:52:41.572, 0, 61, 83.60 W, 1410 MHz, 1512 MHz, 0 %, 77017 MiB
2026/09/14 10:52:41.572, 1, 61, 210.47 W, 1410 MHz, 1512 MHz, 63 %, 69427 MiB
2026/09/14 10:52:46.572, 0, 61, 84.10 W, 1410 MHz, 1512 MHz, 0 %, 77017 MiB
2026/09/14 10:52:46.573, 1, 59, 81.26 W, 1410 MHz, 1512 MHz, 0 %, 70397 MiB
2026/09/14 10:52:51.573, 0, 61, 84.39 W, 1410 MHz, 1512 MHz, 0 %, 77017 MiB
2026/09/14 10:52:51.573, 1, 61, 197.06 W, 1410 MHz, 1512 MHz, 52 %, 70397 MiB
2026/09/14 10:52:56.574, 0, 61, 83.80 W, 1410 MHz, 1512 MHz, 0 %, 77017 MiB
2026/09/14 10:52:56.574, 1, 59, 81.36 W, 1410 MHz, 1512 MHz, 0 %, 70397 MiB
2026/09/14 10:53:01.575, 0, 61, 83.70 W, 1410 MHz, 1512 MHz, 0 %, 77017 MiB
2026/09/14 10:53:01.575, 1, 59, 81.26 W, 1410 MHz, 1512 MHz, 0 %, 70397 MiB
2026/09/14 10:53:06.575, 0, 61, 83.41 W, 1410 MHz, 1512 MHz, 0 %, 77017 MiB
2026/09/14 10:53:06.576, 1, 59, 82.04 W, 1410 MHz, 1512 MHz, 0 %, 76941 MiB
2026/09/14 10:53:11.576, 0, 61, 83.32 W, 1410 MHz, 1512 MHz, 0 %, 77017 MiB
2026/09/14 10:53:11.576, 1, 59, 81.05 W, 1410 MHz, 1512 MHz, 0 %, 77065 MiB
2026/09/14 10:53:16.577, 0, 61, 83.22 W, 1410 MHz, 1512 MHz, 0 %, 77017 MiB
2026/09/14 10:53:16.577, 1, 59, 81.45 W, 1410 MHz, 1512 MHz, 0 %, 77137 MiB
2026/09/14 10:53:21.577, 0, 61, 83.61 W, 1410 MHz, 1512 MHz, 0 %, 77017 MiB
2026/09/14 10:53:21.577, 1, 60, 82.93 W, 1410 MHz, 1512 MHz, 8 %, 77139 MiB
2026/09/14 10:53:26.578, 0, 61, 83.91 W, 1410 MHz, 1512 MHz, 0 %, 77017 MiB
2026/09/14 10:53:26.578, 1, 65, 298.19 W, 1395 MHz, 1512 MHz, 100 %, 77563 MiB
2026/09/14 10:53:31.578, 0, 62, 83.70 W, 1410 MHz, 1512 MHz, 0 %, 77017 MiB
2026/09/14 10:53:31.578, 1, 67, 290.75 W, 1365 MHz, 1512 MHz, 100 %, 77575 MiB
2026/09/14 10:53:36.579, 0, 62, 83.70 W, 1410 MHz, 1512 MHz, 0 %, 77017 MiB
2026/09/14 10:53:36.579, 1, 63, 86.21 W, 1410 MHz, 1512 MHz, 0 %, 77575 MiB
2026/09/14 10:53:41.579, 0, 61, 84.58 W, 1410 MHz, 1512 MHz, 0 %, 77017 MiB
2026/09/14 10:53:41.579, 1, 63, 86.50 W, 1410 MHz, 1512 MHz, 0 %, 77575 MiB
2026/09/14 10:53:46.580, 0, 61, 83.91 W, 1410 MHz, 1512 MHz, 0 %, 77017 MiB
2026/09/14 10:53:46.580, 1, 62, 86.02 W, 1410 MHz, 1512 MHz, 0 %, 77575 MiB
2026/09/14 10:53:51.580, 0, 61, 83.70 W, 1410 MHz, 1512 MHz, 0 %, 77017 MiB
2026/09/14 10:53:51.581, 1, 62, 86.61 W, 1410 MHz, 1512 MHz, 0 %, 70075 MiB
2026/09/14 10:53:56.581, 0, 61, 83.91 W, 1410 MHz, 1512 MHz, 0 %, 77017 MiB
2026/09/14 10:53:56.581, 1, 62, 84.69 W, 1410 MHz, 1512 MHz, 0 %, 0 MiB
2026/09/14 10:54:01.581, 0, 62, 84.58 W, 1410 MHz, 1512 MHz, 0 %, 77017 MiB
2026/09/14 10:54:01.582, 1, 60, 55.01 W, 210 MHz, 1512 MHz, 0 %, 0 MiB
2026/09/14 10:54:06.582, 0, 62, 84.00 W, 1410 MHz, 1512 MHz, 0 %, 77017 MiB
2026/09/14 10:54:06.582, 1, 60, 54.72 W, 210 MHz, 1512 MHz, 0 %, 4 MiB
2026/09/14 10:54:11.583, 0, 62, 83.44 W, 1410 MHz, 1512 MHz, 0 %, 77017 MiB
2026/09/14 10:54:11.583, 1, 59, 54.42 W, 210 MHz, 1512 MHz, 0 %, 4 MiB
2026/09/14 10:54:16.583, 0, 62, 83.70 W, 1410 MHz, 1512 MHz, 0 %, 77017 MiB
2026/09/14 10:54:16.583, 1, 59, 54.11 W, 210 MHz, 1512 MHz, 0 %, 4 MiB
2026/09/14 10:54:21.584, 0, 62, 84.00 W, 1410 MHz, 1512 MHz, 0 %, 77017 MiB
2026/09/14 10:54:21.584, 1, 59, 83.42 W, 1410 MHz, 1512 MHz, 12 %, 67357 MiB
2026/09/14 10:54:26.584, 0, 62, 83.80 W, 1410 MHz, 1512 MHz, 0 %, 77017 MiB
2026/09/14 10:54:26.584, 1, 59, 83.12 W, 1410 MHz, 1512 MHz, 17 %, 67357 MiB
2026/09/14 10:54:31.585, 0, 62, 83.80 W, 1410 MHz, 1512 MHz, 0 %, 77017 MiB
2026/09/14 10:54:31.585, 1, 59, 83.80 W, 1410 MHz, 1512 MHz, 19 %, 67357 MiB
2026/09/14 10:54:36.585, 0, 62, 83.89 W, 1410 MHz, 1512 MHz, 0 %, 77017 MiB
2026/09/14 10:54:36.585, 1, 59, 83.32 W, 1410 MHz, 1512 MHz, 13 %, 67357 MiB
2026/09/14 10:54:41.586, 0, 62, 84.09 W, 1410 MHz, 1512 MHz, 0 %, 77017 MiB
2026/09/14 10:54:41.586, 1, 59, 81.84 W, 1410 MHz, 1512 MHz, 0 %, 68433 MiB
2026/09/14 10:54:46.587, 0, 62, 83.99 W, 1410 MHz, 1512 MHz, 0 %, 77017 MiB
2026/09/14 10:54:46.587, 1, 59, 82.63 W, 1410 MHz, 1512 MHz, 0 %, 68433 MiB
2026/09/14 10:54:51.587, 0, 62, 83.91 W, 1410 MHz, 1512 MHz, 0 %, 77017 MiB
2026/09/14 10:54:51.587, 1, 59, 81.94 W, 1410 MHz, 1512 MHz, 0 %, 69477 MiB
2026/09/14 10:54:56.588, 0, 62, 85.09 W, 1410 MHz, 1512 MHz, 0 %, 77017 MiB
2026/09/14 10:54:56.588, 1, 59, 82.53 W, 1410 MHz, 1512 MHz, 25 %, 69477 MiB
2026/09/14 10:55:01.588, 0, 62, 84.29 W, 1410 MHz, 1512 MHz, 0 %, 77017 MiB
2026/09/14 10:55:01.588, 1, 59, 81.74 W, 1410 MHz, 1512 MHz, 0 %, 69477 MiB
2026/09/14 10:55:06.589, 0, 62, 84.20 W, 1410 MHz, 1512 MHz, 0 %, 77017 MiB
2026/09/14 10:55:06.589, 1, 59, 82.04 W, 1410 MHz, 1512 MHz, 0 %, 69479 MiB
2026/09/14 10:55:11.590, 0, 62, 84.29 W, 1410 MHz, 1512 MHz, 0 %, 77017 MiB
2026/09/14 10:55:11.590, 1, 59, 82.93 W, 1410 MHz, 1512 MHz, 0 %, 69479 MiB
2026/09/14 10:55:16.590, 0, 62, 84.50 W, 1410 MHz, 1512 MHz, 0 %, 77017 MiB
2026/09/14 10:55:16.591, 1, 59, 82.13 W, 1410 MHz, 1512 MHz, 0 %, 69497 MiB
2026/09/14 10:55:21.591, 0, 62, 83.61 W, 1410 MHz, 1512 MHz, 0 %, 77017 MiB
2026/09/14 10:55:21.591, 1, 60, 82.63 W, 1410 MHz, 1512 MHz, 40 %, 69499 MiB
2026/09/14 10:55:26.592, 0, 62, 83.80 W, 1410 MHz, 1512 MHz, 0 %, 79089 MiB
2026/09/14 10:55:26.592, 1, 59, 83.19 W, 1410 MHz, 1512 MHz, 52 %, 69499 MiB
2026/09/14 10:55:31.592, 0, 62, 83.70 W, 1410 MHz, 1512 MHz, 0 %, 79089 MiB
2026/09/14 10:55:31.592, 1, 59, 82.63 W, 1410 MHz, 1512 MHz, 0 %, 69499 MiB
2026/09/14 10:55:36.593, 0, 62, 84.10 W, 1410 MHz, 1512 MHz, 0 %, 79089 MiB
2026/09/14 10:55:36.593, 1, 59, 82.63 W, 1410 MHz, 1512 MHz, 0 %, 69499 MiB
2026/09/14 10:55:41.593, 0, 62, 84.00 W, 1410 MHz, 1512 MHz, 0 %, 79089 MiB
2026/09/14 10:55:41.593, 1, 60, 83.42 W, 1410 MHz, 1512 MHz, 18 %, 69499 MiB
2026/09/14 10:55:46.594, 0, 62, 83.61 W, 1410 MHz, 1512 MHz, 0 %, 79089 MiB
2026/09/14 10:55:46.594, 1, 59, 82.53 W, 1410 MHz, 1512 MHz, 0 %, 69501 MiB
2026/09/14 10:55:51.595, 0, 62, 83.80 W, 1410 MHz, 1512 MHz, 0 %, 79089 MiB
2026/09/14 10:55:51.595, 1, 59, 82.04 W, 1410 MHz, 1512 MHz, 0 %, 69501 MiB
2026/09/14 10:55:56.595, 0, 62, 83.99 W, 1410 MHz, 1512 MHz, 0 %, 79089 MiB
2026/09/14 10:55:56.596, 1, 59, 82.93 W, 1410 MHz, 1512 MHz, 0 %, 69501 MiB
2026/09/14 10:56:01.596, 0, 62, 83.89 W, 1410 MHz, 1512 MHz, 0 %, 79089 MiB
2026/09/14 10:56:01.596, 1, 59, 82.23 W, 1410 MHz, 1512 MHz, 0 %, 69501 MiB
2026/09/14 10:56:06.597, 0, 62, 84.00 W, 1410 MHz, 1512 MHz, 0 %, 79089 MiB
2026/09/14 10:56:06.597, 1, 60, 202.72 W, 1410 MHz, 1512 MHz, 9 %, 69501 MiB
2026/09/14 10:56:11.598, 0, 62, 84.00 W, 1410 MHz, 1512 MHz, 0 %, 79089 MiB
2026/09/14 10:56:11.598, 1, 59, 82.04 W, 1410 MHz, 1512 MHz, 0 %, 69501 MiB
2026/09/14 10:56:16.598, 0, 62, 84.29 W, 1410 MHz, 1512 MHz, 0 %, 79089 MiB
2026/09/14 10:56:16.599, 1, 59, 83.61 W, 1410 MHz, 1512 MHz, 0 %, 69501 MiB
2026/09/14 10:56:21.599, 0, 62, 83.99 W, 1410 MHz, 1512 MHz, 0 %, 79089 MiB
2026/09/14 10:56:21.599, 1, 60, 189.30 W, 1410 MHz, 1512 MHz, 26 %, 69503 MiB
2026/09/14 10:56:26.600, 0, 62, 83.51 W, 1410 MHz, 1512 MHz, 0 %, 79089 MiB
2026/09/14 10:56:26.600, 1, 59, 82.44 W, 1410 MHz, 1512 MHz, 0 %, 69503 MiB
2026/09/14 10:56:31.601, 0, 61, 84.29 W, 1410 MHz, 1512 MHz, 0 %, 79089 MiB
2026/09/14 10:56:31.601, 1, 59, 83.32 W, 1410 MHz, 1512 MHz, 0 %, 69503 MiB
2026/09/14 10:56:36.601, 0, 61, 83.70 W, 1410 MHz, 1512 MHz, 0 %, 79089 MiB
2026/09/14 10:56:36.602, 1, 59, 83.61 W, 1410 MHz, 1512 MHz, 0 %, 69503 MiB
2026/09/14 10:56:41.602, 0, 61, 83.51 W, 1410 MHz, 1512 MHz, 0 %, 79089 MiB
2026/09/14 10:56:41.602, 1, 62, 196.88 W, 1410 MHz, 1512 MHz, 64 %, 69427 MiB
2026/09/14 10:56:46.603, 0, 61, 83.61 W, 1410 MHz, 1512 MHz, 0 %, 79089 MiB
2026/09/14 10:56:46.603, 1, 60, 83.03 W, 1410 MHz, 1512 MHz, 0 %, 70397 MiB
2026/09/14 10:56:51.603, 0, 61, 84.29 W, 1410 MHz, 1512 MHz, 0 %, 79089 MiB
2026/09/14 10:56:51.603, 1, 60, 83.51 W, 1410 MHz, 1512 MHz, 0 %, 70397 MiB
2026/09/14 10:56:56.604, 0, 61, 83.61 W, 1410 MHz, 1512 MHz, 0 %, 79089 MiB
2026/09/14 10:56:56.604, 1, 60, 83.10 W, 1410 MHz, 1512 MHz, 0 %, 70397 MiB
2026/09/14 10:57:01.605, 0, 61, 83.70 W, 1410 MHz, 1512 MHz, 0 %, 79089 MiB
2026/09/14 10:57:01.605, 1, 59, 82.93 W, 1410 MHz, 1512 MHz, 0 %, 76897 MiB
2026/09/14 10:57:06.605, 0, 61, 83.91 W, 1410 MHz, 1512 MHz, 0 %, 79089 MiB
2026/09/14 10:57:06.606, 1, 60, 83.71 W, 1410 MHz, 1512 MHz, 0 %, 76997 MiB
2026/09/14 10:57:11.606, 0, 61, 84.29 W, 1410 MHz, 1512 MHz, 0 %, 79089 MiB
2026/09/14 10:57:11.606, 1, 59, 82.32 W, 1410 MHz, 1512 MHz, 0 %, 77045 MiB
2026/09/14 10:57:16.607, 0, 61, 83.80 W, 1410 MHz, 1512 MHz, 0 %, 79089 MiB
2026/09/14 10:57:16.607, 1, 59, 82.93 W, 1410 MHz, 1512 MHz, 0 %, 77097 MiB
2026/09/14 10:57:21.607, 0, 61, 83.80 W, 1410 MHz, 1512 MHz, 0 %, 79089 MiB
2026/09/14 10:57:21.607, 1, 59, 97.07 W, 1410 MHz, 1512 MHz, 0 %, 77167 MiB
2026/09/14 10:57:26.608, 0, 61, 83.99 W, 1410 MHz, 1512 MHz, 0 %, 79089 MiB
2026/09/14 10:57:26.608, 1, 59, 81.74 W, 1410 MHz, 1512 MHz, 0 %, 77169 MiB
2026/09/14 10:57:31.608, 0, 61, 84.38 W, 1410 MHz, 1512 MHz, 0 %, 79089 MiB
2026/09/14 10:57:31.608, 1, 61, 83.07 W, 1410 MHz, 1512 MHz, 53 %, 77169 MiB
2026/09/14 10:57:36.609, 0, 61, 83.41 W, 1410 MHz, 1512 MHz, 0 %, 79089 MiB
2026/09/14 10:57:36.609, 1, 63, 293.86 W, 1380 MHz, 1512 MHz, 99 %, 77173 MiB
2026/09/14 10:57:41.609, 0, 61, 83.58 W, 1410 MHz, 1512 MHz, 0 %, 79089 MiB
2026/09/14 10:57:41.609, 1, 66, 302.86 W, 1380 MHz, 1512 MHz, 99 %, 77595 MiB
2026/09/14 10:57:46.610, 0, 61, 84.20 W, 1410 MHz, 1512 MHz, 0 %, 79089 MiB
2026/09/14 10:57:46.610, 1, 63, 87.29 W, 1410 MHz, 1512 MHz, 0 %, 77607 MiB
2026/09/14 10:57:51.610, 0, 61, 83.22 W, 1410 MHz, 1512 MHz, 0 %, 79089 MiB
2026/09/14 10:57:51.610, 1, 62, 85.44 W, 1410 MHz, 1512 MHz, 0 %, 77607 MiB
2026/09/14 10:57:56.611, 0, 61, 83.02 W, 1410 MHz, 1512 MHz, 0 %, 79089 MiB
2026/09/14 10:57:56.611, 1, 62, 85.85 W, 1410 MHz, 1512 MHz, 0 %, 77607 MiB
2026/09/14 10:58:01.611, 0, 61, 82.93 W, 1410 MHz, 1512 MHz, 0 %, 79089 MiB
2026/09/14 10:58:01.612, 1, 61, 83.91 W, 1410 MHz, 1512 MHz, 0 %, 70127 MiB
2026/09/14 10:58:06.612, 0, 61, 84.69 W, 1410 MHz, 1512 MHz, 0 %, 79089 MiB
2026/09/14 10:58:06.612, 1, 61, 84.07 W, 1410 MHz, 1512 MHz, 22 %, 0 MiB
2026/09/14 10:58:11.612, 0, 61, 82.85 W, 1410 MHz, 1512 MHz, 0 %, 79089 MiB
2026/09/14 10:58:11.613, 1, 60, 54.53 W, 210 MHz, 1512 MHz, 0 %, 0 MiB
2026/09/14 10:58:16.613, 0, 61, 83.03 W, 1410 MHz, 1512 MHz, 0 %, 79089 MiB
2026/09/14 10:58:16.613, 1, 59, 54.11 W, 210 MHz, 1512 MHz, 0 %, 4 MiB
2026/09/14 10:58:21.613, 0, 61, 83.06 W, 1410 MHz, 1512 MHz, 0 %, 79089 MiB
2026/09/14 10:58:21.614, 1, 58, 53.43 W, 210 MHz, 1512 MHz, 0 %, 4 MiB
2026/09/14 10:58:26.614, 0, 61, 83.52 W, 1410 MHz, 1512 MHz, 0 %, 79089 MiB
2026/09/14 10:58:26.614, 1, 58, 53.53 W, 210 MHz, 1512 MHz, 0 %, 4 MiB
2026/09/14 10:58:31.614, 0, 61, 83.61 W, 1410 MHz, 1512 MHz, 0 %, 79089 MiB
2026/09/14 10:58:31.614, 1, 58, 81.74 W, 1410 MHz, 1512 MHz, 0 %, 67357 MiB
2026/09/14 10:58:36.615, 0, 61, 83.22 W, 1410 MHz, 1512 MHz, 0 %, 79089 MiB
2026/09/14 10:58:36.615, 1, 58, 82.13 W, 1410 MHz, 1512 MHz, 17 %, 67357 MiB
2026/09/14 10:58:41.615, 0, 61, 83.70 W, 1410 MHz, 1512 MHz, 0 %, 79089 MiB
2026/09/14 10:58:41.615, 1, 58, 82.83 W, 1410 MHz, 1512 MHz, 19 %, 67357 MiB
2026/09/14 10:58:46.616, 0, 61, 82.83 W, 1410 MHz, 1512 MHz, 0 %, 79089 MiB
2026/09/14 10:58:46.616, 1, 58, 82.74 W, 1410 MHz, 1512 MHz, 17 %, 67357 MiB
2026/09/14 10:58:51.616, 0, 61, 82.72 W, 1410 MHz, 1512 MHz, 0 %, 79089 MiB
2026/09/14 10:58:51.616, 1, 58, 81.55 W, 1410 MHz, 1512 MHz, 0 %, 68433 MiB
2026/09/14 10:58:56.617, 0, 61, 82.83 W, 1410 MHz, 1512 MHz, 0 %, 79089 MiB
2026/09/14 10:58:56.617, 1, 58, 82.63 W, 1410 MHz, 1512 MHz, 0 %, 68433 MiB
2026/09/14 10:59:01.617, 0, 61, 83.51 W, 1410 MHz, 1512 MHz, 0 %, 79089 MiB
2026/09/14 10:59:01.618, 1, 58, 82.13 W, 1410 MHz, 1512 MHz, 0 %, 69477 MiB
2026/09/14 10:59:06.618, 0, 61, 83.02 W, 1410 MHz, 1512 MHz, 0 %, 79089 MiB
2026/09/14 10:59:06.618, 1, 58, 152.26 W, 1410 MHz, 1512 MHz, 18 %, 69477 MiB
2026/09/14 10:59:11.619, 0, 61, 83.02 W, 1410 MHz, 1512 MHz, 0 %, 79089 MiB
2026/09/14 10:59:11.619, 1, 58, 81.84 W, 1410 MHz, 1512 MHz, 0 %, 69477 MiB
2026/09/14 10:59:16.619, 0, 61, 83.02 W, 1410 MHz, 1512 MHz, 0 %, 79089 MiB
2026/09/14 10:59:16.620, 1, 58, 80.57 W, 1410 MHz, 1512 MHz, 0 %, 69479 MiB
2026/09/14 10:59:21.620, 0, 61, 83.51 W, 1410 MHz, 1512 MHz, 11 %, 79147 MiB
2026/09/14 10:59:21.621, 1, 58, 81.16 W, 1410 MHz, 1512 MHz, 0 %, 69479 MiB
2026/09/14 10:59:26.621, 0, 61, 83.12 W, 1410 MHz, 1512 MHz, 0 %, 79151 MiB
2026/09/14 10:59:26.621, 1, 59, 198.81 W, 1410 MHz, 1512 MHz, 59 %, 69497 MiB
2026/09/14 10:59:31.622, 0, 61, 83.31 W, 1410 MHz, 1512 MHz, 0 %, 79151 MiB
2026/09/14 10:59:31.622, 1, 59, 81.36 W, 1410 MHz, 1512 MHz, 46 %, 69499 MiB
2026/09/14 10:59:36.622, 0, 61, 83.99 W, 1410 MHz, 1512 MHz, 0 %, 79151 MiB
2026/09/14 10:59:36.623, 1, 58, 82.13 W, 1410 MHz, 1512 MHz, 0 %, 69499 MiB
2026/09/14 10:59:41.623, 0, 61, 83.41 W, 1410 MHz, 1512 MHz, 0 %, 79151 MiB
2026/09/14 10:59:41.623, 1, 59, 106.47 W, 1410 MHz, 1512 MHz, 52 %, 69499 MiB
2026/09/14 10:59:46.624, 0, 61, 82.72 W, 1410 MHz, 1512 MHz, 0 %, 79151 MiB
2026/09/14 10:59:46.624, 1, 59, 90.71 W, 1410 MHz, 1512 MHz, 52 %, 69499 MiB
2026/09/14 10:59:51.624, 0, 61, 82.72 W, 1410 MHz, 1512 MHz, 0 %, 79151 MiB
2026/09/14 10:59:51.624, 1, 59, 81.84 W, 1410 MHz, 1512 MHz, 0 %, 69499 MiB
2026/09/14 10:59:56.625, 0, 61, 83.51 W, 1410 MHz, 1512 MHz, 0 %, 79151 MiB
2026/09/14 10:59:56.625, 1, 59, 84.28 W, 1410 MHz, 1512 MHz, 51 %, 69499 MiB
2026/09/14 11:00:01.625, 0, 61, 83.02 W, 1410 MHz, 1512 MHz, 0 %, 79151 MiB
2026/09/14 11:00:01.625, 1, 59, 82.13 W, 1410 MHz, 1512 MHz, 0 %, 69501 MiB
2026/09/14 11:00:06.626, 0, 61, 83.02 W, 1410 MHz, 1512 MHz, 0 %, 79151 MiB
2026/09/14 11:00:06.626, 1, 59, 81.84 W, 1410 MHz, 1512 MHz, 0 %, 69501 MiB
2026/09/14 11:00:11.626, 0, 61, 83.02 W, 1410 MHz, 1512 MHz, 0 %, 79151 MiB
2026/09/14 11:00:11.626, 1, 59, 82.83 W, 1410 MHz, 1512 MHz, 0 %, 69501 MiB
2026/09/14 11:00:16.627, 0, 61, 83.51 W, 1410 MHz, 1512 MHz, 0 %, 79151 MiB
2026/09/14 11:00:16.627, 1, 59, 82.74 W, 1410 MHz, 1512 MHz, 0 %, 69501 MiB
2026/09/14 11:00:21.627, 0, 61, 83.51 W, 1410 MHz, 1512 MHz, 0 %, 79151 MiB
2026/09/14 11:00:21.628, 1, 59, 82.83 W, 1410 MHz, 1512 MHz, 5 %, 69501 MiB
2026/09/14 11:00:26.628, 0, 61, 83.31 W, 1410 MHz, 1512 MHz, 0 %, 79151 MiB
2026/09/14 11:00:26.628, 1, 59, 81.84 W, 1410 MHz, 1512 MHz, 0 %, 69501 MiB
2026/09/14 11:00:31.629, 0, 61, 84.20 W, 1410 MHz, 1512 MHz, 0 %, 79151 MiB
2026/09/14 11:00:31.629, 1, 59, 82.82 W, 1410 MHz, 1512 MHz, 0 %, 69503 MiB
2026/09/14 11:00:36.629, 0, 61, 83.42 W, 1410 MHz, 1512 MHz, 0 %, 79151 MiB
2026/09/14 11:00:36.629, 1, 59, 82.42 W, 1410 MHz, 1512 MHz, 0 %, 69503 MiB
2026/09/14 11:00:41.629, 0, 61, 83.51 W, 1410 MHz, 1512 MHz, 0 %, 79151 MiB
2026/09/14 11:00:41.630, 1, 59, 82.52 W, 1410 MHz, 1512 MHz, 0 %, 69503 MiB
2026/09/14 11:00:46.630, 0, 61, 83.61 W, 1410 MHz, 1512 MHz, 0 %, 79151 MiB
2026/09/14 11:00:46.630, 1, 59, 83.12 W, 1410 MHz, 1512 MHz, 0 %, 69503 MiB
2026/09/14 11:00:51.630, 0, 61, 84.11 W, 1410 MHz, 1512 MHz, 0 %, 79151 MiB
2026/09/14 11:00:51.630, 1, 59, 82.74 W, 1410 MHz, 1512 MHz, 0 %, 69497 MiB
2026/09/14 11:00:56.631, 0, 61, 83.13 W, 1410 MHz, 1512 MHz, 0 %, 79151 MiB
2026/09/14 11:00:56.631, 1, 60, 82.83 W, 1410 MHz, 1512 MHz, 0 %, 70397 MiB
2026/09/14 11:01:01.631, 0, 61, 83.12 W, 1410 MHz, 1512 MHz, 0 %, 79151 MiB
2026/09/14 11:01:01.631, 1, 60, 83.51 W, 1410 MHz, 1512 MHz, 0 %, 70397 MiB
2026/09/14 11:01:06.632, 0, 61, 83.12 W, 1410 MHz, 1512 MHz, 0 %, 79151 MiB
2026/09/14 11:01:06.632, 1, 60, 83.03 W, 1410 MHz, 1512 MHz, 0 %, 70397 MiB
2026/09/14 11:01:11.632, 0, 61, 83.41 W, 1410 MHz, 1512 MHz, 0 %, 79151 MiB
2026/09/14 11:01:11.632, 1, 59, 83.42 W, 1410 MHz, 1512 MHz, 0 %, 70397 MiB
2026/09/14 11:01:16.632, 0, 61, 83.41 W, 1410 MHz, 1512 MHz, 0 %, 79151 MiB
2026/09/14 11:01:16.632, 1, 59, 83.32 W, 1410 MHz, 1512 MHz, 0 %, 76897 MiB
2026/09/14 11:01:21.633, 0, 61, 83.31 W, 1410 MHz, 1512 MHz, 0 %, 79151 MiB
2026/09/14 11:01:21.633, 1, 59, 83.32 W, 1410 MHz, 1512 MHz, 0 %, 77031 MiB
2026/09/14 11:01:26.633, 0, 61, 83.42 W, 1410 MHz, 1512 MHz, 0 %, 79151 MiB
2026/09/14 11:01:26.633, 1, 59, 82.63 W, 1410 MHz, 1512 MHz, 0 %, 77047 MiB
2026/09/14 11:01:31.634, 0, 61, 83.52 W, 1410 MHz, 1512 MHz, 0 %, 79151 MiB
2026/09/14 11:01:31.634, 1, 59, 81.65 W, 1410 MHz, 1512 MHz, 0 %, 77047 MiB
2026/09/14 11:01:36.634, 0, 61, 83.41 W, 1410 MHz, 1512 MHz, 0 %, 79151 MiB
2026/09/14 11:01:36.634, 1, 59, 97.06 W, 1410 MHz, 1512 MHz, 6 %, 77103 MiB
2026/09/14 11:01:41.634, 0, 61, 83.70 W, 1410 MHz, 1512 MHz, 0 %, 79151 MiB
2026/09/14 11:01:41.634, 1, 59, 81.55 W, 1410 MHz, 1512 MHz, 0 %, 77129 MiB
2026/09/14 11:01:46.635, 0, 61, 84.79 W, 1410 MHz, 1512 MHz, 0 %, 79151 MiB
2026/09/14 11:01:46.635, 1, 59, 81.36 W, 1410 MHz, 1512 MHz, 0 %, 77129 MiB
2026/09/14 11:01:51.635, 0, 61, 83.80 W, 1410 MHz, 1512 MHz, 0 %, 79151 MiB
2026/09/14 11:01:51.635, 1, 59, 82.23 W, 1410 MHz, 1512 MHz, 0 %, 77129 MiB
2026/09/14 11:01:56.635, 0, 61, 83.80 W, 1410 MHz, 1512 MHz, 0 %, 79151 MiB
2026/09/14 11:01:56.636, 1, 62, 184.16 W, 1350 MHz, 1512 MHz, 24 %, 77129 MiB
2026/09/14 11:02:01.636, 0, 61, 82.93 W, 1410 MHz, 1512 MHz, 0 %, 79151 MiB
2026/09/14 11:02:01.679, 1, 63, 285.38 W, 1410 MHz, 1512 MHz, 99 %, 77146 MiB
2026/09/14 11:02:06.679, 0, 61, 83.58 W, 1410 MHz, 1512 MHz, 0 %, 79151 MiB
2026/09/14 11:02:06.679, 1, 67, 287.65 W, 1365 MHz, 1512 MHz, 100 %, 77551 MiB
2026/09/14 11:02:11.679, 0, 61, 83.51 W, 1410 MHz, 1512 MHz, 0 %, 79151 MiB
2026/09/14 11:02:11.680, 1, 63, 87.88 W, 1410 MHz, 1512 MHz, 0 %, 77563 MiB
2026/09/14 11:02:16.680, 0, 61, 83.22 W, 1410 MHz, 1512 MHz, 0 %, 79151 MiB
2026/09/14 11:02:16.680, 1, 63, 85.92 W, 1410 MHz, 1512 MHz, 0 %, 77563 MiB
2026/09/14 11:02:21.680, 0, 61, 83.22 W, 1410 MHz, 1512 MHz, 0 %, 79151 MiB
2026/09/14 11:02:21.681, 1, 62, 85.54 W, 1410 MHz, 1512 MHz, 0 %, 77563 MiB
2026/09/14 11:02:26.681, 0, 61, 83.61 W, 1410 MHz, 1512 MHz, 0 %, 79151 MiB
2026/09/14 11:02:26.681, 1, 62, 85.73 W, 1410 MHz, 1512 MHz, 0 %, 70087 MiB
2026/09/14 11:02:31.681, 0, 61, 83.51 W, 1410 MHz, 1512 MHz, 0 %, 79151 MiB
2026/09/14 11:02:31.682, 1, 62, 84.57 W, 1410 MHz, 1512 MHz, 0 %, 0 MiB
2026/09/14 11:02:36.682, 0, 61, 83.61 W, 1410 MHz, 1512 MHz, 0 %, 79151 MiB
2026/09/14 11:02:36.682, 1, 61, 55.01 W, 210 MHz, 1512 MHz, 0 %, 0 MiB
2026/09/14 11:02:41.682, 0, 61, 83.51 W, 1410 MHz, 1512 MHz, 0 %, 79151 MiB
2026/09/14 11:02:41.682, 1, 60, 54.82 W, 210 MHz, 1512 MHz, 0 %, 4 MiB
2026/09/14 11:02:46.683, 0, 61, 83.89 W, 1410 MHz, 1512 MHz, 0 %, 79151 MiB
2026/09/14 11:02:46.683, 1, 59, 54.32 W, 210 MHz, 1512 MHz, 0 %, 4 MiB
2026/09/14 11:02:51.683, 0, 61, 83.80 W, 1410 MHz, 1512 MHz, 0 %, 79151 MiB
2026/09/14 11:02:51.683, 1, 59, 54.11 W, 210 MHz, 1512 MHz, 0 %, 4 MiB
2026/09/14 11:02:56.684, 0, 61, 84.01 W, 1410 MHz, 1512 MHz, 0 %, 79151 MiB
2026/09/14 11:02:56.684, 1, 60, 84.01 W, 1410 MHz, 1512 MHz, 17 %, 67357 MiB
2026/09/14 11:03:01.684, 0, 61, 84.60 W, 1410 MHz, 1512 MHz, 0 %, 79151 MiB
2026/09/14 11:03:01.685, 1, 59, 83.90 W, 1410 MHz, 1512 MHz, 17 %, 67357 MiB
2026/09/14 11:03:06.685, 0, 61, 84.10 W, 1410 MHz, 1512 MHz, 0 %, 79151 MiB
2026/09/14 11:03:06.685, 1, 59, 83.22 W, 1410 MHz, 1512 MHz, 18 %, 67357 MiB
2026/09/14 11:03:11.685, 0, 61, 83.51 W, 1410 MHz, 1512 MHz, 0 %, 79151 MiB
2026/09/14 11:03:11.685, 1, 59, 83.99 W, 1410 MHz, 1512 MHz, 20 %, 67357 MiB
2026/09/14 11:03:16.686, 0, 62, 83.41 W, 1410 MHz, 1512 MHz, 0 %, 79151 MiB
2026/09/14 11:03:16.686, 1, 59, 82.13 W, 1410 MHz, 1512 MHz, 0 %, 68433 MiB
2026/09/14 11:03:21.686, 0, 62, 84.10 W, 1410 MHz, 1512 MHz, 0 %, 79151 MiB
2026/09/14 11:03:21.686, 1, 59, 96.57 W, 1410 MHz, 1512 MHz, 10 %, 69477 MiB
2026/09/14 11:03:26.686, 0, 62, 83.70 W, 1410 MHz, 1512 MHz, 0 %, 79151 MiB
2026/09/14 11:03:26.687, 1, 59, 82.63 W, 1410 MHz, 1512 MHz, 8 %, 69477 MiB
2026/09/14 11:03:31.687, 0, 62, 83.70 W, 1410 MHz, 1512 MHz, 0 %, 79151 MiB
2026/09/14 11:03:31.687, 1, 59, 83.12 W, 1410 MHz, 1512 MHz, 0 %, 69477 MiB
2026/09/14 11:03:36.687, 0, 62, 83.99 W, 1410 MHz, 1512 MHz, 0 %, 79151 MiB
2026/09/14 11:03:36.687, 1, 59, 83.03 W, 1410 MHz, 1512 MHz, 0 %, 69477 MiB
2026/09/14 11:03:41.688, 0, 62, 84.49 W, 1410 MHz, 1512 MHz, 0 %, 79151 MiB
2026/09/14 11:03:41.688, 1, 59, 81.55 W, 1410 MHz, 1512 MHz, 0 %, 69479 MiB
2026/09/14 11:03:46.688, 0, 62, 83.80 W, 1410 MHz, 1512 MHz, 0 %, 79151 MiB
2026/09/14 11:03:46.688, 1, 59, 82.42 W, 1410 MHz, 1512 MHz, 0 %, 69479 MiB
2026/09/14 11:03:51.689, 0, 62, 83.89 W, 1410 MHz, 1512 MHz, 0 %, 79151 MiB
2026/09/14 11:03:51.689, 1, 59, 82.63 W, 1410 MHz, 1512 MHz, 52 %, 69499 MiB
2026/09/14 11:03:56.689, 0, 62, 83.99 W, 1410 MHz, 1512 MHz, 0 %, 79153 MiB
2026/09/14 11:03:56.689, 1, 60, 82.63 W, 1410 MHz, 1512 MHz, 0 %, 69499 MiB
2026/09/14 11:04:01.689, 0, 62, 84.29 W, 1410 MHz, 1512 MHz, 0 %, 79153 MiB
2026/09/14 11:04:01.690, 1, 59, 83.13 W, 1410 MHz, 1512 MHz, 0 %, 69499 MiB
2026/09/14 11:04:06.690, 0, 62, 84.09 W, 1410 MHz, 1512 MHz, 0 %, 79153 MiB
2026/09/14 11:04:06.690, 1, 59, 83.12 W, 1410 MHz, 1512 MHz, 0 %, 69499 MiB
2026/09/14 11:04:11.690, 0, 62, 84.20 W, 1410 MHz, 1512 MHz, 0 %, 79153 MiB
2026/09/14 11:04:11.690, 1, 60, 82.93 W, 1410 MHz, 1512 MHz, 30 %, 69499 MiB
2026/09/14 11:04:16.691, 0, 62, 83.51 W, 1410 MHz, 1512 MHz, 0 %, 79153 MiB
2026/09/14 11:04:16.691, 1, 60, 82.74 W, 1410 MHz, 1512 MHz, 51 %, 69499 MiB
2026/09/14 11:04:21.691, 0, 62, 83.80 W, 1410 MHz, 1512 MHz, 0 %, 79153 MiB
2026/09/14 11:04:21.691, 1, 60, 83.61 W, 1410 MHz, 1512 MHz, 0 %, 69501 MiB
2026/09/14 11:04:26.692, 0, 62, 83.51 W, 1410 MHz, 1512 MHz, 0 %, 79153 MiB
2026/09/14 11:04:26.692, 1, 59, 84.01 W, 1410 MHz, 1512 MHz, 0 %, 69501 MiB
2026/09/14 11:04:31.692, 0, 62, 83.61 W, 1410 MHz, 1512 MHz, 0 %, 79153 MiB
2026/09/14 11:04:31.692, 1, 61, 203.31 W, 1410 MHz, 1512 MHz, 3 %, 69501 MiB
2026/09/14 11:04:36.692, 0, 62, 84.50 W, 1410 MHz, 1512 MHz, 0 %, 79153 MiB
2026/09/14 11:04:36.692, 1, 59, 82.73 W, 1410 MHz, 1512 MHz, 0 %, 69501 MiB
2026/09/14 11:04:41.693, 0, 62, 83.70 W, 1410 MHz, 1512 MHz, 0 %, 79153 MiB
2026/09/14 11:04:41.693, 1, 61, 132.93 W, 1410 MHz, 1512 MHz, 0 %, 69501 MiB
2026/09/14 11:04:46.693, 0, 62, 83.70 W, 1410 MHz, 1512 MHz, 0 %, 79153 MiB
2026/09/14 11:04:46.693, 1, 59, 83.13 W, 1410 MHz, 1512 MHz, 0 %, 69501 MiB
2026/09/14 11:04:51.693, 0, 62, 83.80 W, 1410 MHz, 1512 MHz, 0 %, 79153 MiB
2026/09/14 11:04:51.694, 1, 60, 83.03 W, 1410 MHz, 1512 MHz, 0 %, 69501 MiB
2026/09/14 11:04:56.694, 0, 62, 84.39 W, 1410 MHz, 1512 MHz, 0 %, 79153 MiB
2026/09/14 11:04:56.694, 1, 60, 83.32 W, 1410 MHz, 1512 MHz, 48 %, 69503 MiB
2026/09/14 11:05:01.694, 0, 62, 84.20 W, 1410 MHz, 1512 MHz, 0 %, 79153 MiB
2026/09/14 11:05:01.695, 1, 59, 83.30 W, 1410 MHz, 1512 MHz, 0 %, 69503 MiB
2026/09/14 11:05:06.695, 0, 62, 83.89 W, 1410 MHz, 1512 MHz, 0 %, 79153 MiB
2026/09/14 11:05:06.695, 1, 59, 82.23 W, 1410 MHz, 1512 MHz, 0 %, 69503 MiB
2026/09/14 11:05:11.696, 0, 62, 83.89 W, 1410 MHz, 1512 MHz, 0 %, 79153 MiB
2026/09/14 11:05:11.696, 1, 59, 82.42 W, 1410 MHz, 1512 MHz, 0 %, 69499 MiB
2026/09/14 11:05:16.696, 0, 61, 84.29 W, 1410 MHz, 1512 MHz, 0 %, 79153 MiB
2026/09/14 11:05:16.696, 1, 61, 85.14 W, 1410 MHz, 1512 MHz, 65 %, 69427 MiB
2026/09/14 11:05:21.697, 0, 61, 83.41 W, 1410 MHz, 1512 MHz, 0 %, 79153 MiB
2026/09/14 11:05:21.697, 1, 60, 198.14 W, 1410 MHz, 1512 MHz, 0 %, 70397 MiB
2026/09/14 11:05:26.697, 0, 61, 83.41 W, 1410 MHz, 1512 MHz, 0 %, 79153 MiB
2026/09/14 11:05:26.697, 1, 60, 83.80 W, 1410 MHz, 1512 MHz, 0 %, 70397 MiB
2026/09/14 11:05:31.698, 0, 61, 83.51 W, 1410 MHz, 1512 MHz, 0 %, 79153 MiB
2026/09/14 11:05:31.698, 1, 60, 83.61 W, 1410 MHz, 1512 MHz, 0 %, 70397 MiB
2026/09/14 11:05:36.698, 0, 61, 83.61 W, 1410 MHz, 1512 MHz, 0 %, 79153 MiB
2026/09/14 11:05:36.698, 1, 59, 84.17 W, 1410 MHz, 1512 MHz, 0 %, 76897 MiB
2026/09/14 11:05:41.699, 0, 61, 83.32 W, 1410 MHz, 1512 MHz, 0 %, 79153 MiB
2026/09/14 11:05:41.699, 1, 59, 83.49 W, 1410 MHz, 1512 MHz, 0 %, 77001 MiB
2026/09/14 11:05:46.699, 0, 61, 83.61 W, 1410 MHz, 1512 MHz, 0 %, 79153 MiB
2026/09/14 11:05:46.700, 1, 59, 93.96 W, 1410 MHz, 1512 MHz, 8 %, 77117 MiB
2026/09/14 11:05:51.700, 0, 61, 84.39 W, 1410 MHz, 1512 MHz, 0 %, 79153 MiB
2026/09/14 11:05:51.700, 1, 59, 112.32 W, 1410 MHz, 1512 MHz, 1 %, 77131 MiB
2026/09/14 11:05:56.701, 0, 61, 83.70 W, 1410 MHz, 1512 MHz, 0 %, 79153 MiB
2026/09/14 11:05:56.701, 1, 61, 83.32 W, 1410 MHz, 1512 MHz, 0 %, 77149 MiB
2026/09/14 11:06:01.701, 0, 61, 83.49 W, 1410 MHz, 1512 MHz, 0 %, 79153 MiB
2026/09/14 11:06:01.702, 1, 67, 289.80 W, 1335 MHz, 1512 MHz, 100 %, 77573 MiB
2026/09/14 11:06:06.702, 0, 61, 83.78 W, 1410 MHz, 1512 MHz, 0 %, 79153 MiB
2026/09/14 11:06:06.702, 1, 69, 291.93 W, 1305 MHz, 1512 MHz, 100 %, 77573 MiB
2026/09/14 11:06:11.702, 0, 61, 84.46 W, 1410 MHz, 1512 MHz, 0 %, 79153 MiB
2026/09/14 11:06:11.703, 1, 70, 303.12 W, 1350 MHz, 1512 MHz, 48 %, 77585 MiB
2026/09/14 11:06:16.703, 0, 61, 83.32 W, 1410 MHz, 1512 MHz, 0 %, 79153 MiB
2026/09/14 11:06:16.703, 1, 65, 89.25 W, 1410 MHz, 1512 MHz, 0 %, 77585 MiB
2026/09/14 11:06:21.704, 0, 60, 82.93 W, 1410 MHz, 1512 MHz, 0 %, 79153 MiB
2026/09/14 11:06:21.704, 1, 64, 88.17 W, 1410 MHz, 1512 MHz, 0 %, 77585 MiB
2026/09/14 11:06:26.704, 0, 60, 82.62 W, 1410 MHz, 1512 MHz, 0 %, 79153 MiB
2026/09/14 11:06:26.704, 1, 63, 86.60 W, 1410 MHz, 1512 MHz, 0 %, 77585 MiB
2026/09/14 11:06:31.705, 0, 59, 81.74 W, 1410 MHz, 1512 MHz, 0 %, 79153 MiB
2026/09/14 11:06:31.705, 1, 62, 86.02 W, 1410 MHz, 1512 MHz, 0 %, 77585 MiB
2026/09/14 11:06:36.705, 0, 59, 81.17 W, 1410 MHz, 1512 MHz, 0 %, 79153 MiB
2026/09/14 11:06:36.706, 1, 61, 84.47 W, 1410 MHz, 1512 MHz, 0 %, 77585 MiB
2026/09/14 11:06:41.706, 0, 59, 81.17 W, 1410 MHz, 1512 MHz, 0 %, 79153 MiB
2026/09/14 11:06:41.706, 1, 61, 84.64 W, 1410 MHz, 1512 MHz, 0 %, 77585 MiB
2026/09/14 11:06:46.707, 0, 59, 80.88 W, 1410 MHz, 1512 MHz, 0 %, 79153 MiB
2026/09/14 11:06:46.707, 1, 60, 83.51 W, 1410 MHz, 1512 MHz, 0 %, 70089 MiB
2026/09/14 11:06:51.707, 0, 59, 81.17 W, 1410 MHz, 1512 MHz, 0 %, 79153 MiB
2026/09/14 11:06:51.707, 1, 60, 83.90 W, 1410 MHz, 1512 MHz, 100 %, 425 MiB
2026/09/14 11:06:56.708, 0, 59, 80.99 W, 1410 MHz, 1512 MHz, 0 %, 79153 MiB
2026/09/14 11:06:56.708, 1, 59, 53.72 W, 210 MHz, 1512 MHz, 0 %, 0 MiB
2026/09/14 11:07:01.708, 0, 59, 81.28 W, 1410 MHz, 1512 MHz, 0 %, 79153 MiB
2026/09/14 11:07:01.709, 1, 58, 53.53 W, 210 MHz, 1512 MHz, 0 %, 4 MiB
2026/09/14 11:07:06.709, 0, 59, 81.27 W, 1410 MHz, 1512 MHz, 0 %, 79153 MiB
2026/09/14 11:07:06.709, 1, 58, 53.23 W, 210 MHz, 1512 MHz, 0 %, 4 MiB
2026/09/14 11:07:11.710, 0, 59, 81.68 W, 1410 MHz, 1512 MHz, 0 %, 79153 MiB
2026/09/14 11:07:11.710, 1, 57, 53.43 W, 210 MHz, 1512 MHz, 0 %, 4 MiB
2026/09/14 11:07:16.710, 0, 59, 81.67 W, 1410 MHz, 1512 MHz, 0 %, 79153 MiB
2026/09/14 11:07:16.710, 1, 58, 80.28 W, 1410 MHz, 1512 MHz, 0 %, 34371 MiB
2026/09/14 11:07:21.711, 0, 59, 81.64 W, 1410 MHz, 1512 MHz, 0 %, 79153 MiB
2026/09/14 11:07:21.711, 1, 58, 80.47 W, 1410 MHz, 1512 MHz, 17 %, 67357 MiB
2026/09/14 11:07:26.711, 0, 59, 82.43 W, 1410 MHz, 1512 MHz, 0 %, 79153 MiB
2026/09/14 11:07:26.711, 1, 57, 80.57 W, 1410 MHz, 1512 MHz, 9 %, 67357 MiB
2026/09/14 11:07:31.712, 0, 59, 81.87 W, 1410 MHz, 1512 MHz, 0 %, 79153 MiB
2026/09/14 11:07:31.712, 1, 57, 80.86 W, 1410 MHz, 1512 MHz, 14 %, 67357 MiB
2026/09/14 11:07:36.712, 0, 59, 81.38 W, 1410 MHz, 1512 MHz, 0 %, 79153 MiB
2026/09/14 11:07:36.712, 1, 57, 79.77 W, 1410 MHz, 1512 MHz, 0 %, 68433 MiB
2026/09/14 11:07:41.713, 0, 59, 81.27 W, 1410 MHz, 1512 MHz, 0 %, 79153 MiB
2026/09/14 11:07:41.713, 1, 57, 79.77 W, 1410 MHz, 1512 MHz, 0 %, 68433 MiB
2026/09/14 11:07:46.713, 0, 60, 183.10 W, 1410 MHz, 1512 MHz, 38 %, 79157 MiB
2026/09/14 11:07:46.714, 1, 57, 79.67 W, 1410 MHz, 1512 MHz, 0 %, 69477 MiB
2026/09/14 11:07:51.714, 0, 61, 81.34 W, 1410 MHz, 1512 MHz, 39 %, 79157 MiB
2026/09/14 11:07:51.714, 1, 57, 80.06 W, 1410 MHz, 1512 MHz, 0 %, 69477 MiB
2026/09/14 11:07:56.715, 0, 66, 319.20 W, 1380 MHz, 1512 MHz, 100 %, 79161 MiB
2026/09/14 11:07:56.715, 1, 57, 79.98 W, 1410 MHz, 1512 MHz, 0 %, 69477 MiB
2026/09/14 11:08:01.715, 0, 67, 283.56 W, 1395 MHz, 1512 MHz, 100 %, 79161 MiB
2026/09/14 11:08:01.715, 1, 57, 79.96 W, 1410 MHz, 1512 MHz, 0 %, 69479 MiB
2026/09/14 11:08:06.716, 0, 69, 325.95 W, 1350 MHz, 1512 MHz, 100 %, 79161 MiB
2026/09/14 11:08:06.716, 1, 57, 79.36 W, 1410 MHz, 1512 MHz, 0 %, 69479 MiB
2026/09/14 11:08:11.717, 0, 70, 310.68 W, 1350 MHz, 1512 MHz, 93 %, 79161 MiB
2026/09/14 11:08:11.717, 1, 56, 78.58 W, 1410 MHz, 1512 MHz, 0 %, 69497 MiB
2026/09/14 11:08:16.717, 0, 71, 226.91 W, 1395 MHz, 1512 MHz, 100 %, 79161 MiB
2026/09/14 11:08:16.717, 1, 56, 78.46 W, 1410 MHz, 1512 MHz, 52 %, 69499 MiB
2026/09/14 11:08:21.718, 0, 71, 283.86 W, 1395 MHz, 1512 MHz, 100 %, 79583 MiB
2026/09/14 11:08:21.718, 1, 56, 77.97 W, 1410 MHz, 1512 MHz, 17 %, 69499 MiB
2026/09/14 11:08:26.718, 0, 72, 247.18 W, 1395 MHz, 1512 MHz, 100 %, 79583 MiB
2026/09/14 11:08:26.719, 1, 55, 194.21 W, 1410 MHz, 1512 MHz, 10 %, 69499 MiB
2026/09/14 11:08:31.719, 0, 73, 222.33 W, 1365 MHz, 1512 MHz, 100 %, 79583 MiB
2026/09/14 11:08:31.719, 1, 54, 77.00 W, 1410 MHz, 1512 MHz, 0 %, 69499 MiB
2026/09/14 11:08:36.720, 0, 73, 299.78 W, 1395 MHz, 1512 MHz, 100 %, 79583 MiB
2026/09/14 11:08:36.720, 1, 54, 77.19 W, 1410 MHz, 1512 MHz, 53 %, 69499 MiB
2026/09/14 11:08:41.720, 0, 73, 247.59 W, 1395 MHz, 1512 MHz, 100 %, 79583 MiB
2026/09/14 11:08:41.721, 1, 53, 77.51 W, 1410 MHz, 1512 MHz, 17 %, 69499 MiB
2026/09/14 11:08:46.721, 0, 74, 226.72 W, 1380 MHz, 1512 MHz, 100 %, 79583 MiB
2026/09/14 11:08:46.721, 1, 53, 76.61 W, 1410 MHz, 1512 MHz, 0 %, 69501 MiB
2026/09/14 11:08:51.722, 0, 74, 319.57 W, 1350 MHz, 1512 MHz, 94 %, 79583 MiB
2026/09/14 11:08:51.722, 1, 52, 74.86 W, 1410 MHz, 1512 MHz, 0 %, 69501 MiB
2026/09/14 11:08:56.722, 0, 74, 252.46 W, 1395 MHz, 1512 MHz, 100 %, 79583 MiB
2026/09/14 11:08:56.723, 1, 52, 74.87 W, 1410 MHz, 1512 MHz, 0 %, 69501 MiB
2026/09/14 11:09:01.723, 0, 74, 198.47 W, 1395 MHz, 1512 MHz, 100 %, 79583 MiB
2026/09/14 11:09:01.723, 1, 52, 74.95 W, 1410 MHz, 1512 MHz, 0 %, 69501 MiB
2026/09/14 11:09:06.724, 0, 71, 96.93 W, 1410 MHz, 1512 MHz, 0 %, 79595 MiB
2026/09/14 11:09:06.724, 1, 51, 74.47 W, 1410 MHz, 1512 MHz, 14 %, 69501 MiB
2026/09/14 11:09:11.724, 0, 69, 92.28 W, 1410 MHz, 1512 MHz, 0 %, 79595 MiB
2026/09/14 11:09:11.724, 1, 51, 73.51 W, 1410 MHz, 1512 MHz, 0 %, 69501 MiB
2026/09/14 11:09:16.725, 0, 67, 90.44 W, 1410 MHz, 1512 MHz, 0 %, 79595 MiB
2026/09/14 11:09:16.725, 1, 51, 77.42 W, 1410 MHz, 1512 MHz, 0 %, 69503 MiB
2026/09/14 11:09:21.726, 0, 66, 89.06 W, 1410 MHz, 1512 MHz, 0 %, 79595 MiB
2026/09/14 11:09:21.726, 1, 50, 73.40 W, 1410 MHz, 1512 MHz, 0 %, 69503 MiB
2026/09/14 11:09:26.726, 0, 64, 88.19 W, 1410 MHz, 1512 MHz, 0 %, 79595 MiB
2026/09/14 11:09:26.726, 1, 50, 73.12 W, 1410 MHz, 1512 MHz, 0 %, 69503 MiB
2026/09/14 11:09:31.727, 0, 64, 87.05 W, 1410 MHz, 1512 MHz, 0 %, 71141 MiB
2026/09/14 11:09:31.727, 1, 50, 73.02 W, 1410 MHz, 1512 MHz, 0 %, 69503 MiB
2026/09/14 11:09:36.727, 0, 63, 86.15 W, 1410 MHz, 1512 MHz, 20 %, 0 MiB
2026/09/14 11:09:36.728, 1, 52, 187.33 W, 1410 MHz, 1512 MHz, 65 %, 69427 MiB
2026/09/14 11:09:41.728, 0, 61, 55.79 W, 210 MHz, 1512 MHz, 0 %, 0 MiB
2026/09/14 11:09:41.728, 1, 51, 73.82 W, 1410 MHz, 1512 MHz, 27 %, 70397 MiB
2026/09/14 11:09:46.728, 0, 60, 55.21 W, 210 MHz, 1512 MHz, 0 %, 4 MiB
2026/09/14 11:09:46.729, 1, 51, 73.82 W, 1410 MHz, 1512 MHz, 33 %, 70397 MiB
2026/09/14 11:09:51.729, 0, 60, 54.72 W, 210 MHz, 1512 MHz, 0 %, 4 MiB
2026/09/14 11:09:51.729, 1, 50, 74.31 W, 1410 MHz, 1512 MHz, 0 %, 70397 MiB
2026/09/14 11:09:56.730, 0, 59, 54.51 W, 210 MHz, 1512 MHz, 0 %, 4 MiB
2026/09/14 11:09:56.730, 1, 51, 73.73 W, 1410 MHz, 1512 MHz, 0 %, 76897 MiB
2026/09/14 11:10:01.730, 0, 60, 83.13 W, 1410 MHz, 1512 MHz, 17 %, 67357 MiB
2026/09/14 11:10:01.730, 1, 51, 74.40 W, 1410 MHz, 1512 MHz, 11 %, 77017 MiB
2026/09/14 11:10:06.731, 0, 60, 82.62 W, 1410 MHz, 1512 MHz, 8 %, 67357 MiB
2026/09/14 11:10:06.731, 1, 51, 75.26 W, 1410 MHz, 1512 MHz, 0 %, 77125 MiB
2026/09/14 11:10:11.731, 0, 60, 82.06 W, 1410 MHz, 1512 MHz, 19 %, 67357 MiB
2026/09/14 11:10:11.731, 1, 51, 74.69 W, 1410 MHz, 1512 MHz, 24 %, 77149 MiB
2026/09/14 11:10:16.732, 0, 60, 83.24 W, 1410 MHz, 1512 MHz, 20 %, 67357 MiB
2026/09/14 11:10:16.732, 1, 58, 277.41 W, 1350 MHz, 1512 MHz, 100 %, 77151 MiB
2026/09/14 11:10:21.732, 0, 60, 82.53 W, 1410 MHz, 1512 MHz, 0 %, 68433 MiB
2026/09/14 11:10:21.733, 1, 60, 306.69 W, 1350 MHz, 1512 MHz, 99 %, 77153 MiB
2026/09/14 11:10:26.733, 0, 60, 82.53 W, 1410 MHz, 1512 MHz, 0 %, 68433 MiB
2026/09/14 11:10:26.734, 1, 62, 312.87 W, 1335 MHz, 1512 MHz, 99 %, 77575 MiB
2026/09/14 11:10:31.734, 0, 60, 82.53 W, 1410 MHz, 1512 MHz, 0 %, 69477 MiB
2026/09/14 11:10:31.734, 1, 64, 299.07 W, 1320 MHz, 1512 MHz, 100 %, 77575 MiB
2026/09/14 11:10:36.735, 0, 61, 83.39 W, 1410 MHz, 1512 MHz, 0 %, 69477 MiB
2026/09/14 11:10:36.735, 1, 66, 303.13 W, 1320 MHz, 1512 MHz, 100 %, 77575 MiB
2026/09/14 11:10:41.736, 0, 60, 82.53 W, 1410 MHz, 1512 MHz, 0 %, 69477 MiB
2026/09/14 11:10:41.736, 1, 68, 299.54 W, 1335 MHz, 1512 MHz, 100 %, 77587 MiB
2026/09/14 11:10:46.736, 0, 60, 82.72 W, 1410 MHz, 1512 MHz, 0 %, 69479 MiB
2026/09/14 11:10:46.737, 1, 65, 89.06 W, 1410 MHz, 1512 MHz, 0 %, 77587 MiB
2026/09/14 11:10:51.737, 0, 60, 82.24 W, 1410 MHz, 1512 MHz, 0 %, 69479 MiB
2026/09/14 11:10:51.737, 1, 64, 87.69 W, 1410 MHz, 1512 MHz, 0 %, 77587 MiB
2026/09/14 11:10:56.738, 0, 60, 82.63 W, 1410 MHz, 1512 MHz, 39 %, 69497 MiB
2026/09/14 11:10:56.738, 1, 63, 86.71 W, 1410 MHz, 1512 MHz, 0 %, 77587 MiB
2026/09/14 11:11:01.738, 0, 60, 83.70 W, 1410 MHz, 1512 MHz, 52 %, 69499 MiB
2026/09/14 11:11:01.739, 1, 62, 84.98 W, 1410 MHz, 1512 MHz, 0 %, 77587 MiB
2026/09/14 11:11:06.740, 0, 60, 81.86 W, 1410 MHz, 1512 MHz, 0 %, 69499 MiB
2026/09/14 11:11:06.740, 1, 61, 85.20 W, 1410 MHz, 1512 MHz, 0 %, 77587 MiB
2026/09/14 11:11:11.740, 0, 60, 82.24 W, 1410 MHz, 1512 MHz, 27 %, 69499 MiB
2026/09/14 11:11:11.741, 1, 61, 84.30 W, 1410 MHz, 1512 MHz, 0 %, 77587 MiB
2026/09/14 11:11:16.741, 0, 60, 82.37 W, 1410 MHz, 1512 MHz, 53 %, 69499 MiB
2026/09/14 11:11:16.741, 1, 60, 83.71 W, 1410 MHz, 1512 MHz, 0 %, 77587 MiB
2026/09/14 11:11:21.741, 0, 60, 82.62 W, 1410 MHz, 1512 MHz, 52 %, 69499 MiB
2026/09/14 11:11:21.742, 1, 60, 84.37 W, 1410 MHz, 1512 MHz, 0 %, 77587 MiB
2026/09/14 11:11:26.742, 0, 61, 83.01 W, 1410 MHz, 1512 MHz, 52 %, 69501 MiB
2026/09/14 11:11:26.742, 1, 60, 85.83 W, 1410 MHz, 1512 MHz, 0 %, 77587 MiB
2026/09/14 11:11:31.743, 0, 61, 83.42 W, 1410 MHz, 1512 MHz, 0 %, 69501 MiB
2026/09/14 11:11:31.743, 1, 60, 82.63 W, 1410 MHz, 1512 MHz, 0 %, 77587 MiB
2026/09/14 11:11:36.743, 0, 61, 83.22 W, 1410 MHz, 1512 MHz, 19 %, 69501 MiB
2026/09/14 11:11:36.744, 1, 60, 83.61 W, 1410 MHz, 1512 MHz, 0 %, 77587 MiB
2026/09/14 11:11:41.744, 0, 61, 83.22 W, 1410 MHz, 1512 MHz, 0 %, 69501 MiB
2026/09/14 11:11:41.745, 1, 60, 83.32 W, 1410 MHz, 1512 MHz, 0 %, 77587 MiB
2026/09/14 11:11:46.745, 0, 61, 83.90 W, 1410 MHz, 1512 MHz, 52 %, 69501 MiB
2026/09/14 11:11:46.745, 1, 60, 82.63 W, 1410 MHz, 1512 MHz, 0 %, 70107 MiB
2026/09/14 11:11:51.746, 0, 61, 84.18 W, 1410 MHz, 1512 MHz, 52 %, 69501 MiB
2026/09/14 11:11:51.747, 1, 59, 83.22 W, 1410 MHz, 1512 MHz, 0 %, 0 MiB
2026/09/14 11:11:56.747, 0, 61, 84.00 W, 1410 MHz, 1512 MHz, 0 %, 69501 MiB
2026/09/14 11:11:56.748, 1, 58, 53.74 W, 210 MHz, 1512 MHz, 0 %, 0 MiB
2026/09/14 11:12:01.748, 0, 63, 205.62 W, 1410 MHz, 1512 MHz, 0 %, 69503 MiB
2026/09/14 11:12:01.748, 1, 58, 53.53 W, 210 MHz, 1512 MHz, 0 %, 4 MiB
2026/09/14 11:12:06.749, 0, 62, 83.61 W, 1410 MHz, 1512 MHz, 0 %, 69503 MiB
2026/09/14 11:12:06.749, 1, 57, 53.63 W, 210 MHz, 1512 MHz, 0 %, 4 MiB
2026/09/14 11:12:11.749, 0, 62, 203.56 W, 1410 MHz, 1512 MHz, 27 %, 69503 MiB
2026/09/14 11:12:11.749, 1, 57, 53.24 W, 210 MHz, 1512 MHz, 0 %, 4 MiB
2026/09/14 11:12:16.750, 0, 62, 83.89 W, 1410 MHz, 1512 MHz, 0 %, 69499 MiB
2026/09/14 11:12:16.750, 1, 58, 81.05 W, 1410 MHz, 1512 MHz, 17 %, 67357 MiB
2026/09/14 11:12:21.750, 0, 63, 85.77 W, 1410 MHz, 1512 MHz, 0 %, 69427 MiB
2026/09/14 11:12:21.751, 1, 58, 80.96 W, 1410 MHz, 1512 MHz, 19 %, 67357 MiB
2026/09/14 11:12:26.751, 0, 63, 86.25 W, 1410 MHz, 1512 MHz, 0 %, 70397 MiB
2026/09/14 11:12:26.751, 1, 58, 81.36 W, 1410 MHz, 1512 MHz, 19 %, 67357 MiB
2026/09/14 11:12:31.752, 0, 63, 85.87 W, 1410 MHz, 1512 MHz, 0 %, 70399 MiB
2026/09/14 11:12:31.752, 1, 58, 80.67 W, 1410 MHz, 1512 MHz, 14 %, 67357 MiB
2026/09/14 11:12:36.752, 0, 63, 119.36 W, 1410 MHz, 1512 MHz, 0 %, 77005 MiB
2026/09/14 11:12:36.753, 1, 58, 80.59 W, 1410 MHz, 1512 MHz, 0 %, 68433 MiB
2026/09/14 11:12:41.753, 0, 63, 86.17 W, 1410 MHz, 1512 MHz, 0 %, 77091 MiB
2026/09/14 11:12:41.753, 1, 58, 80.56 W, 1410 MHz, 1512 MHz, 17 %, 69477 MiB
2026/09/14 11:12:46.754, 0, 63, 86.70 W, 1410 MHz, 1512 MHz, 10 %, 77101 MiB
2026/09/14 11:12:46.754, 1, 59, 239.22 W, 1410 MHz, 1512 MHz, 0 %, 69477 MiB
2026/09/14 11:12:51.754, 0, 67, 290.94 W, 1380 MHz, 1512 MHz, 1 %, 77105 MiB
2026/09/14 11:12:51.754, 1, 58, 81.15 W, 1410 MHz, 1512 MHz, 0 %, 69477 MiB
2026/09/14 11:12:56.755, 0, 71, 297.77 W, 1350 MHz, 1512 MHz, 100 %, 77105 MiB
2026/09/14 11:12:56.755, 1, 58, 80.34 W, 1410 MHz, 1512 MHz, 0 %, 69477 MiB
2026/09/14 11:13:01.755, 0, 72, 290.82 W, 1335 MHz, 1512 MHz, 100 %, 77105 MiB
2026/09/14 11:13:01.756, 1, 57, 79.76 W, 1410 MHz, 1512 MHz, 0 %, 69479 MiB
2026/09/14 11:13:06.756, 0, 74, 297.73 W, 1335 MHz, 1512 MHz, 100 %, 77105 MiB
2026/09/14 11:13:06.756, 1, 57, 79.65 W, 1410 MHz, 1512 MHz, 0 %, 69479 MiB
2026/09/14 11:13:11.757, 0, 75, 308.55 W, 1350 MHz, 1512 MHz, 100 %, 77105 MiB
2026/09/14 11:13:11.757, 1, 57, 79.88 W, 1410 MHz, 1512 MHz, 52 %, 69499 MiB
2026/09/14 11:13:16.757, 0, 76, 300.51 W, 1335 MHz, 1512 MHz, 100 %, 77541 MiB
2026/09/14 11:13:16.758, 1, 57, 80.22 W, 1410 MHz, 1512 MHz, 26 %, 69499 MiB
2026/09/14 11:13:21.758, 0, 77, 300.12 W, 1305 MHz, 1512 MHz, 100 %, 77541 MiB
2026/09/14 11:13:21.758, 1, 56, 102.47 W, 1410 MHz, 1512 MHz, 0 %, 69499 MiB
2026/09/14 11:13:26.758, 0, 78, 308.10 W, 1335 MHz, 1512 MHz, 100 %, 77541 MiB
2026/09/14 11:13:26.759, 1, 55, 78.69 W, 1410 MHz, 1512 MHz, 0 %, 69499 MiB
2026/09/14 11:13:31.759, 0, 78, 286.73 W, 1335 MHz, 1512 MHz, 100 %, 77541 MiB
2026/09/14 11:13:31.760, 1, 55, 103.12 W, 1410 MHz, 1512 MHz, 0 %, 69499 MiB
2026/09/14 11:13:36.760, 0, 79, 304.55 W, 1320 MHz, 1512 MHz, 100 %, 77541 MiB
2026/09/14 11:13:36.760, 1, 55, 82.38 W, 1410 MHz, 1512 MHz, 0 %, 69499 MiB
2026/09/14 11:13:41.761, 0, 79, 302.99 W, 1335 MHz, 1512 MHz, 100 %, 77541 MiB
2026/09/14 11:13:41.761, 1, 54, 76.43 W, 1410 MHz, 1512 MHz, 0 %, 69501 MiB
2026/09/14 11:13:46.761, 0, 79, 303.57 W, 1320 MHz, 1512 MHz, 100 %, 77541 MiB
2026/09/14 11:13:46.762, 1, 53, 75.83 W, 1410 MHz, 1512 MHz, 0 %, 69501 MiB
2026/09/14 11:13:51.762, 0, 79, 306.74 W, 1305 MHz, 1512 MHz, 96 %, 77541 MiB
2026/09/14 11:13:51.762, 1, 53, 76.33 W, 1410 MHz, 1512 MHz, 0 %, 69501 MiB
2026/09/14 11:13:56.763, 0, 79, 304.82 W, 1335 MHz, 1512 MHz, 100 %, 77553 MiB
2026/09/14 11:13:56.763, 1, 52, 75.21 W, 1410 MHz, 1512 MHz, 0 %, 69501 MiB
2026/09/14 11:14:01.763, 0, 72, 98.20 W, 1410 MHz, 1512 MHz, 0 %, 77553 MiB
2026/09/14 11:14:01.764, 1, 52, 192.22 W, 1410 MHz, 1512 MHz, 0 %, 69501 MiB
2026/09/14 11:14:06.764, 0, 69, 94.43 W, 1410 MHz, 1512 MHz, 0 %, 77553 MiB
2026/09/14 11:14:06.764, 1, 51, 189.37 W, 1410 MHz, 1512 MHz, 0 %, 69501 MiB
2026/09/14 11:14:11.765, 0, 67, 91.03 W, 1410 MHz, 1512 MHz, 0 %, 77553 MiB
2026/09/14 11:14:11.765, 1, 50, 74.58 W, 1410 MHz, 1512 MHz, 0 %, 69501 MiB
2026/09/14 11:14:16.765, 0, 65, 88.77 W, 1410 MHz, 1512 MHz, 0 %, 77553 MiB
2026/09/14 11:14:16.766, 1, 49, 73.70 W, 1410 MHz, 1512 MHz, 0 %, 69503 MiB
2026/09/14 11:14:21.766, 0, 63, 86.25 W, 1410 MHz, 1512 MHz, 0 %, 77553 MiB
2026/09/14 11:14:21.766, 1, 49, 73.40 W, 1410 MHz, 1512 MHz, 0 %, 69503 MiB
2026/09/14 11:14:26.767, 0, 62, 85.48 W, 1410 MHz, 1512 MHz, 0 %, 77553 MiB
2026/09/14 11:14:26.767, 1, 48, 73.60 W, 1410 MHz, 1512 MHz, 0 %, 69503 MiB
2026/09/14 11:14:31.767, 0, 60, 83.52 W, 1410 MHz, 1512 MHz, 0 %, 77553 MiB
2026/09/14 11:14:31.768, 1, 48, 73.59 W, 1410 MHz, 1512 MHz, 0 %, 69497 MiB
2026/09/14 11:14:36.768, 0, 59, 81.67 W, 1410 MHz, 1512 MHz, 0 %, 77553 MiB
2026/09/14 11:14:36.768, 1, 49, 73.41 W, 1410 MHz, 1512 MHz, 1 %, 70397 MiB
2026/09/14 11:14:41.769, 0, 58, 80.88 W, 1410 MHz, 1512 MHz, 0 %, 70689 MiB
2026/09/14 11:14:41.769, 1, 48, 73.01 W, 1410 MHz, 1512 MHz, 0 %, 70397 MiB
2026/09/14 11:14:46.770, 0, 58, 88.27 W, 1410 MHz, 1512 MHz, 100 %, 0 MiB
2026/09/14 11:14:46.770, 1, 48, 72.53 W, 1410 MHz, 1512 MHz, 0 %, 70397 MiB
2026/09/14 11:14:51.770, 0, 56, 52.67 W, 210 MHz, 1512 MHz, 0 %, 0 MiB
2026/09/14 11:14:51.771, 1, 48, 72.56 W, 1410 MHz, 1512 MHz, 3 %, 70397 MiB
2026/09/14 11:14:56.771, 0, 56, 52.25 W, 210 MHz, 1512 MHz, 0 %, 0 MiB
2026/09/14 11:14:56.772, 1, 48, 72.27 W, 1410 MHz, 1512 MHz, 0 %, 76897 MiB
2026/09/14 11:15:01.772, 0, 55, 51.96 W, 210 MHz, 1512 MHz, 0 %, 0 MiB
2026/09/14 11:15:01.772, 1, 48, 72.46 W, 1410 MHz, 1512 MHz, 0 %, 77065 MiB
2026/09/14 11:15:06.773, 0, 54, 52.06 W, 210 MHz, 1512 MHz, 0 %, 0 MiB
2026/09/14 11:15:06.773, 1, 48, 72.36 W, 1410 MHz, 1512 MHz, 0 %, 77085 MiB
2026/09/14 11:15:11.773, 0, 54, 51.77 W, 210 MHz, 1512 MHz, 0 %, 0 MiB
2026/09/14 11:15:11.774, 1, 48, 72.27 W, 1410 MHz, 1512 MHz, 0 %, 77085 MiB
2026/09/14 11:15:16.774, 0, 54, 51.38 W, 210 MHz, 1512 MHz, 0 %, 0 MiB
2026/09/14 11:15:16.774, 1, 48, 72.46 W, 1410 MHz, 1512 MHz, 0 %, 77085 MiB
2026/09/14 11:15:21.776, 0, 53, 51.48 W, 210 MHz, 1512 MHz, 0 %, 0 MiB
2026/09/14 11:15:21.776, 1, 48, 72.46 W, 1410 MHz, 1512 MHz, 0 %, 77085 MiB
2026/09/14 11:15:26.777, 0, 53, 50.69 W, 210 MHz, 1512 MHz, 0 %, 0 MiB
2026/09/14 11:15:26.777, 1, 48, 73.65 W, 1410 MHz, 1512 MHz, 0 %, 77085 MiB
2026/09/14 11:15:31.777, 0, 53, 50.98 W, 210 MHz, 1512 MHz, 0 %, 0 MiB
2026/09/14 11:15:31.777, 1, 48, 73.06 W, 1410 MHz, 1512 MHz, 0 %, 77409 MiB
2026/09/14 11:15:36.778, 0, 53, 50.78 W, 210 MHz, 1512 MHz, 0 %, 0 MiB
2026/09/14 11:15:36.778, 1, 48, 73.06 W, 1410 MHz, 1512 MHz, 0 %, 77409 MiB
2026/09/14 11:15:41.778, 0, 53, 50.69 W, 210 MHz, 1512 MHz, 0 %, 0 MiB
2026/09/14 11:15:41.778, 1, 49, 73.35 W, 1410 MHz, 1512 MHz, 0 %, 77409 MiB
2026/09/14 11:15:46.779, 0, 53, 51.09 W, 210 MHz, 1512 MHz, 0 %, 0 MiB
2026/09/14 11:15:46.779, 1, 49, 73.94 W, 1410 MHz, 1512 MHz, 0 %, 77409 MiB
2026/09/14 11:15:51.779, 0, 53, 51.18 W, 210 MHz, 1512 MHz, 0 %, 0 MiB
2026/09/14 11:15:51.779, 1, 49, 73.65 W, 1410 MHz, 1512 MHz, 0 %, 77409 MiB
2026/09/14 11:15:56.780, 0, 53, 51.67 W, 300 MHz, 1512 MHz, 0 %, 0 MiB
2026/09/14 11:15:56.780, 1, 49, 73.94 W, 1410 MHz, 1512 MHz, 0 %, 77465 MiB
2026/09/14 11:16:01.781, 0, 53, 51.38 W, 210 MHz, 1512 MHz, 0 %, 0 MiB
2026/09/14 11:16:01.781, 1, 50, 73.54 W, 1410 MHz, 1512 MHz, 0 %, 77469 MiB
2026/09/14 11:16:06.781, 0, 53, 50.88 W, 210 MHz, 1512 MHz, 0 %, 0 MiB
2026/09/14 11:16:06.781, 1, 50, 73.75 W, 1410 MHz, 1512 MHz, 0 %, 77469 MiB
2026/09/14 11:16:11.782, 0, 53, 50.99 W, 210 MHz, 1512 MHz, 0 %, 0 MiB
2026/09/14 11:16:11.782, 1, 50, 73.75 W, 1410 MHz, 1512 MHz, 0 %, 77469 MiB
2026/09/14 11:16:16.782, 0, 53, 50.78 W, 210 MHz, 1512 MHz, 0 %, 0 MiB
2026/09/14 11:16:16.782, 1, 50, 74.11 W, 1410 MHz, 1512 MHz, 0 %, 77469 MiB
2026/09/14 11:16:21.783, 0, 53, 51.28 W, 210 MHz, 1512 MHz, 0 %, 0 MiB
2026/09/14 11:16:21.783, 1, 50, 74.90 W, 1410 MHz, 1512 MHz, 0 %, 77469 MiB
2026/09/14 11:16:26.783, 0, 53, 50.78 W, 210 MHz, 1512 MHz, 0 %, 0 MiB
2026/09/14 11:16:26.784, 1, 51, 74.40 W, 1410 MHz, 1512 MHz, 0 %, 77469 MiB
2026/09/14 11:16:31.784, 0, 53, 50.78 W, 210 MHz, 1512 MHz, 0 %, 0 MiB
2026/09/14 11:16:31.784, 1, 51, 74.40 W, 1410 MHz, 1512 MHz, 0 %, 77469 MiB
2026/09/14 11:16:36.784, 0, 53, 51.18 W, 210 MHz, 1512 MHz, 0 %, 0 MiB
2026/09/14 11:16:36.785, 1, 51, 74.71 W, 1410 MHz, 1512 MHz, 0 %, 77469 MiB
2026/09/14 11:16:41.785, 0, 53, 51.18 W, 210 MHz, 1512 MHz, 0 %, 0 MiB
2026/09/14 11:16:41.785, 1, 51, 75.58 W, 1410 MHz, 1512 MHz, 0 %, 77469 MiB
2026/09/14 11:16:46.786, 0, 53, 51.18 W, 210 MHz, 1512 MHz, 0 %, 0 MiB
2026/09/14 11:16:46.786, 1, 51, 75.12 W, 1410 MHz, 1512 MHz, 0 %, 77469 MiB
2026/09/14 11:16:51.786, 0, 53, 50.56 W, 210 MHz, 1512 MHz, 0 %, 0 MiB
2026/09/14 11:16:51.786, 1, 57, 296.73 W, 1395 MHz, 1512 MHz, 100 %, 77471 MiB
2026/09/14 11:16:56.787, 0, 53, 50.87 W, 210 MHz, 1512 MHz, 0 %, 0 MiB
2026/09/14 11:16:56.787, 1, 59, 291.25 W, 1380 MHz, 1512 MHz, 100 %, 77473 MiB
2026/09/14 11:17:01.787, 0, 53, 50.78 W, 210 MHz, 1512 MHz, 0 %, 0 MiB
2026/09/14 11:17:01.788, 1, 61, 290.07 W, 1380 MHz, 1512 MHz, 100 %, 77895 MiB
2026/09/14 11:17:06.788, 0, 53, 50.58 W, 210 MHz, 1512 MHz, 0 %, 0 MiB
2026/09/14 11:17:06.788, 1, 63, 283.69 W, 1365 MHz, 1512 MHz, 100 %, 77907 MiB
2026/09/14 11:17:11.789, 0, 52, 50.49 W, 210 MHz, 1512 MHz, 0 %, 0 MiB
2026/09/14 11:17:11.789, 1, 59, 81.45 W, 1410 MHz, 1512 MHz, 0 %, 77907 MiB
2026/09/14 11:17:16.789, 0, 52, 50.39 W, 210 MHz, 1512 MHz, 0 %, 0 MiB
2026/09/14 11:17:16.789, 1, 58, 80.00 W, 1410 MHz, 1512 MHz, 0 %, 77907 MiB
2026/09/14 11:17:21.789, 0, 52, 50.30 W, 210 MHz, 1512 MHz, 0 %, 0 MiB
2026/09/14 11:17:21.790, 1, 57, 79.50 W, 1410 MHz, 1512 MHz, 0 %, 77907 MiB
2026/09/14 11:17:26.790, 0, 51, 50.20 W, 210 MHz, 1512 MHz, 0 %, 0 MiB
2026/09/14 11:17:26.790, 1, 57, 79.79 W, 1410 MHz, 1512 MHz, 0 %, 77907 MiB
2026/09/14 11:17:31.790, 0, 51, 50.20 W, 210 MHz, 1512 MHz, 0 %, 0 MiB
2026/09/14 11:17:31.790, 1, 57, 79.01 W, 1410 MHz, 1512 MHz, 0 %, 70429 MiB
2026/09/14 11:17:36.791, 0, 51, 49.99 W, 210 MHz, 1512 MHz, 0 %, 0 MiB
2026/09/14 11:17:36.791, 1, 56, 52.66 W, 225 MHz, 1512 MHz, 0 %, 0 MiB
2026/09/14 11:17:41.791, 0, 51, 49.99 W, 210 MHz, 1512 MHz, 0 %, 0 MiB
2026/09/14 11:17:41.791, 1, 55, 52.27 W, 210 MHz, 1512 MHz, 0 %, 0 MiB
2026/09/14 11:17:46.792, 0, 51, 49.90 W, 210 MHz, 1512 MHz, 0 %, 0 MiB
2026/09/14 11:17:46.792, 1, 55, 52.08 W, 210 MHz, 1512 MHz, 0 %, 4 MiB
2026/09/14 11:17:51.792, 0, 51, 50.30 W, 210 MHz, 1512 MHz, 0 %, 0 MiB
2026/09/14 11:17:51.792, 1, 54, 51.98 W, 210 MHz, 1512 MHz, 0 %, 4 MiB
2026/09/14 11:17:56.793, 0, 51, 50.10 W, 210 MHz, 1512 MHz, 0 %, 0 MiB
2026/09/14 11:17:56.793, 1, 55, 79.03 W, 1410 MHz, 1512 MHz, 5 %, 27885 MiB
2026/09/14 11:18:01.793, 0, 51, 50.30 W, 210 MHz, 1512 MHz, 0 %, 0 MiB
2026/09/14 11:18:01.793, 1, 55, 79.50 W, 1410 MHz, 1512 MHz, 17 %, 67357 MiB
2026/09/14 11:18:06.794, 0, 51, 50.09 W, 210 MHz, 1512 MHz, 0 %, 0 MiB
2026/09/14 11:18:06.794, 1, 55, 77.53 W, 1410 MHz, 1512 MHz, 18 %, 67357 MiB
2026/09/14 11:18:11.794, 0, 51, 50.39 W, 210 MHz, 1512 MHz, 0 %, 0 MiB
2026/09/14 11:18:11.795, 1, 55, 78.64 W, 1410 MHz, 1512 MHz, 17 %, 67357 MiB
2026/09/14 11:18:16.795, 0, 51, 50.59 W, 210 MHz, 1512 MHz, 0 %, 0 MiB
2026/09/14 11:18:16.795, 1, 55, 77.63 W, 1410 MHz, 1512 MHz, 10 %, 68433 MiB
2026/09/14 11:18:21.795, 0, 51, 50.59 W, 210 MHz, 1512 MHz, 0 %, 0 MiB
2026/09/14 11:18:21.796, 1, 55, 78.13 W, 1410 MHz, 1512 MHz, 0 %, 68433 MiB
2026/09/14 11:18:26.796, 0, 52, 50.19 W, 210 MHz, 1512 MHz, 0 %, 0 MiB
2026/09/14 11:18:26.796, 1, 56, 78.03 W, 1410 MHz, 1512 MHz, 0 %, 69477 MiB
2026/09/14 11:18:31.797, 0, 52, 50.30 W, 210 MHz, 1512 MHz, 0 %, 0 MiB
2026/09/14 11:18:31.797, 1, 56, 78.13 W, 1410 MHz, 1512 MHz, 11 %, 69477 MiB
2026/09/14 11:18:36.797, 0, 52, 50.49 W, 210 MHz, 1512 MHz, 0 %, 0 MiB
2026/09/14 11:18:36.798, 1, 56, 78.23 W, 1410 MHz, 1512 MHz, 0 %, 69477 MiB
2026/09/14 11:18:41.798, 0, 52, 50.49 W, 210 MHz, 1512 MHz, 0 %, 0 MiB
2026/09/14 11:18:41.798, 1, 56, 78.53 W, 1410 MHz, 1512 MHz, 0 %, 69479 MiB
2026/09/14 11:18:46.799, 0, 52, 50.59 W, 210 MHz, 1512 MHz, 0 %, 0 MiB
2026/09/14 11:18:46.799, 1, 56, 78.63 W, 1410 MHz, 1512 MHz, 0 %, 69479 MiB
2026/09/14 11:18:51.799, 0, 52, 50.69 W, 210 MHz, 1512 MHz, 0 %, 0 MiB
2026/09/14 11:18:51.799, 1, 57, 79.51 W, 1410 MHz, 1512 MHz, 67 %, 69497 MiB
2026/09/14 11:18:56.800, 0, 52, 50.69 W, 210 MHz, 1512 MHz, 0 %, 0 MiB
2026/09/14 11:18:56.800, 1, 58, 89.91 W, 1410 MHz, 1512 MHz, 0 %, 69499 MiB
2026/09/14 11:19:01.800, 0, 52, 50.69 W, 210 MHz, 1512 MHz, 0 %, 0 MiB
2026/09/14 11:19:01.801, 1, 57, 79.70 W, 1410 MHz, 1512 MHz, 0 %, 69499 MiB
2026/09/14 11:19:06.801, 0, 52, 50.69 W, 210 MHz, 1512 MHz, 0 %, 0 MiB
2026/09/14 11:19:06.801, 1, 57, 80.00 W, 1410 MHz, 1512 MHz, 0 %, 69499 MiB
2026/09/14 11:19:11.802, 0, 52, 50.30 W, 210 MHz, 1512 MHz, 0 %, 0 MiB
2026/09/14 11:19:11.802, 1, 57, 79.90 W, 1410 MHz, 1512 MHz, 7 %, 69499 MiB
2026/09/14 11:19:16.802, 0, 52, 50.69 W, 210 MHz, 1512 MHz, 0 %, 0 MiB
2026/09/14 11:19:16.802, 1, 58, 80.20 W, 1410 MHz, 1512 MHz, 40 %, 69499 MiB
2026/09/14 11:19:21.803, 0, 52, 50.39 W, 210 MHz, 1512 MHz, 0 %, 0 MiB
2026/09/14 11:19:21.803, 1, 58, 80.47 W, 1410 MHz, 1512 MHz, 52 %, 69499 MiB
2026/09/14 11:19:26.803, 0, 52, 50.88 W, 210 MHz, 1512 MHz, 0 %, 0 MiB
2026/09/14 11:19:26.803, 1, 58, 80.37 W, 1410 MHz, 1512 MHz, 11 %, 69501 MiB
2026/09/14 11:19:31.804, 0, 52, 50.49 W, 210 MHz, 1512 MHz, 0 %, 0 MiB
2026/09/14 11:19:31.804, 1, 58, 80.10 W, 1410 MHz, 1512 MHz, 0 %, 69501 MiB
2026/09/14 11:19:36.804, 0, 52, 50.78 W, 210 MHz, 1512 MHz, 0 %, 0 MiB
2026/09/14 11:19:36.804, 1, 58, 80.58 W, 1410 MHz, 1512 MHz, 0 %, 69501 MiB
2026/09/14 11:19:41.805, 0, 52, 50.49 W, 210 MHz, 1512 MHz, 0 %, 0 MiB
2026/09/14 11:19:41.805, 1, 58, 80.60 W, 1410 MHz, 1512 MHz, 0 %, 69501 MiB
2026/09/14 11:19:46.805, 0, 52, 50.49 W, 210 MHz, 1512 MHz, 0 %, 0 MiB
2026/09/14 11:19:46.805, 1, 58, 80.77 W, 1410 MHz, 1512 MHz, 0 %, 69501 MiB
2026/09/14 11:19:51.806, 0, 52, 50.49 W, 210 MHz, 1512 MHz, 0 %, 0 MiB
2026/09/14 11:19:51.806, 1, 59, 81.46 W, 1410 MHz, 1512 MHz, 0 %, 69501 MiB
2026/09/14 11:19:56.806, 0, 52, 50.78 W, 210 MHz, 1512 MHz, 0 %, 0 MiB
2026/09/14 11:19:56.806, 1, 58, 80.86 W, 1410 MHz, 1512 MHz, 0 %, 69503 MiB
2026/09/14 11:20:01.807, 0, 52, 50.49 W, 210 MHz, 1512 MHz, 0 %, 0 MiB
2026/09/14 11:20:01.807, 1, 59, 80.96 W, 1410 MHz, 1512 MHz, 52 %, 69503 MiB
2026/09/14 11:20:06.807, 0, 52, 50.49 W, 210 MHz, 1512 MHz, 0 %, 0 MiB
2026/09/14 11:20:06.807, 1, 58, 81.07 W, 1410 MHz, 1512 MHz, 0 %, 69503 MiB
2026/09/14 11:20:11.808, 0, 52, 50.49 W, 210 MHz, 1512 MHz, 0 %, 0 MiB
2026/09/14 11:20:11.808, 1, 59, 81.46 W, 1410 MHz, 1512 MHz, 0 %, 69503 MiB
2026/09/14 11:20:16.809, 0, 52, 50.88 W, 210 MHz, 1512 MHz, 0 %, 0 MiB
2026/09/14 11:20:16.809, 1, 61, 199.77 W, 1410 MHz, 1512 MHz, 65 %, 69427 MiB
2026/09/14 11:20:21.809, 0, 52, 50.49 W, 210 MHz, 1512 MHz, 0 %, 0 MiB
2026/09/14 11:20:21.810, 1, 59, 81.16 W, 1410 MHz, 1512 MHz, 0 %, 70397 MiB
2026/09/14 11:20:26.810, 0, 52, 50.49 W, 210 MHz, 1512 MHz, 0 %, 0 MiB
2026/09/14 11:20:26.810, 1, 60, 82.84 W, 1410 MHz, 1512 MHz, 0 %, 70397 MiB
2026/09/14 11:20:31.811, 0, 52, 50.88 W, 210 MHz, 1512 MHz, 0 %, 0 MiB
2026/09/14 11:20:31.811, 1, 59, 81.27 W, 1410 MHz, 1512 MHz, 0 %, 70397 MiB
2026/09/14 11:20:36.811, 0, 52, 50.99 W, 210 MHz, 1512 MHz, 0 %, 0 MiB
2026/09/14 11:20:36.812, 1, 59, 81.16 W, 1410 MHz, 1512 MHz, 0 %, 76917 MiB
2026/09/14 11:20:41.812, 0, 52, 50.49 W, 210 MHz, 1512 MHz, 0 %, 0 MiB
2026/09/14 11:20:41.812, 1, 59, 81.26 W, 1410 MHz, 1512 MHz, 9 %, 77099 MiB
2026/09/14 11:20:46.813, 0, 52, 50.49 W, 210 MHz, 1512 MHz, 0 %, 0 MiB
2026/09/14 11:20:46.813, 1, 59, 81.56 W, 1410 MHz, 1512 MHz, 0 %, 77191 MiB
2026/09/14 11:20:51.813, 0, 52, 50.48 W, 210 MHz, 1512 MHz, 0 %, 0 MiB
2026/09/14 11:20:51.814, 1, 63, 294.52 W, 1380 MHz, 1512 MHz, 100 %, 77197 MiB
2026/09/14 11:20:56.814, 0, 52, 50.48 W, 210 MHz, 1512 MHz, 0 %, 0 MiB
2026/09/14 11:20:56.814, 1, 66, 297.70 W, 1365 MHz, 1512 MHz, 100 %, 77199 MiB
2026/09/14 11:21:01.815, 0, 52, 50.39 W, 210 MHz, 1512 MHz, 0 %, 0 MiB
2026/09/14 11:21:01.815, 1, 68, 308.70 W, 1365 MHz, 1512 MHz, 100 %, 77199 MiB
2026/09/14 11:21:06.816, 0, 52, 50.58 W, 210 MHz, 1512 MHz, 0 %, 0 MiB
2026/09/14 11:21:06.816, 1, 69, 298.28 W, 1350 MHz, 1512 MHz, 100 %, 77199 MiB
2026/09/14 11:21:11.816, 0, 51, 50.09 W, 210 MHz, 1512 MHz, 0 %, 0 MiB
2026/09/14 11:21:11.816, 1, 70, 298.77 W, 1365 MHz, 1512 MHz, 100 %, 77199 MiB
2026/09/14 11:21:16.817, 0, 51, 49.90 W, 210 MHz, 1512 MHz, 0 %, 0 MiB
2026/09/14 11:21:16.817, 1, 71, 300.13 W, 1350 MHz, 1512 MHz, 100 %, 77199 MiB
2026/09/14 11:21:21.817, 0, 50, 49.59 W, 210 MHz, 1512 MHz, 0 %, 0 MiB
2026/09/14 11:21:21.818, 1, 72, 294.91 W, 1350 MHz, 1512 MHz, 100 %, 77621 MiB
2026/09/14 11:21:26.818, 0, 50, 49.49 W, 210 MHz, 1512 MHz, 0 %, 0 MiB
2026/09/14 11:21:26.818, 1, 73, 301.26 W, 1350 MHz, 1512 MHz, 100 %, 77621 MiB
2026/09/14 11:21:31.819, 0, 49, 49.29 W, 210 MHz, 1512 MHz, 0 %, 0 MiB
2026/09/14 11:21:31.819, 1, 74, 305.62 W, 1350 MHz, 1512 MHz, 100 %, 77621 MiB
2026/09/14 11:21:36.819, 0, 49, 49.00 W, 210 MHz, 1512 MHz, 0 %, 0 MiB
2026/09/14 11:21:36.819, 1, 74, 292.34 W, 1335 MHz, 1512 MHz, 100 %, 77621 MiB
2026/09/14 11:21:41.820, 0, 49, 49.01 W, 210 MHz, 1512 MHz, 0 %, 0 MiB
2026/09/14 11:21:41.820, 1, 75, 293.95 W, 1335 MHz, 1512 MHz, 100 %, 77621 MiB
2026/09/14 11:21:46.820, 0, 48, 48.72 W, 210 MHz, 1512 MHz, 0 %, 0 MiB
2026/09/14 11:21:46.821, 1, 75, 293.50 W, 1335 MHz, 1512 MHz, 100 %, 77621 MiB
2026/09/14 11:21:51.821, 0, 48, 48.51 W, 210 MHz, 1512 MHz, 0 %, 0 MiB
2026/09/14 11:21:51.821, 1, 75, 297.83 W, 1335 MHz, 1512 MHz, 100 %, 77621 MiB
2026/09/14 11:21:56.822, 0, 47, 48.41 W, 210 MHz, 1512 MHz, 0 %, 0 MiB
2026/09/14 11:21:56.822, 1, 75, 294.93 W, 1320 MHz, 1512 MHz, 100 %, 77633 MiB
2026/09/14 11:22:01.822, 0, 47, 48.22 W, 210 MHz, 1512 MHz, 0 %, 0 MiB
2026/09/14 11:22:01.822, 1, 76, 296.29 W, 1350 MHz, 1512 MHz, 100 %, 77633 MiB
2026/09/14 11:22:06.823, 0, 47, 48.14 W, 210 MHz, 1512 MHz, 0 %, 0 MiB
2026/09/14 11:22:06.823, 1, 71, 96.17 W, 1410 MHz, 1512 MHz, 0 %, 77633 MiB
2026/09/14 11:22:11.823, 0, 46, 48.04 W, 210 MHz, 1512 MHz, 0 %, 0 MiB
2026/09/14 11:22:11.824, 1, 69, 93.35 W, 1410 MHz, 1512 MHz, 0 %, 77633 MiB
2026/09/14 11:22:16.824, 0, 46, 47.85 W, 210 MHz, 1512 MHz, 0 %, 0 MiB
2026/09/14 11:22:16.824, 1, 67, 91.61 W, 1410 MHz, 1512 MHz, 0 %, 77633 MiB
2026/09/14 11:22:21.825, 0, 46, 47.85 W, 210 MHz, 1512 MHz, 0 %, 0 MiB
2026/09/14 11:22:21.825, 1, 65, 89.66 W, 1410 MHz, 1512 MHz, 0 %, 77633 MiB
2026/09/14 11:22:26.825, 0, 46, 47.75 W, 210 MHz, 1512 MHz, 0 %, 0 MiB
2026/09/14 11:22:26.826, 1, 64, 88.17 W, 1410 MHz, 1512 MHz, 0 %, 77633 MiB
2026/09/14 11:22:31.826, 0, 46, 47.66 W, 210 MHz, 1512 MHz, 0 %, 0 MiB
2026/09/14 11:22:31.826, 1, 63, 86.65 W, 1410 MHz, 1512 MHz, 0 %, 77633 MiB
2026/09/14 11:22:36.827, 0, 45, 47.66 W, 210 MHz, 1512 MHz, 0 %, 0 MiB
2026/09/14 11:22:36.827, 1, 62, 84.79 W, 1410 MHz, 1512 MHz, 0 %, 77633 MiB
2026/09/14 11:22:41.827, 0, 45, 47.66 W, 210 MHz, 1512 MHz, 0 %, 0 MiB
2026/09/14 11:22:41.827, 1, 61, 83.80 W, 1410 MHz, 1512 MHz, 0 %, 77633 MiB
2026/09/14 11:22:46.828, 0, 45, 47.66 W, 210 MHz, 1512 MHz, 0 %, 0 MiB
2026/09/14 11:22:46.828, 1, 61, 84.11 W, 1410 MHz, 1512 MHz, 0 %, 77633 MiB
2026/09/14 11:22:51.828, 0, 45, 47.66 W, 210 MHz, 1512 MHz, 0 %, 0 MiB
2026/09/14 11:22:51.829, 1, 60, 83.04 W, 1410 MHz, 1512 MHz, 0 %, 77633 MiB
2026/09/14 11:22:56.829, 0, 45, 47.86 W, 210 MHz, 1512 MHz, 0 %, 0 MiB
2026/09/14 11:22:56.829, 1, 60, 82.53 W, 1410 MHz, 1512 MHz, 0 %, 77633 MiB
2026/09/14 11:23:01.830, 0, 46, 47.76 W, 210 MHz, 1512 MHz, 0 %, 0 MiB
2026/09/14 11:23:01.830, 1, 59, 82.04 W, 1410 MHz, 1512 MHz, 0 %, 77633 MiB
2026/09/14 11:23:06.830, 0, 46, 47.86 W, 210 MHz, 1512 MHz, 0 %, 0 MiB
2026/09/14 11:23:06.830, 1, 59, 82.94 W, 1410 MHz, 1512 MHz, 0 %, 77633 MiB
2026/09/14 11:23:11.831, 0, 46, 47.86 W, 210 MHz, 1512 MHz, 0 %, 0 MiB
2026/09/14 11:23:11.831, 1, 59, 82.54 W, 1410 MHz, 1512 MHz, 0 %, 77633 MiB
2026/09/14 11:23:16.831, 0, 46, 47.85 W, 210 MHz, 1512 MHz, 0 %, 0 MiB
2026/09/14 11:23:16.832, 1, 59, 81.95 W, 1410 MHz, 1512 MHz, 0 %, 77633 MiB
2026/09/14 11:23:21.832, 0, 46, 48.34 W, 210 MHz, 1512 MHz, 0 %, 0 MiB
2026/09/14 11:23:21.832, 1, 59, 81.95 W, 1410 MHz, 1512 MHz, 0 %, 77633 MiB
2026/09/14 11:23:26.833, 0, 46, 48.34 W, 210 MHz, 1512 MHz, 0 %, 0 MiB
2026/09/14 11:23:26.833, 1, 59, 82.24 W, 1410 MHz, 1512 MHz, 0 %, 77633 MiB
2026/09/14 11:23:31.833, 0, 46, 48.05 W, 210 MHz, 1512 MHz, 0 %, 0 MiB
2026/09/14 11:23:31.834, 1, 59, 82.84 W, 1410 MHz, 1512 MHz, 0 %, 77633 MiB
2026/09/14 11:23:36.834, 0, 47, 48.05 W, 210 MHz, 1512 MHz, 0 %, 0 MiB
2026/09/14 11:23:36.834, 1, 59, 83.42 W, 1410 MHz, 1512 MHz, 0 %, 77633 MiB
2026/09/14 11:23:41.835, 0, 47, 48.15 W, 210 MHz, 1512 MHz, 0 %, 0 MiB
2026/09/14 11:23:41.835, 1, 59, 82.64 W, 1410 MHz, 1512 MHz, 0 %, 77633 MiB
2026/09/14 11:23:46.835, 0, 47, 48.23 W, 210 MHz, 1512 MHz, 0 %, 0 MiB
2026/09/14 11:23:46.836, 1, 59, 81.49 W, 1410 MHz, 1512 MHz, 0 %, 77633 MiB
2026/09/14 11:23:51.836, 0, 47, 48.25 W, 210 MHz, 1512 MHz, 0 %, 0 MiB
2026/09/14 11:23:51.836, 1, 58, 81.18 W, 1410 MHz, 1512 MHz, 0 %, 77633 MiB
2026/09/14 11:23:56.837, 0, 47, 48.63 W, 210 MHz, 1512 MHz, 0 %, 0 MiB
2026/09/14 11:23:56.837, 1, 58, 82.04 W, 1410 MHz, 1512 MHz, 0 %, 77633 MiB
2026/09/14 11:24:01.837, 0, 47, 48.52 W, 210 MHz, 1512 MHz, 0 %, 0 MiB
2026/09/14 11:24:01.837, 1, 62, 303.88 W, 1380 MHz, 1512 MHz, 100 %, 77633 MiB
2026/09/14 11:24:06.838, 0, 47, 48.83 W, 210 MHz, 1512 MHz, 0 %, 0 MiB
2026/09/14 11:24:06.838, 1, 60, 83.33 W, 1410 MHz, 1512 MHz, 0 %, 77633 MiB
2026/09/14 11:24:11.839, 0, 47, 48.43 W, 210 MHz, 1512 MHz, 0 %, 0 MiB
2026/09/14 11:24:11.839, 1, 60, 86.07 W, 1410 MHz, 1512 MHz, 100 %, 425 MiB
2026/09/14 11:24:16.839, 0, 47, 48.54 W, 210 MHz, 1512 MHz, 0 %, 0 MiB
2026/09/14 11:24:16.839, 1, 59, 54.11 W, 210 MHz, 1512 MHz, 0 %, 0 MiB
2026/09/14 11:24:21.840, 0, 48, 48.43 W, 210 MHz, 1512 MHz, 0 %, 0 MiB
2026/09/14 11:24:21.840, 1, 58, 53.64 W, 210 MHz, 1512 MHz, 0 %, 0 MiB
2026/09/14 11:24:26.840, 0, 48, 48.54 W, 210 MHz, 1512 MHz, 0 %, 0 MiB
2026/09/14 11:24:26.841, 1, 58, 53.84 W, 210 MHz, 1512 MHz, 0 %, 0 MiB
2026/09/14 11:24:31.841, 0, 48, 48.54 W, 210 MHz, 1512 MHz, 0 %, 0 MiB
2026/09/14 11:24:31.841, 1, 58, 53.64 W, 210 MHz, 1512 MHz, 0 %, 0 MiB
2026/09/14 11:24:36.842, 0, 48, 48.54 W, 210 MHz, 1512 MHz, 0 %, 0 MiB
2026/09/14 11:24:36.842, 1, 57, 53.45 W, 210 MHz, 1512 MHz, 0 %, 4 MiB
2026/09/14 11:24:41.842, 0, 48, 48.55 W, 210 MHz, 1512 MHz, 0 %, 0 MiB
2026/09/14 11:24:41.843, 1, 57, 53.16 W, 210 MHz, 1512 MHz, 0 %, 4 MiB
2026/09/14 11:24:46.843, 0, 48, 48.63 W, 210 MHz, 1512 MHz, 0 %, 0 MiB
2026/09/14 11:24:46.843, 1, 56, 52.95 W, 210 MHz, 1512 MHz, 0 %, 4 MiB
2026/09/14 11:24:51.844, 0, 48, 49.12 W, 210 MHz, 1512 MHz, 0 %, 0 MiB
2026/09/14 11:24:51.844, 1, 56, 52.76 W, 210 MHz, 1512 MHz, 0 %, 4 MiB
2026/09/14 11:24:56.844, 0, 48, 49.11 W, 210 MHz, 1512 MHz, 0 %, 0 MiB
2026/09/14 11:24:56.844, 1, 56, 52.66 W, 210 MHz, 1512 MHz, 0 %, 4 MiB
2026/09/14 11:25:01.845, 0, 48, 48.73 W, 210 MHz, 1512 MHz, 0 %, 0 MiB
2026/09/14 11:25:01.845, 1, 56, 79.41 W, 1410 MHz, 1512 MHz, 19 %, 68189 MiB
2026/09/14 11:25:06.846, 0, 48, 48.93 W, 210 MHz, 1512 MHz, 0 %, 0 MiB
2026/09/14 11:25:06.846, 1, 56, 78.62 W, 1410 MHz, 1512 MHz, 14 %, 68189 MiB
2026/09/14 11:25:11.846, 0, 48, 48.84 W, 210 MHz, 1512 MHz, 0 %, 0 MiB
2026/09/14 11:25:11.846, 1, 56, 79.51 W, 1410 MHz, 1512 MHz, 16 %, 68189 MiB
